model,question_id,exact_match_mean,exact_match_median,exact_match_std,exact_match_min,exact_match_max,normalized_exact_match_mean,normalized_exact_match_median,normalized_exact_match_std,normalized_exact_match_min,normalized_exact_match_max,token_f1_mean,token_f1_median,token_f1_std,token_f1_min,token_f1_max,string_similarity_mean,string_similarity_median,string_similarity_std,string_similarity_min,string_similarity_max,bleu_mean,bleu_median,bleu_std,bleu_min,bleu_max,rouge_l_mean,rouge_l_median,rouge_l_std,rouge_l_min,rouge_l_max,bertscore_precision_mean,bertscore_precision_median,bertscore_precision_std,bertscore_precision_min,bertscore_precision_max,bertscore_recall_mean,bertscore_recall_median,bertscore_recall_std,bertscore_recall_min,bertscore_recall_max,bertscore_f1_mean,bertscore_f1_median,bertscore_f1_std,bertscore_f1_min,bertscore_f1_max,judge_score_mean,judge_score_median,judge_score_std,judge_score_min,judge_score_max,n_runs,unique_responses,unique_normalized_responses,avg_response_length,response_uniqueness_rate,normalized_response_uniqueness_rate,modal_normalized_response_count,normalized_self_agreement_rate,semantic_self_similarity_mean,semantic_self_similarity_std,n_semantic_pairs
gemma3:12b,q110,0.0,0.0,0.0,0.0,0.0,0.0,0.0,0.0,0.0,0.0,0.1698058551603437,0.16981132075471697,0.03212794139381337,0.10619469026548672,0.21487603305785127,0.019901900959212113,0.021086794594402866,0.0036136448839104713,0.014778325123152709,0.02346041055718475,0.0072304888341753765,0.007826005814435828,0.0018496791183146273,0.0036867058447033006,0.009318984412074611,0.09171671860535238,0.09302526825891312,0.009809651750843649,0.07079646017699115,0.10810810810810811,0.8505886793136597,0.8507029414176941,0.005066059404222826,0.8401311039924622,0.8584311008453369,0.8695649623870849,0.8691110908985138,0.0015708591222209456,0.8681144714355469,0.872978925704956,0.8599650382995605,0.8593525290489197,0.002778549861102936,0.8550663590431213,0.8645372986793518,0.99,1.0,0.02108185106778922,0.95,1.0,10,10,10,522.0,1.0,1.0,1,0.1,0.9499028099907769,0.027562101907408473,45
gemma3:12b,q133,0.0,0.0,0.0,0.0,0.0,0.0,0.0,0.0,0.0,0.0,0.0,0.0,0.0,0.0,0.0,0.04675704597015744,0.04731017904509284,0.001950615411520351,0.041343669250646,0.04774535809018567,0.0,0.0,0.0,0.0,0.0,0.0,0.0,0.0,0.0,0.0,0.7552221298217774,0.7552920579910278,0.0011195469198327164,0.7544028162956238,0.7581497430801392,0.7826427280902862,0.7824456691741943,0.0012639926155718019,0.7820034027099609,0.7861853241920471,0.7686879217624665,0.7686291337013245,0.0011816518903090445,0.7679551243782043,0.7719130516052246,0.1,0.0,0.31622776601683794,0.0,1.0,10,3,3,374.9,0.3,0.3,5,0.5,0.9924352433946397,0.013306695767006774,45
gemma3:12b,q134,0.0,0.0,0.0,0.0,0.0,0.0,0.0,0.0,0.0,0.0,0.3215270785659802,0.3239130434782609,0.027893077725473343,0.28947368421052627,0.34782608695652173,0.168965813268053,0.1715315934065934,0.010084923240149085,0.15384615384615385,0.1778846153846154,0.1046257840174331,0.1061617941081697,0.010021716855149172,0.0917000838262266,0.11388142796198997,0.18074599542334097,0.17391304347826086,0.03277589352295207,0.15,0.24,0.8636747002601624,0.8658160865306854,0.005581061719239943,0.8559026718139648,0.8683546781539917,0.9164750337600708,0.9172619581222534,0.006405331473239537,0.9082614779472351,0.9224071502685547,0.8892874479293823,0.8898817598819733,0.005610408134382493,0.8831160664558411,0.8945651650428772,0.9857142857142858,1.0,0.02439750182371336,0.95,1.0,10,5,5,331.0,0.5,0.5,5,0.5,0.958480872048272,0.02646139184883245,45
gemma3:12b,q137,0.0,0.0,0.0,0.0,0.0,0.0,0.0,0.0,0.0,0.0,0.15293722537274773,0.15492957746478875,0.008270915138683917,0.12949640287769784,0.15714285714285714,0.04255069148389194,0.04274465691788527,0.0007555057260377686,0.04104903078677309,0.04323094425483504,0.012636496947605097,0.016132673522510122,0.005729795092458157,0.004248878097239752,0.016349267940007645,0.09771610221562037,0.09859154929577466,0.004029186374282785,0.08633093525179857,0.1,0.8437448441982269,0.8437799215316772,0.0005473681177347046,0.8423845767974854,0.8443270325660706,0.8663108348846436,0.8671464323997498,0.0016164433184175716,0.862860918045044,0.8674740195274353,0.8548785805702209,0.8553474545478821,0.001040682762902893,0.852499783039093,0.8557440638542175,0.7666666666666666,0.95,0.3175426480542941,0.4,0.95,10,6,6,548.4,0.6,0.6,3,0.3,0.9917527238527933,0.007520002913539489,45
gemma3:12b,q166,0.0,0.0,0.0,0.0,0.0,0.0,0.0,0.0,0.0,0.0,0.11603601944775921,0.12371134020618557,0.014761639394290028,0.07692307692307693,0.12631578947368421,0.2595609686385292,0.26463893630900337,0.03302144777250631,0.17453505007153075,0.28929068150208626,0.008397330518178162,0.008987052822035917,0.0009614160449596138,0.006169197040606362,0.009270196054984463,0.07799837193953177,0.08247422680412371,0.007988238471457186,0.057692307692307696,0.08421052631578947,0.8217450618743897,0.8220657110214233,0.0018892139896199214,0.8170062303543091,0.823631763458252,0.8247664630413055,0.8246750831604004,0.0025572451341286657,0.8194227814674377,0.828231692314148,0.8232496798038482,0.8238103687763214,0.0014259002811394912,0.8203094601631165,0.8249929547309875,0.9549999999999998,0.95,0.02838231060987733,0.9,1.0,10,9,9,511.7,0.9,0.9,2,0.2,0.9733533978462219,0.018111185826245036,45
gemma3:12b,q177,0.0,0.0,0.0,0.0,0.0,0.0,0.0,0.0,0.0,0.0,0.07890411349413373,0.075,0.01359984303869471,0.06976744186046512,0.11627906976744186,0.13191968990321112,0.13333333333333333,0.007257358622700683,0.12040133779264214,0.14429530201342283,0.006486211102219754,0.0063548059933432955,0.0006077131937530322,0.005821399139564006,0.007865875418572421,0.07425295070343606,0.075,0.0038709722457784235,0.06976744186046512,0.08108108108108109,0.833893209695816,0.834004133939743,0.003015896291326292,0.828657865524292,0.8374453186988831,0.8851599514484405,0.8863986730575562,0.004211010187106795,0.8757947087287903,0.8886846303939819,0.8587602257728577,0.859326034784317,0.0033608711976013143,0.8532136082649231,0.8622624278068542,0.765,0.9,0.28289181285038595,0.2,1.0,10,9,9,490.1,0.9,0.9,2,0.2,0.9477904690636529,0.02558775638592855,45
gemma3:12b,q212,0.0,0.0,0.0,0.0,0.0,0.0,0.0,0.0,0.0,0.0,0.16399890133993458,0.16418824839877472,0.013530019281493394,0.14285714285714285,0.1897810218978102,0.03867457432855933,0.03592814371257485,0.006406929042826844,0.033936651583710405,0.050697084917617236,0.006160206385782763,0.006935847292767424,0.0014264728206735517,0.004022785156277046,0.007180258968612072,0.11782633450892543,0.11940963519910888,0.010060474102886213,0.1,0.13138686131386862,0.8597740471363068,0.8600241541862488,0.0017837374002154839,0.8575711846351624,0.8619444370269775,0.8537980794906617,0.8530886173248291,0.0021057302232766356,0.851628303527832,0.8581369519233704,0.8567746162414551,0.8561082482337952,0.0016899974267624378,0.8553240299224854,0.8599689602851868,0.9349999999999999,1.0,0.1564360004034309,0.5,1.0,10,6,6,414.4,0.6,0.6,3,0.3,0.976299171977573,0.015066246716865444,45
gemma3:12b,q213,0.0,0.0,0.0,0.0,0.0,0.0,0.0,0.0,0.0,0.0,0.23550555063055087,0.2330097087378641,0.0068963692223386434,0.22857142857142856,0.25,0.24966407235817764,0.24875940156965337,0.004318582587138933,0.24444444444444444,0.25882352941176473,0.009995254686833658,0.010126528266541576,0.00039968316326874386,0.00891717333923273,0.010398441821381964,0.15638686442617275,0.1553398058252427,0.006197214703996684,0.1509433962264151,0.17307692307692307,0.8591788947582245,0.85943403840065,0.0018947767863116503,0.8540523052215576,0.8611819744110107,0.9184514462947846,0.918485164642334,0.0014267206520519422,0.9161164164543152,0.9199211597442627,0.8878261327743531,0.8882984519004822,0.0014280221386943402,0.884208619594574,0.8890845775604248,1.0,1.0,0.0,1.0,1.0,10,7,7,566.9,0.7,0.7,3,0.3,0.9875728434986538,0.006767435614573153,45
gemma3:12b,q236,0.0,0.0,0.0,0.0,0.0,0.0,0.0,0.0,0.0,0.0,0.052936902082385606,0.06191489361702128,0.0192907206874249,0.02040816326530612,0.06818181818181819,0.17233168108320063,0.17684547336721249,0.014135875886458453,0.14933333333333335,0.1908831908831909,0.004362743809028439,0.005051742081517069,0.0015290339446073465,0.0021298668832422764,0.00566295654113955,0.052936902082385606,0.06191489361702128,0.0192907206874249,0.02040816326530612,0.06818181818181819,0.8135748147964478,0.8148074746131897,0.00608731345621968,0.8052438497543335,0.8209864497184753,0.8613676726818085,0.8655999004840851,0.010456416210782781,0.8458633422851562,0.8703334331512451,0.8367810070514679,0.8400115072727203,0.007911133853742962,0.8255249857902527,0.844304621219635,0.975,1.0,0.03535533905932738,0.9,1.0,10,9,9,610.0,0.9,0.9,2,0.2,0.9482479532559712,0.020011284945888816,45
gemma3:12b,q245,0.0,0.0,0.0,0.0,0.0,0.0,0.0,0.0,0.0,0.0,0.2616275254577453,0.2542372881355932,0.020583330085785105,0.24561403508771928,0.3076923076923077,0.2729194715317177,0.2744365969625629,0.018641206677923572,0.2440318302387268,0.3050314465408805,0.010269727159137576,0.009501563301121164,0.0014281244473857866,0.00925538562319334,0.013308561809919003,0.1863865328225537,0.1864406779661017,0.006030414612794682,0.17543859649122806,0.1978021978021978,0.8330256760120391,0.8295026421546936,0.008210520844210204,0.8251262903213501,0.8484081625938416,0.8484143197536469,0.8482672572135925,0.0026543672029148992,0.8453050851821899,0.8521939516067505,0.84063880443573,0.8387217819690704,0.005277620757917291,0.8357304930686951,0.8491652011871338,0.97,1.0,0.04216370213557836,0.9,1.0,10,9,8,530.0,0.9,0.8,3,0.3,0.9510682649082608,0.022999409543871297,45
gemma3:12b,q250,0.0,0.0,0.0,0.0,0.0,0.0,0.0,0.0,0.0,0.0,0.28490946922175786,0.2790758047767394,0.018723911918836295,0.2702702702702703,0.3225806451612903,0.061666769694258106,0.062063683116314695,0.005029381554410309,0.0561941251596424,0.07248764415156507,0.010136576030396707,0.010070319017053691,0.0011173594258954947,0.00900824014917641,0.012440563176246486,0.18334885886398197,0.18354803401532374,0.014940144661654348,0.16666666666666666,0.21505376344086022,0.8634215295314789,0.8634426891803741,0.0052659097516142075,0.8578091263771057,0.8747513890266418,0.8978815913200379,0.8979062736034393,0.000881280019877097,0.8969467878341675,0.8994032144546509,0.8803065240383148,0.8804301917552948,0.0026948138345652566,0.8776381611824036,0.8865527510643005,0.99,1.0,0.021081851067789214,0.95,1.0,10,6,6,538.3,0.6,0.6,3,0.3,0.9765789628028869,0.013792702371077124,45
gemma3:12b,q251,0.0,0.0,0.0,0.0,0.0,0.0,0.0,0.0,0.0,0.0,0.2055245593143092,0.20481715893108293,0.015957203296280857,0.189873417721519,0.23170731707317072,0.03261094600174237,0.03246262740426639,0.001779687464267004,0.031061259706643658,0.03677221654749745,0.008896093546224516,0.009173700974930664,0.0008283179889938078,0.0071690389428406215,0.009636035773848042,0.11577296893623949,0.11793763507255325,0.010639134248191814,0.09722222222222221,0.12658227848101264,0.8392089605331421,0.8405430912971497,0.002399046331855492,0.8362950086593628,0.8427953720092773,0.82901052236557,0.8294955492019653,0.001984327095978309,0.8248015642166138,0.8314882516860962,0.8340762257575989,0.8339457809925079,0.0016371774228142201,0.8317635655403137,0.8371036052703857,0.86,0.95,0.30532314393478627,0.0,1.0,10,6,6,545.6,0.6,0.6,3,0.3,0.9822229319148593,0.011238120579404555,45
gemma3:12b,q257,0.0,0.0,0.0,0.0,0.0,0.0,0.0,0.0,0.0,0.0,0.19560392701201584,0.18745098039215685,0.0295710367786391,0.1647058823529412,0.24657534246575347,0.1994611981923612,0.1923307727529983,0.03397138656662288,0.1482758620689655,0.25594149908592323,0.005079573511331999,0.00465596217613047,0.001405136425176423,0.00412559071039474,0.008792073298921142,0.10732293438636638,0.10884857460199926,0.012105505286970962,0.0898876404494382,0.12987012987012986,0.8404949724674224,0.8387029469013214,0.00454766104588216,0.835608720779419,0.8461118936538696,0.9027706205844879,0.9035062491893768,0.0027162782245263957,0.8991978168487549,0.9057377576828003,0.8705153167247772,0.8687194585800171,0.003137170365485292,0.867436408996582,0.8747902512550354,0.99,1.0,0.02108185106778922,0.95,1.0,10,8,8,482.6,0.8,0.8,2,0.2,0.9462485671043396,0.02156391888709141,45
gemma3:12b,q258,0.0,0.0,0.0,0.0,0.0,0.0,0.0,0.0,0.0,0.0,0.12683087382715555,0.1274661508704062,0.019428823773244303,0.08791208791208792,0.15053763440860213,0.15019100693251447,0.13909452928328964,0.043948499554069556,0.08182912154031288,0.20618556701030927,0.004318527183400309,0.0035686642245597215,0.0025889382049479226,0.003127263705642319,0.01165552482184204,0.094718628701599,0.09015594541910331,0.01746432252369467,0.06593406593406594,0.12903225806451613,0.8299994051456452,0.828262597322464,0.005025614998018698,0.8233563303947449,0.8372400999069214,0.8338258504867554,0.8329607248306274,0.004293850285858727,0.8285959362983704,0.8417128920555115,0.8319048523902893,0.8304494619369507,0.004330280019026149,0.8259677886962891,0.8378589749336243,0.02,0.0,0.04216370213557839,0.0,0.1,10,10,10,624.1,1.0,1.0,1,0.1,0.9353981627358331,0.015936216311166266,45
gemma3:12b,q282,0.0,0.0,0.0,0.0,0.0,0.0,0.0,0.0,0.0,0.0,0.1846567805363339,0.1842592592592593,0.012933962909421148,0.17094017094017094,0.2127659574468085,0.17009002039423046,0.16611798651185428,0.014794204323306246,0.16010165184243966,0.21,0.014459810404854837,0.013969375066385698,0.0013040462465552217,0.01354667850089761,0.017907840960549988,0.1169469589405004,0.11816239316239316,0.01086701782878215,0.10344827586206896,0.13559322033898308,0.827463012933731,0.8257921636104584,0.006231093061688622,0.8228709697723389,0.8443304300308228,0.9166210412979126,0.9164024889469147,0.0015475100567848693,0.9136943817138672,0.9196821451187134,0.8697549939155579,0.8687092661857605,0.003936333471557018,0.8665144443511963,0.8803969025611877,0.9800000000000001,1.0,0.025819888974716168,0.95,1.0,10,10,10,657.2,1.0,1.0,1,0.1,0.9682232883241442,0.011252195871409536,45
gemma3:12b,q287,0.0,0.0,0.0,0.0,0.0,0.0,0.0,0.0,0.0,0.0,0.1272579701962246,0.1255832662912309,0.01980417777211252,0.09174311926605504,0.15841584158415842,0.16330728210547724,0.1472710818003423,0.03606565095426773,0.1309823677581864,0.2349799732977303,0.003934631519858661,0.0036867058447033006,0.0011367265852781675,0.0032235056715354577,0.007095584130806349,0.0952174190609246,0.09527266128300517,0.015988649834256123,0.07272727272727272,0.1212121212121212,0.8188035130500794,0.8174025416374207,0.006051398753633749,0.8114789724349976,0.8283707499504089,0.8492183148860931,0.8485532701015472,0.0020059672293681794,0.8472673296928406,0.8537953495979309,0.8337231397628784,0.8330146670341492,0.0033872307267316117,0.8299869894981384,0.8387554287910461,0.0,0.0,0.0,0.0,0.0,10,10,10,608.6,1.0,1.0,1,0.1,0.913414204120636,0.016880559939397105,45
gemma3:12b,q290,0.0,0.0,0.0,0.0,0.0,0.0,0.0,0.0,0.0,0.0,0.1462293657320758,0.13873626373626374,0.024463337652345186,0.1188118811881188,0.18867924528301885,0.1226908343460674,0.12321018062397374,0.005086780988350712,0.110397946084724,0.12855007473841554,0.004127727906407778,0.004103363736257965,0.00025607800450174297,0.0035494231076641535,0.00448518185057412,0.09673656738326238,0.10363247863247863,0.020115901798246603,0.06122448979591836,0.11538461538461539,0.8341872155666351,0.8354020714759827,0.005403462381468536,0.8206424713134766,0.8403657674789429,0.8757780909538269,0.8778124451637268,0.0042099537877994635,0.8672455549240112,0.8788923621177673,0.8544666945934296,0.855803906917572,0.0037983764413877692,0.8466631174087524,0.8591956496238708,0.9650000000000001,0.95,0.03374742788552768,0.9,1.0,10,9,9,541.2,0.9,0.9,2,0.2,0.9642903380923801,0.02148153303825572,45
gemma3:12b,q295,0.0,0.0,0.0,0.0,0.0,0.0,0.0,0.0,0.0,0.0,0.03973211926279946,0.04081632653061224,0.0014634441733760903,0.03773584905660377,0.04081632653061224,0.09096989677388204,0.08849557522123894,0.0078232496432956,0.08174386920980926,0.10526315789473684,0.0037981907692920995,0.0039094870602888725,0.00015018160791989614,0.003593400513595791,0.0039094870602888725,0.03973211926279946,0.04081632653061224,0.0014634441733760903,0.03773584905660377,0.04081632653061224,0.7799130320549011,0.7811184525489807,0.0015928136704729005,0.7777411937713623,0.7811184525489807,0.8293526530265808,0.8301659822463989,0.0010552037292666963,0.8279831409454346,0.8301659822463989,0.8038732469081878,0.8048956394195557,0.0013390164873125364,0.8020761609077454,0.8048956394195557,1.0,1.0,0.0,1.0,1.0,10,4,4,335.4,0.4,0.4,6,0.6,0.987963424788581,0.009691826367963759,45
gemma3:12b,q319,0.0,0.0,0.0,0.0,0.0,0.0,0.0,0.0,0.0,0.0,0.20461743875983912,0.20689655172413793,0.011940582930728957,0.18181818181818182,0.21621621621621623,0.10085391058842061,0.09975822313439217,0.0030996434085086683,0.0963855421686747,0.10443864229765012,0.009176023563314997,0.009032257441866963,0.00038709057300888127,0.008615520006058055,0.009655315159686774,0.14504915720475936,0.14414414414414417,0.010326379095319716,0.1272727272727273,0.16216216216216214,0.8440144658088684,0.8427262008190155,0.00506288006669806,0.8370150327682495,0.8501941561698914,0.8462568521499634,0.8469022810459137,0.0018471271284644709,0.8414943218231201,0.8478738069534302,0.8451273441314697,0.8436965346336365,0.0028578386694131375,0.8418739438056946,0.8486426472663879,0.885,0.9,0.057975090436420296,0.8,1.0,10,9,8,540.8,0.9,0.8,3,0.3,0.978538629743788,0.012525647914657989,45
gemma3:12b,q328,0.0,0.0,0.0,0.0,0.0,0.0,0.0,0.0,0.0,0.0,0.19411086620518617,0.1818181818181818,0.03425683636173242,0.15384615384615385,0.25,0.2577051621318288,0.26345490487814627,0.03243817831747707,0.18,0.2930513595166163,0.008580682920766265,0.007496838651774612,0.0022311703616431644,0.00669034204596002,0.01391004452078366,0.1189559094573425,0.11940594059405941,0.017525810487115302,0.09615384615384615,0.14583333333333331,0.8543491542339325,0.8544636070728302,0.005244147330000762,0.8449252247810364,0.8617699146270752,0.8717918515205383,0.8687704801559448,0.008630299047929198,0.8588016629219055,0.8861526250839233,0.8629634797573089,0.8627730309963226,0.005667009453278107,0.8536943197250366,0.8710895776748657,0.58125,0.6,0.21370456910684632,0.3,0.9,10,10,10,585.1,1.0,1.0,1,0.1,0.9317365447680156,0.020779526814632715,45
gemma3:12b,q335,0.0,0.0,0.0,0.0,0.0,0.0,0.0,0.0,0.0,0.0,0.18583777323898878,0.1862924156493319,0.009179189960580564,0.1722488038277512,0.19704433497536944,0.023681196405577604,0.02101503829326483,0.009052644716392312,0.014184397163120567,0.03741007194244604,0.0029825336084231035,0.002333772494016822,0.0009252104246159885,0.002227099888840448,0.004145690878316486,0.11677939129683415,0.11736011477761837,0.012529015300961531,0.09615384615384615,0.13658536585365855,0.8523329973220826,0.8523619771003723,0.0015755546733794415,0.8494760394096375,0.8545588254928589,0.8105581223964691,0.8104170262813568,0.002018027550515354,0.8068547248840332,0.8131023645401001,0.8309194028377533,0.8305121660232544,0.0014240846966494256,0.8293318748474121,0.8331891298294067,0.17,0.2,0.048304589153964794,0.1,0.2,10,9,9,562.7,0.9,0.9,2,0.2,0.9396311627493964,0.02015544157771846,45
gemma3:12b,q336,0.0,0.0,0.0,0.0,0.0,0.0,0.0,0.0,0.0,0.0,0.2612609418723612,0.2571428571428572,0.015086949978702316,0.24,0.29850746268656714,0.32459581794518166,0.32512160885647945,0.019726128396423345,0.29350104821802936,0.35368421052631577,0.013125889796457495,0.013162056532655116,0.0006319254022557005,0.011953994172857826,0.014385671495255964,0.19877912797772776,0.2,0.006537756021079011,0.18666666666666668,0.20895522388059704,0.8703519165515899,0.870087206363678,0.004440975390909205,0.8635402321815491,0.8791215419769287,0.9208488881587982,0.9209093153476715,0.0031725701998312423,0.9155309796333313,0.9262866973876953,0.8948848187923432,0.8953031301498413,0.0033941462624101724,0.8887759447097778,0.8997846841812134,1.0,1.0,0.0,1.0,1.0,10,10,10,373.8,1.0,1.0,1,0.1,0.9535414391093784,0.022989702864123173,45
gemma3:12b,q337,0.0,0.0,0.0,0.0,0.0,0.0,0.0,0.0,0.0,0.0,0.13719939455376115,0.13333333333333336,0.008211467719748112,0.12903225806451613,0.15217391304347827,0.09970587495560909,0.09166666666666666,0.01823446251832307,0.08827238335435057,0.13424657534246576,0.009136489375109275,0.009270196054984463,0.0003538299150533152,0.008211540704914085,0.009340153027626816,0.11753803711366928,0.1111111111111111,0.008908324133291243,0.1111111111111111,0.13043478260869565,0.8006457805633544,0.8025768399238586,0.0030907118750125484,0.7934038043022156,0.8027311563491821,0.7713229477405548,0.7735942006111145,0.004567427458820698,0.7625865340232849,0.7769150733947754,0.7857079088687897,0.7877175211906433,0.0035976661228133175,0.7776899933815002,0.7878934144973755,0.32,0.3,0.07888106377466154,0.2,0.4,10,5,5,497.5,0.5,0.5,5,0.5,0.9715638756752014,0.026162270819769618,45
gemma3:12b,q354,0.0,0.0,0.0,0.0,0.0,0.0,0.0,0.0,0.0,0.0,0.16810385327321997,0.16494845360824742,0.006391151674231438,0.1616161616161616,0.17777777777777778,0.19219324367623652,0.18878787878787878,0.00843591164819512,0.18394160583941604,0.20588235294117646,0.007750152661553355,0.007544630983144272,0.0004125930889732079,0.007336453014542814,0.008376567729140041,0.11365454174364335,0.10649144669763226,0.013627096512188679,0.101010101010101,0.13333333333333336,0.8380698084831237,0.8373060822486877,0.003812267834831477,0.8331899642944336,0.8438827395439148,0.8665984272956848,0.8663913607597351,0.0010861734663302745,0.86515873670578,0.8684384822845459,0.8520928204059601,0.8514699935913086,0.0024038132141131394,0.8488734364509583,0.8559845089912415,0.7666666666666667,0.75,0.125,0.6,0.9,10,8,8,503.0,0.8,0.8,2,0.2,0.9811477594905429,0.00985975764617406,45
gemma3:12b,q356,0.0,0.0,0.0,0.0,0.0,0.0,0.0,0.0,0.0,0.0,0.21560476219676486,0.21476510067114093,0.011589170908601856,0.19230769230769232,0.22818791946308725,0.056148762886463775,0.0567690708815558,0.007440788316240441,0.04678362573099415,0.0641925777331996,0.009918538843289602,0.009774112213790695,0.0004421021491219203,0.009552138534197946,0.010741371745373707,0.14335264937425213,0.14667318547490998,0.006373428436516789,0.12820512820512822,0.1476510067114094,0.8521201014518738,0.8530701398849487,0.002512234660882009,0.8478094339370728,0.8548314571380615,0.8525510311126709,0.8524504899978638,0.0003240651772139565,0.8522982001304626,0.8533802628517151,0.8523336172103881,0.8527939319610596,0.0011928329994263136,0.8505856990814209,0.8536077737808228,0.43,0.4,0.21628170930011115,0.2,0.9,10,7,7,513.8,0.7,0.7,2,0.2,0.9712115102344089,0.01771247840257855,45
gemma3:12b,q397,0.0,0.0,0.0,0.0,0.0,0.0,0.0,0.0,0.0,0.0,0.07456062491992224,0.06741573033707865,0.01969488338533692,0.06315789473684211,0.125,0.16892533187153344,0.16651160766263512,0.03417788144470902,0.1046831955922865,0.23565891472868217,0.003363343130540782,0.00329814562811282,0.00039361476983917963,0.003004926757200381,0.00439603664946057,0.07206062491992224,0.06741573033707865,0.013044910161328966,0.06315789473684211,0.09999999999999999,0.8474415242671967,0.8469235301017761,0.005456214124559351,0.8416411876678467,0.861248254776001,0.8657467663288116,0.8659592866897583,0.002153605133643365,0.8611539006233215,0.8695785999298096,0.8564914703369141,0.8562693893909454,0.003590675438305697,0.8512895703315735,0.8653934001922607,0.475,0.4,0.3370036032024414,0.1,1.0,10,9,9,530.9,0.9,0.9,2,0.2,0.9585781256357829,0.029193443142710447,45
gemma3:12b,q405,0.0,0.0,0.0,0.0,0.0,0.0,0.0,0.0,0.0,0.0,0.16009963027093455,0.15254237288135594,0.014946711591595628,0.15126050420168066,0.1983471074380165,0.053715545407646594,0.053231939163498096,0.0008980536836839598,0.052763819095477386,0.055,0.005906400174359834,0.005091894897311005,0.0017077303741814662,0.005009072254029602,0.0091452728856842,0.1230650433587078,0.11864406779661016,0.0073790514627174375,0.11764705882352941,0.13445378151260504,0.8624507427215576,0.8626677989959717,0.000698070646174334,0.8605773448944092,0.8629136085510254,0.8727853477001191,0.8726828098297119,0.0006238358271259624,0.8722119331359863,0.87440425157547,0.867587149143219,0.867730975151062,0.0005599478141721487,0.8664340376853943,0.8686209321022034,0.9650000000000001,0.95,0.024152294576982425,0.95,1.0,10,5,4,480.2,0.5,0.4,6,0.6,0.9861116952366299,0.02174825960265784,45
gemma3:12b,q410,0.0,0.0,0.0,0.0,0.0,0.0,0.0,0.0,0.0,0.0,0.10630400596733683,0.11189358372456965,0.022535484315122783,0.056338028169014086,0.12987012987012986,0.16415972750687308,0.16278006998485403,0.014884128757955794,0.14516129032258066,0.19134396355353075,0.00631911509192315,0.00686641331331112,0.0014846744198909248,0.0035548168188028837,0.007517522301994743,0.09896474029473783,0.10389610389610389,0.01951714944645349,0.056338028169014086,0.125,0.8227380454540253,0.8225560486316681,0.0033996006532669514,0.8174692392349243,0.8277754783630371,0.8258578598499298,0.8257768452167511,0.0022950388338346763,0.8211429715156555,0.8294429779052734,0.8242937326431274,0.8238093852996826,0.002697234090015778,0.819301962852478,0.8281510472297668,0.95,0.975,0.06666666666666665,0.8,1.0,10,10,10,433.7,1.0,1.0,1,0.1,0.9544095185067919,0.018081273868255972,45
gemma3:12b,q440,0.0,0.0,0.0,0.0,0.0,0.0,0.0,0.0,0.0,0.0,0.09659956906714855,0.09876543209876544,0.008054423118914298,0.07594936708860758,0.10256410256410256,0.218062109698618,0.22110552763819097,0.009839126159607496,0.19063545150501673,0.22448979591836735,0.0037103160425547717,0.0036726108554163872,0.00023234983092294055,0.003467656961323781,0.004295119260690564,0.07105918965038059,0.07407407407407407,0.008610389420377566,0.05063291139240506,0.07692307692307693,0.8193515062332153,0.8191994428634644,0.0026229007029732864,0.8158090114593506,0.8222981691360474,0.8145058512687683,0.8166346848011017,0.004577129312057034,0.8035770654678345,0.817640483379364,0.81691814661026,0.8178057074546814,0.0033161916919549747,0.8099400401115417,0.8198203444480896,1.0,1.0,0.0,1.0,1.0,10,9,9,497.7,0.9,0.9,2,0.2,0.9686513609356351,0.02534931898225985,45
gemma3:12b,q469,0.0,0.0,0.0,0.0,0.0,0.0,0.0,0.0,0.0,0.0,0.17658376185935415,0.17027450980392156,0.019181800173552623,0.15873015873015872,0.22134387351778653,0.025138041958352075,0.02296652820817125,0.004657808325232201,0.02258469259723965,0.034653465346534656,0.0026047635457153604,0.0021635858591618103,0.0009193506818458182,0.001888570970229557,0.0042865007727417755,0.13168025602875297,0.12825702811244982,0.013464695619150528,0.11199999999999999,0.15810276679841898,0.8590034127235413,0.8602709770202637,0.00547358184119601,0.8482226133346558,0.8676789999008179,0.8033930718898773,0.8033701181411743,0.002174512687831103,0.7996248602867126,0.8083736896514893,0.830262815952301,0.830804169178009,0.0033532730821209675,0.8232071995735168,0.8342791795730591,0.775,0.8,0.12076147288491197,0.5,0.9,10,9,9,439.0,0.9,0.9,2,0.2,0.966165750556522,0.015571353189739453,45
gemma3:12b,q478,0.0,0.0,0.0,0.0,0.0,0.0,0.0,0.0,0.0,0.0,0.25478739665531214,0.24742268041237114,0.01256239346896572,0.2417582417582418,0.2696629213483146,0.24198797867935123,0.2426298704612966,0.002816569628880936,0.2383107088989442,0.2453151618398637,0.008537307705302971,0.008472310966117086,0.00048254301357746195,0.008008629943608984,0.009126428539721758,0.1373762114064277,0.1326007326007326,0.015294931976049718,0.12244897959183672,0.15730337078651685,0.8500518500804901,0.8494746387004852,0.004308561040468613,0.8451459407806396,0.8561192750930786,0.8648311972618103,0.8651414215564728,0.0007676213081533028,0.8637814521789551,0.8661503195762634,0.8573717832565307,0.8571295142173767,0.0020096225693265073,0.8550585508346558,0.8607403635978699,0.465,0.4,0.2517163306404872,0.0,0.95,10,8,8,479.5,0.8,0.8,2,0.2,0.9904905094040765,0.005526734326281449,45
gemma3:12b,q500,0.0,0.0,0.0,0.0,0.0,0.0,0.0,0.0,0.0,0.0,0.23473999445407032,0.23479758828596037,0.011966361996808306,0.208,0.2518518518518518,0.051568458174837496,0.052078299541268344,0.0024607046979362546,0.0461361014994233,0.05506883604505632,0.016241937061783403,0.01621337516864489,0.0003871047184956583,0.01564438573854847,0.01682069793471363,0.12505217212634595,0.12403100775193798,0.008597728706035862,0.112,0.13636363636363635,0.8386236310005188,0.838599681854248,0.0025392152384772254,0.8335985541343689,0.8441272974014282,0.841582429409027,0.8415283560752869,0.00036301119938158405,0.8409925699234009,0.8423556685447693,0.8400984168052673,0.8400599360466003,0.0011883009753802637,0.8376201391220093,0.8425570130348206,0.27,0.2,0.1946506842754191,0.0,0.6,10,7,7,574.2,0.7,0.7,3,0.3,0.9702405783865187,0.021722863987777865,45
gemma3:12b,q502,0.0,0.0,0.0,0.0,0.0,0.0,0.0,0.0,0.0,0.0,0.15911472009153105,0.16143822393822393,0.009382059379337592,0.13592233009708737,0.16822429906542055,0.06713988168928307,0.06469190697268903,0.005125107902441025,0.061224489795918366,0.0748829953198128,0.007954886588403867,0.007829980095797738,0.0005761313412582241,0.007160536807148802,0.008792073298921142,0.1376239296777097,0.1414285714285714,0.010669627910858464,0.11650485436893206,0.14953271028037382,0.8320492625236511,0.8315239250659943,0.005213178726451649,0.8254522085189819,0.8403756618499756,0.8325157999992371,0.8324836194515228,0.0010148362472272492,0.8306453227996826,0.8345506191253662,0.8322762906551361,0.8320035040378571,0.002892876388909525,0.8283068537712097,0.836795449256897,0.805,1.0,0.32867579432896754,0.2,1.0,10,10,10,506.6,1.0,1.0,1,0.1,0.9390269133779737,0.022040394350495908,45
gemma3:12b,q529,0.0,0.0,0.0,0.0,0.0,0.0,0.0,0.0,0.0,0.0,0.1262741906312172,0.1298245614035088,0.010085059935711215,0.10309278350515465,0.13636363636363638,0.19777206564872554,0.19281663516068054,0.021947098551656236,0.17770034843205576,0.24242424242424243,0.006397610318428296,0.006788531673776174,0.001113169706589018,0.003431515763161343,0.007226118863353895,0.11300731131170634,0.11111111111111113,0.006455010955394708,0.10309278350515465,0.12121212121212122,0.8228594243526459,0.8241158127784729,0.0036065871502702954,0.8167951107025146,0.8270635604858398,0.853263521194458,0.8528818190097809,0.002301077573041763,0.8504432439804077,0.8592848777770996,0.8377783417701721,0.837921679019928,0.0015777146747397743,0.8352794051170349,0.8402509093284607,0.9800000000000001,1.0,0.025819888974716137,0.95,1.0,10,7,7,459.1,0.7,0.7,3,0.3,0.9659689055548774,0.017074885798257895,45
gemma3:12b,q55,0.0,0.0,0.0,0.0,0.0,0.0,0.0,0.0,0.0,0.0,0.0,0.0,0.0,0.0,0.0,0.038929135339321255,0.04339318018245832,0.007975864307697676,0.024242424242424242,0.04564315352697095,0.0,0.0,0.0,0.0,0.0,0.0,0.0,0.0,0.0,0.0,0.7674734055995941,0.7683252394199371,0.00298799573485633,0.7623244524002075,0.7712438106536865,0.7935463726520539,0.7937571108341217,0.003066790684766615,0.7866173386573792,0.7973380088806152,0.780287367105484,0.7803632020950317,0.0022410776760172758,0.7765740752220154,0.7832615375518799,0.05,0.0,0.15811388300841897,0.0,0.5,10,9,9,473.2,0.9,0.9,2,0.2,0.9535392880439758,0.02351698992958701,45
gemma3:12b,q568,0.0,0.0,0.0,0.0,0.0,0.0,0.0,0.0,0.0,0.0,0.25750827531362364,0.2649006622516556,0.016042872135628147,0.22784810126582278,0.2702702702702703,0.060530397208337236,0.06295970050649637,0.00808796300266736,0.045881126173096975,0.06739130434782609,0.017595461523928494,0.018594939050030276,0.002334662875190739,0.01394242342303045,0.019341819532753577,0.13140314427932837,0.1324503311258278,0.006270580193717492,0.11392405063291139,0.13513513513513514,0.8726782381534577,0.8722049295902252,0.0048414800505250455,0.8611214756965637,0.8776841163635254,0.8555927157402039,0.8550604283809662,0.0030040365025230005,0.8510419130325317,0.8595163822174072,0.8640493810176849,0.8635475933551788,0.003805458505120616,0.856052041053772,0.8685052394866943,0.77,0.8,0.16431676725154984,0.6,0.95,10,6,6,396.1,0.6,0.6,3,0.3,0.9796344704098172,0.010662262675457205,45
gemma3:12b,q575,0.0,0.0,0.0,0.0,0.0,0.0,0.0,0.0,0.0,0.0,0.3212422613626854,0.32986432315757014,0.021373737912744755,0.29739776951672864,0.3405797101449275,0.04431491782759876,0.04642265823968492,0.005785412525631552,0.03763789746917586,0.049681528662420385,0.027085567408044083,0.031181737730871184,0.0060004062044639395,0.019366320554077505,0.03380023880246847,0.1624236984496829,0.1685168054270737,0.01296822851855622,0.14545454545454545,0.17391304347826086,0.8702457308769226,0.870075523853302,0.001354989211209462,0.8680406808853149,0.8736302852630615,0.8313559055328369,0.8309348821640015,0.0014014354256824794,0.8302956819534302,0.8347468376159668,0.8503561198711396,0.8497506380081177,0.001279753960416606,0.8493078351020813,0.8537461161613464,0.48999999999999994,0.45,0.15238839267549945,0.3,0.7,10,5,5,498.4,0.5,0.5,4,0.4,0.9784810039732191,0.01573235918332367,45
gemma3:12b,q586,0.0,0.0,0.0,0.0,0.0,0.0,0.0,0.0,0.0,0.0,0.46504362078446376,0.47180727961287605,0.012903354232038011,0.4421052631578947,0.4742268041237114,0.057548634549980104,0.05620387497984912,0.00264084306642136,0.055284552845528454,0.06229508196721312,0.12665050029388786,0.1253982443846582,0.004820899353721932,0.12125610187399573,0.13195834500006975,0.38194613530307125,0.38975383968020194,0.014158180849920621,0.35789473684210527,0.39175257731958757,0.8962861180305481,0.8960613906383514,0.0012770691689230136,0.8937960863113403,0.8979734182357788,0.9290302336215973,0.9322705864906311,0.005437077032765185,0.9210208654403687,0.9327218532562256,0.9123575806617736,0.9138760566711426,0.00281496705441245,0.9079983830451965,0.9149464964866638,0.985,1.0,0.024152294576982425,0.95,1.0,10,8,8,392.2,0.8,0.8,2,0.2,0.9841067261166043,0.011227913473384275,45
gemma3:12b,q624,0.0,0.0,0.0,0.0,0.0,0.0,0.0,0.0,0.0,0.0,0.07757797270955166,0.07894736842105263,0.002219290849932253,0.07407407407407407,0.07894736842105263,0.18957552167728028,0.19065420560747665,0.002021273942736522,0.18579234972677597,0.19065420560747665,0.003610480274561357,0.003686157786230468,0.00012262923312826148,0.0034170206403382566,0.003686157786230468,0.07757797270955166,0.07894736842105263,0.002219290849932253,0.07407407407407407,0.07894736842105263,0.8264577925205231,0.8276684880256653,0.0019497322252669943,0.8235453367233276,0.8276684880256653,0.8523744463920593,0.8528081178665161,0.0007188371745696488,0.8511534929275513,0.8528081178665161,0.8392155826091766,0.840050220489502,0.0013454214515179238,0.8371896147727966,0.840050220489502,0.985,1.0,0.02415229457698243,0.95,1.0,10,3,3,470.5,0.3,0.3,7,0.7,0.9722362054718865,0.029150271140551888,45
gemma3:12b,q640,0.0,0.0,0.0,0.0,0.0,0.0,0.0,0.0,0.0,0.0,0.09648893352507168,0.09375,0.011812296164829608,0.07894736842105261,0.12,0.2051466130602428,0.20947630922693267,0.025226173131346674,0.156,0.24126984126984127,0.004371448809735974,0.004217698009415556,0.0006252444621934579,0.003467656961323781,0.0056414392419841305,0.06985608535538722,0.0689860243829914,0.009434467108070724,0.05797101449275363,0.08695652173913042,0.8199738323688507,0.8171188831329346,0.006178539369848434,0.814655601978302,0.8315916061401367,0.8525911271572113,0.8520854711532593,0.0019771212501090572,0.8512803912162781,0.8580536246299744,0.8359516620635986,0.8343365490436554,0.0031759231926598895,0.8329538702964783,0.8420553207397461,1.0,1.0,0.0,1.0,1.0,10,8,8,357.3,0.8,0.8,2,0.2,0.9534337560335795,0.02621806234175539,45
gemma3:12b,q645,0.0,0.0,0.0,0.0,0.0,0.0,0.0,0.0,0.0,0.0,0.2603079165911024,0.2564102564102564,0.02420599568264406,0.22857142857142856,0.2882882882882883,0.058068669453489305,0.057067031374656046,0.003405511443561945,0.05434782608695652,0.064,0.07071979072669274,0.069726177598423,0.006712542807866859,0.06417422480335531,0.08103230024642705,0.1593039891491219,0.15728021978021978,0.020920210357248503,0.13333333333333333,0.1904761904761905,0.8488034546375275,0.8492132127285004,0.005778622998433217,0.8422887325286865,0.8584799766540527,0.8712239742279053,0.8715420663356781,0.002638433516441175,0.8675742149353027,0.8769335746765137,0.8598624110221863,0.8593771755695343,0.003968987580202882,0.8557167053222656,0.8676086664199829,0.9650000000000001,0.95,0.02415229457698243,0.95,1.0,10,10,10,450.7,1.0,1.0,1,0.1,0.9632361743185255,0.01783606068486406,45
gemma3:12b,q655,0.0,0.0,0.0,0.0,0.0,0.0,0.0,0.0,0.0,0.0,0.2782267340141132,0.28049823387246703,0.03354043279910398,0.2111801242236025,0.3312883435582822,0.03133021623593762,0.02973977695167286,0.0090269700267045,0.017699115044247787,0.049723756906077346,0.012816879449756619,0.012706103203870122,0.0032655004196648716,0.005593119215851701,0.018367231842548223,0.13915617610345477,0.13448890106878597,0.015124507062641934,0.12269938650306748,0.1625,0.8721648991107941,0.8765156269073486,0.00862208091012505,0.8567464351654053,0.8804514408111572,0.856350302696228,0.8562153577804565,0.0022985669259404594,0.8526022434234619,0.8595418930053711,0.864165461063385,0.864825576543808,0.0044799176560826656,0.856660783290863,0.8691216707229614,0.4916666666666667,0.5,0.5043973301541818,0.0,1.0,10,9,9,399.2,0.9,0.9,2,0.2,0.9168181247181363,0.02654129053923798,45
gemma3:12b,q656,0.0,0.0,0.0,0.0,0.0,0.0,0.0,0.0,0.0,0.0,0.2492160701034823,0.23900316455696202,0.022973598111747203,0.22891566265060245,0.2891566265060241,0.01758243223477928,0.020853998648668076,0.00501554856823174,0.011538461538461539,0.022,0.01704324277596959,0.016937820835560023,0.0006654976421444811,0.016184470691021222,0.018007214991190807,0.16998313798726064,0.1666735155126361,0.013924317305878611,0.15000000000000002,0.18987341772151897,0.8574610531330109,0.8578227460384369,0.003022951713753768,0.8518215417861938,0.8610467910766602,0.8695867955684662,0.8683523535728455,0.002951356734118974,0.8665738105773926,0.874934732913971,0.8634786546230316,0.8637067675590515,0.0025192359388807825,0.8596555590629578,0.8679352402687073,0.97,0.975,0.03496029493900506,0.9,1.0,10,10,10,527.2,1.0,1.0,1,0.1,0.9594861202769809,0.013050076005731858,45
gemma3:12b,q657,0.0,0.0,0.0,0.0,0.0,0.0,0.0,0.0,0.0,0.0,0.23925213918667118,0.2315136476426799,0.014924744259625271,0.2251655629139073,0.26751592356687903,0.019298385564649974,0.018428101583426573,0.0036400670724773916,0.013930348258706468,0.027837259100642397,0.006256009271569203,0.004914943478292043,0.0018427062985782179,0.004726739013346906,0.008472567968505332,0.11566270166751906,0.11501714845663889,0.010104488113626622,0.10256410256410256,0.12903225806451613,0.855638301372528,0.8553579747676849,0.0018656598913723652,0.8520877361297607,0.8594114184379578,0.8440570771694184,0.8441871106624603,0.0018762907983630459,0.8404877185821533,0.8469343781471252,0.8498071312904358,0.849703848361969,0.001572780179240726,0.8469205498695374,0.8531273007392883,0.13,0.2,0.09486832980505139,0.0,0.2,10,10,10,550.1,1.0,1.0,1,0.1,0.9732705579863654,0.01992647930245765,45
gemma3:12b,q663,0.0,0.0,0.0,0.0,0.0,0.0,0.0,0.0,0.0,0.0,0.19743185019141948,0.20134228187919462,0.02906372862710626,0.13836477987421383,0.22641509433962262,0.025843519381579843,0.01969393212528961,0.01082308204416076,0.016376663254861822,0.04030710172744722,0.014728305378567305,0.017667802172820664,0.005792870890906002,0.00379101167367231,0.018493894925224286,0.12238811039369402,0.13245614035087722,0.018469556608091044,0.0880503144654088,0.1342281879194631,0.8593800783157348,0.8627645969390869,0.0055793010901899675,0.8491310477256775,0.8635416030883789,0.8318458199501038,0.8350929021835327,0.008016941098221748,0.8142556548118591,0.8375905156135559,0.8453842461109161,0.8487032651901245,0.00665814590847808,0.8315601944923401,0.849006712436676,0.8949999999999999,1.0,0.31486328602885555,0.0,1.0,10,8,8,471.2,0.8,0.8,3,0.3,0.9707761923472087,0.020229746643302366,45
gemma3:12b,q672,0.0,0.0,0.0,0.0,0.0,0.0,0.0,0.0,0.0,0.0,0.21913364775834682,0.21468012185833968,0.01412731031900256,0.20618556701030927,0.2522522522522523,0.043760062119075786,0.04366821479422334,0.0013966693418390106,0.04087193460490463,0.045662100456621,0.010188734134886713,0.010316272576492778,0.0010648645060649196,0.008930046439496138,0.011632465601369744,0.1670802654657556,0.16901268834258526,0.016297752969954844,0.1333333333333333,0.19607843137254902,0.8496296525001525,0.8480750620365143,0.005232646096314003,0.8444681763648987,0.8579035997390747,0.8598085701465606,0.8590524196624756,0.003989532645363277,0.8536738753318787,0.8674924373626709,0.8546841084957123,0.8528503179550171,0.00415351374970239,0.8499066233634949,0.8599196672439575,0.9,1.0,0.31622776601683794,0.0,1.0,10,7,7,455.2,0.7,0.7,3,0.3,0.9458546002705892,0.026304708522721182,45
gemma3:12b,q676,0.0,0.0,0.0,0.0,0.0,0.0,0.0,0.0,0.0,0.0,0.21609609942850802,0.2164179104477612,0.000415456239397869,0.21561338289962825,0.2164179104477612,0.042761494812283245,0.03855421686746988,0.005431572471042642,0.03855421686746988,0.049072411729503294,0.0052150128366858,0.005176056964569598,5.0291814647678766e-05,0.005176056964569598,0.005273446644860103,0.11177384453198691,0.1119402985074627,0.00021489115830924658,0.11152416356877323,0.1119402985074627,0.8522435426712036,0.8521467447280884,0.00012496560721081602,0.8521467447280884,0.8523887395858765,0.8259143114089966,0.8260796070098877,0.0002133957031508862,0.8256663680076599,0.8260796070098877,0.8388723731040955,0.8389107584953308,4.955532699738677e-05,0.8388147950172424,0.8389107584953308,0.77,0.85,0.27304863221696524,0.0,0.9,10,2,2,552.4,0.2,0.2,6,0.6,0.9985242525736491,0.0013804353147046301,45
gemma3:12b,q73,0.0,0.0,0.0,0.0,0.0,0.0,0.0,0.0,0.0,0.0,0.35646123701765947,0.3497267759562842,0.011294868750417299,0.3459459459459459,0.3736263736263737,0.11614672927671295,0.11645402921507828,0.0021193856877839428,0.11239964317573595,0.11870503597122302,0.10300644937729805,0.10267866614591356,0.0011963666394959962,0.10181310783265926,0.10505096113011456,0.2286239317553914,0.22950819672131145,0.003430042890425079,0.22105263157894736,0.23404255319148937,0.8689379096031189,0.869344174861908,0.0033442944102452317,0.8627964854240417,0.8756893873214722,0.879094785451889,0.8787117004394531,0.0019533530045823073,0.8775659203529358,0.8841980695724487,0.8739854156970978,0.8735473453998566,0.0024858353334283063,0.8701978921890259,0.8799231648445129,0.97,0.975,0.03496029493900506,0.9,1.0,10,8,8,566.0,0.8,0.8,2,0.2,0.9802947296036615,0.01575657346407344,45
gemma3:12b,q77,0.0,0.0,0.0,0.0,0.0,0.0,0.0,0.0,0.0,0.0,0.14959637335171633,0.14751552795031056,0.02690871879683666,0.11363636363636363,0.19148936170212766,0.17499679417529804,0.1745279146141215,0.012696567656714782,0.1553133514986376,0.20422535211267606,0.004598254115970097,0.004664760785334143,0.00038627174368871726,0.0037362029044314417,0.005212783368500717,0.0866875428313746,0.08336951801997394,0.0205494020553795,0.06593406593406594,0.12121212121212122,0.8462674558162689,0.8470531404018402,0.004893475986656447,0.8380725383758545,0.852535605430603,0.8897778809070587,0.889444500207901,0.002154934040294956,0.8862630724906921,0.8927578926086426,0.8674705922603607,0.8685080409049988,0.0029146947918793106,0.8614943623542786,0.8705891370773315,0.3111111111111111,0.3,0.169148192751537,0.0,0.6,10,10,10,476.7,1.0,1.0,1,0.1,0.9459099610646565,0.016085681703531956,45
gemma3:12b,q79,0.0,0.0,0.0,0.0,0.0,0.0,0.0,0.0,0.0,0.0,0.23006280132986195,0.22541574545804094,0.022740753514027722,0.20754716981132076,0.2549019607843137,0.00827452803024913,0.008356545961002786,0.00013838682484738828,0.008119079837618403,0.00847457627118644,0.005691914990979469,0.005796777058400877,0.000299736830882367,0.005353859558398921,0.005977539389849313,0.09656126329420114,0.0975632971635256,0.0019650486501013344,0.09433962264150943,0.099009900990099,0.8571427881717681,0.8585026860237122,0.0021160567868955607,0.8547128438949585,0.8595313429832458,0.8583907008171081,0.8547982573509216,0.005426714511127661,0.8538960218429565,0.864681601524353,0.8577610373497009,0.8570346236228943,0.0034516586361376745,0.8543041944503784,0.8615810871124268,0.9949999999999999,1.0,0.01581138830084191,0.95,1.0,10,4,4,452.5,0.4,0.4,4,0.4,0.9831955128245884,0.013497931830050859,45
gemma3:4b,q110,0.0,0.0,0.0,0.0,0.0,0.0,0.0,0.0,0.0,0.0,0.21585548646398425,0.21705426356589144,0.009620600991650147,0.2,0.22580645161290322,0.02003422947092106,0.020930232558139535,0.003450746374743663,0.010256410256410256,0.021634615384615384,0.006866561215894776,0.006850462357996036,0.00020178862893326238,0.006613357551093677,0.007134790889479469,0.11283587971493177,0.11111811023622045,0.007443531663390882,0.10769230769230768,0.13333333333333333,0.8498013734817504,0.8500397205352783,0.001770329926114305,0.8474749326705933,0.8518702387809753,0.8686818182468414,0.869774341583252,0.0025040424674891027,0.8618751764297485,0.8701785802841187,0.8591348230838776,0.8588839769363403,0.0013262370632263303,0.856433629989624,0.8608778715133667,0.9099999999999999,0.975,0.11254628677422752,0.7,1.0,10,8,8,643.3,0.8,0.8,2,0.2,0.978196554713779,0.02273912919974015,45
gemma3:4b,q133,0.0,0.0,0.0,0.0,0.0,0.0,0.0,0.0,0.0,0.0,0.0,0.0,0.0,0.0,0.0,0.02584208646345354,0.025806451612903226,0.0004299073053962318,0.025196850393700787,0.026402640264026403,0.0,0.0,0.0,0.0,0.0,0.0,0.0,0.0,0.0,0.0,0.745463615655899,0.7449415922164917,0.001757799039869281,0.7434302568435669,0.7496527433395386,0.781922024488449,0.7809935808181763,0.0028667631588516623,0.778458297252655,0.7878940105438232,0.7632559359073638,0.7629633843898773,0.001993555764261343,0.7612364292144775,0.7682978510856628,0.1,0.0,0.31622776601683794,0.0,1.0,10,9,7,624.0,0.9,0.7,2,0.2,0.9643749329778883,0.0276029546306954,45
gemma3:4b,q134,0.0,0.0,0.0,0.0,0.0,0.0,0.0,0.0,0.0,0.0,0.18055629958941558,0.1836734693877551,0.016504673942303406,0.15053763440860216,0.19999999999999996,0.2244079419559855,0.2247283651926114,0.006265026172157473,0.21341463414634146,0.23688663282571912,0.01537980398666677,0.01554807445100158,0.0006266568463972862,0.014148350843972549,0.01655602748525008,0.11628370929013665,0.1194059405940594,0.010882210141465688,0.08602150537634409,0.12244897959183672,0.8293681085109711,0.829447329044342,0.0020217153596096436,0.8262232542037964,0.8323441743850708,0.8846697568893432,0.8845279216766357,0.0012207472883583922,0.883265495300293,0.8874026536941528,0.8561259150505066,0.8560339510440826,0.0014367330609721114,0.854099452495575,0.8589920997619629,0.711111111111111,0.7,0.11666666666666671,0.6,0.9,10,8,8,522.1,0.8,0.8,3,0.3,0.985890007019043,0.008351270819836694,45
gemma3:4b,q137,0.0,0.0,0.0,0.0,0.0,0.0,0.0,0.0,0.0,0.0,0.3009196157519166,0.30421222195565,0.011590617782463668,0.2857142857142857,0.3190184049079755,0.009067496357879077,0.008126004659349548,0.003203911092178549,0.006172839506172839,0.015037593984962405,0.008875250243671643,0.007404766968479391,0.0029525742809557664,0.006705291498117704,0.014996509281797868,0.17202642170815902,0.1728395061728395,0.00831084101502174,0.1564245810055866,0.18404907975460122,0.8507849395275116,0.8510769605636597,0.002768778659267891,0.844383955001831,0.8542494773864746,0.8903270721435547,0.890202671289444,0.0012888709733789641,0.8885886669158936,0.8929698467254639,0.8701031565666199,0.8701661825180054,0.0010939659996051358,0.8679975271224976,0.8718154430389404,0.9277777777777777,0.95,0.07120003121097943,0.75,1.0,10,9,9,672.8,0.9,0.9,2,0.2,0.96237227651808,0.02333441860304354,45
gemma3:4b,q166,0.0,0.0,0.0,0.0,0.0,0.0,0.0,0.0,0.0,0.0,0.10276037461112938,0.10084033613445378,0.014727640995797018,0.07692307692307691,0.12280701754385966,0.15144065254857025,0.15459082931110135,0.023285807175922244,0.10526315789473684,0.1901323706377858,0.004162325759310104,0.0031810113370946613,0.0014643064366980584,0.0026998165169635833,0.006235344421390427,0.08962214554266615,0.09201680672268908,0.018665771200634382,0.046153846153846156,0.11111111111111112,0.8143191933631897,0.8147616386413574,0.002408734944810709,0.8106949925422668,0.8188186883926392,0.8369476735591889,0.837069034576416,0.0009808147815385704,0.8353812098503113,0.8382436037063599,0.8254763185977936,0.825292706489563,0.001266816060187142,0.8239340782165527,0.8284173011779785,0.925,0.95,0.07168604389202185,0.8,1.0,10,10,10,680.0,1.0,1.0,1,0.1,0.9660241444905598,0.014630050864136133,45
gemma3:4b,q177,0.0,0.0,0.0,0.0,0.0,0.0,0.0,0.0,0.0,0.0,0.0365248587066873,0.043010752688172046,0.010102334642564527,0.021739130434782608,0.04395604395604396,0.14851292392992566,0.15572519083969466,0.0215396733648192,0.09188361408882083,0.16825396825396827,0.002575774385456703,0.002694212814112345,0.00022157780836101822,0.002237979421380123,0.0027646646087298252,0.0365248587066873,0.043010752688172046,0.010102334642564527,0.021739130434782608,0.04395604395604396,0.822225171327591,0.8222816586494446,0.004170869054261155,0.8130225539207458,0.8304480314254761,0.8689610123634338,0.8695238530635834,0.0015094495342299603,0.8647787570953369,0.8698227405548096,0.8449445247650147,0.8451970219612122,0.002800232317457817,0.8381023406982422,0.8496795296669006,0.06999999999999999,0.0,0.10593499054713804,0.0,0.3,10,8,7,585.9,0.8,0.7,4,0.4,0.9727917048666213,0.023226844423906514,45
gemma3:4b,q212,0.0,0.0,0.0,0.0,0.0,0.0,0.0,0.0,0.0,0.0,0.2988701380672639,0.2967741935483871,0.0042110379357881405,0.29585798816568043,0.3067484662576687,0.04686259034718706,0.04831932773109244,0.0029538528971865554,0.03928905519176801,0.04878048780487805,0.012233141558628844,0.012805821491285261,0.0009442911767214544,0.010398631080459207,0.012805920335828556,0.1714013831013633,0.18064516129032257,0.015264324415885603,0.147239263803681,0.18181818181818182,0.8554006695747376,0.8564336001873016,0.0024239311390397353,0.84968501329422,0.8574579954147339,0.857918655872345,0.8556220531463623,0.003758493631727471,0.8553720712661743,0.8635008335113525,0.8566484332084656,0.8562300503253937,0.0010304017903609668,0.8557795882225037,0.8585377335548401,0.985,1.0,0.024152294576982425,0.95,1.0,10,7,5,562.0,0.7,0.5,4,0.4,0.9811265680525038,0.017756242704730564,45
gemma3:4b,q213,0.0,0.0,0.0,0.0,0.0,0.0,0.0,0.0,0.0,0.0,0.27464481355540726,0.27706146926536734,0.020183449294410908,0.23529411764705882,0.2962962962962963,0.26089941997406757,0.2519409712125618,0.03949549326341328,0.20652173913043478,0.31781701444622795,0.010632942469538996,0.009302971561066947,0.003766729234287882,0.006613357551093677,0.016539453835072992,0.1742441577399731,0.1673669467787115,0.017725824968430844,0.15517241379310345,0.20833333333333334,0.8512858211994171,0.8473900556564331,0.010512827129932607,0.8389047384262085,0.8655951023101807,0.904215145111084,0.9033721387386322,0.014958071469640257,0.8857166767120361,0.9227036237716675,0.8769421756267548,0.8744858801364899,0.012341485080264447,0.8631983399391174,0.892190158367157,0.9949999999999999,1.0,0.015811388300841916,0.95,1.0,10,10,10,555.4,1.0,1.0,1,0.1,0.9334291815757751,0.02576886363211374,45
gemma3:4b,q236,0.0,0.0,0.0,0.0,0.0,0.0,0.0,0.0,0.0,0.0,0.022458709903180527,0.022988505747126436,0.0012229186661276287,0.02040816326530612,0.023529411764705882,0.13463957304951468,0.12518628912071536,0.020687530023587555,0.1145975443383356,0.1781874039938556,0.0023870175360864968,0.002453090913195276,0.00015410586747360914,0.0021298668832422764,0.002522699412301232,0.022458709903180527,0.022988505747126436,0.0012229186661276287,0.02040816326530612,0.023529411764705882,0.8071332931518554,0.8091161251068115,0.004018225402132085,0.7995285391807556,0.8096434473991394,0.8475884437561035,0.8470253944396973,0.003569372232393569,0.8425905108451843,0.8525294065475464,0.8268534958362579,0.8270499110221863,0.0016799587785800757,0.8241978287696838,0.8299291729927063,0.9800000000000001,1.0,0.025819888974716133,0.95,1.0,10,7,7,579.3,0.7,0.7,3,0.3,0.9656341777907478,0.025349918504719796,45
gemma3:4b,q245,0.0,0.0,0.0,0.0,0.0,0.0,0.0,0.0,0.0,0.0,0.1493869808337218,0.1481506570925349,0.02300819680615751,0.12903225806451613,0.19834710743801653,0.20775576771188672,0.20052691172008555,0.06281315184270135,0.14267185473411154,0.2784163473818646,0.005403962960703858,0.004821974140033169,0.0030541195844277507,0.0031988357281173417,0.013167267687195202,0.09685427384187176,0.09876710472835659,0.016517497177533633,0.08064516129032258,0.13008130081300812,0.811454975605011,0.8122010827064514,0.0025147857533965165,0.8047493100166321,0.8130849599838257,0.8269333481788635,0.8261783421039581,0.00318329732826431,0.8237674236297607,0.8307368159294128,0.8191170513629913,0.8182852268218994,0.0021305200852516928,0.8155221343040466,0.8218161463737488,0.18,0.1,0.20439612955674524,0.0,0.5,10,8,8,623.6,0.8,0.8,2,0.2,0.9600494636429681,0.023268050497817397,45
gemma3:4b,q250,0.0,0.0,0.0,0.0,0.0,0.0,0.0,0.0,0.0,0.0,0.2515754415061933,0.24780701754385964,0.015310939469611873,0.2352941176470588,0.28571428571428575,0.019888166316854142,0.0195367476920875,0.0009408625403369215,0.01904761904761905,0.022315202231520222,0.010833356662474007,0.008948925560780367,0.003759775842994536,0.008508647442003527,0.0179736542561545,0.14843791200384396,0.13974065598779561,0.017123119811965837,0.13445378151260504,0.180327868852459,0.8476433396339417,0.8475500345230103,0.0020035445378374745,0.8454391360282898,0.8511759042739868,0.8866368234157562,0.8872437179088593,0.0017112199330611816,0.8841413259506226,0.8886981010437012,0.8666996836662293,0.8662621378898621,0.0012513165883854243,0.8649662137031555,0.8695324063301086,0.9833333333333333,1.0,0.02500000000000002,0.95,1.0,10,9,9,624.0,0.9,0.9,2,0.2,0.9735077990425958,0.012160673878687732,45
gemma3:4b,q251,0.0,0.0,0.0,0.0,0.0,0.0,0.0,0.0,0.0,0.0,0.2443356647269388,0.24561403508771928,0.008947598637552606,0.2275449101796407,0.26035502958579887,0.035934359663546515,0.03449235344095157,0.003796678085119347,0.032948929159802305,0.04299226139294927,0.007589289461277048,0.00782663351419025,0.0011007295395825357,0.004500640643583406,0.008207430944514394,0.14628941257822142,0.15204678362573099,0.009567517544753082,0.1317365269461078,0.15384615384615385,0.8404448509216309,0.8402149677276611,0.0021373168023936582,0.8371478319168091,0.8445918560028076,0.8235840320587158,0.8221657276153564,0.0028546165023353135,0.8213032484054565,0.8286970853805542,0.8319282054901123,0.8309351801872253,0.0023770786148759795,0.8294133543968201,0.8364788889884949,0.9611111111111111,0.95,0.03333333333333333,0.9,1.0,10,10,10,629.0,1.0,1.0,1,0.1,0.9811701125568814,0.009412614544936389,45
gemma3:4b,q257,0.0,0.0,0.0,0.0,0.0,0.0,0.0,0.0,0.0,0.0,0.18734647627043646,0.1836925960637301,0.022317288865474492,0.1553398058252427,0.2337662337662338,0.18960008179264395,0.19330627496456643,0.012487215301049839,0.16783216783216784,0.2033898305084746,0.004186974379575892,0.0041544480034210775,0.0004564266245814422,0.0034577426857071995,0.005091894897311005,0.10786830006832818,0.1129979570990807,0.013997349494458872,0.08247422680412371,0.125,0.842776483297348,0.8449175357818604,0.006742036745446325,0.8320271968841553,0.8496816754341125,0.9021778523921966,0.9025207459926605,0.0021499687384164265,0.8985059261322021,0.9047913551330566,0.8714527189731598,0.8714764714241028,0.003785099873606997,0.8658100366592407,0.876035213470459,1.0,1.0,0.0,1.0,1.0,10,10,10,545.1,1.0,1.0,1,0.1,0.9531930592324999,0.017424216777205032,45
gemma3:4b,q258,0.0,0.0,0.0,0.0,0.0,0.0,0.0,0.0,0.0,0.0,0.10344463153208147,0.09345794392523364,0.017953029870242502,0.0892857142857143,0.13461538461538458,0.12997955601647948,0.10704960835509138,0.037482749723134944,0.10357583230579531,0.19047619047619047,0.005011279759921237,0.005283884987959727,0.0016326530740374985,0.00281411013938584,0.0070721617249422716,0.08672062400366806,0.09218351741716227,0.01146305008315342,0.07142857142857142,0.10256410256410256,0.8284321248531341,0.828441858291626,0.0017939491933183034,0.8247818946838379,0.8316094875335693,0.831096214056015,0.8305323719978333,0.001895858624580575,0.8294196128845215,0.8341149091720581,0.8297588884830475,0.829588770866394,0.0007187959538097717,0.8289574384689331,0.8311808109283447,0.02,0.0,0.0421637021355784,0.0,0.1,10,8,8,684.6,0.8,0.8,2,0.2,0.9792855686611599,0.009413310797306323,45
gemma3:4b,q282,0.0,0.0,0.0,0.0,0.0,0.0,0.0,0.0,0.0,0.0,0.1808886455205147,0.19098277608915906,0.02411824431188281,0.1372549019607843,0.20689655172413793,0.15425684567411613,0.15814158323912963,0.016582893739948663,0.12680115273775217,0.17378048780487804,0.005556291645165576,0.005748074846640479,0.0012924226623183624,0.003742668061961706,0.0071191715277867905,0.09942046002425674,0.10030165912518853,0.021106816777977756,0.06557377049180328,0.13793103448275862,0.8203466653823852,0.8199943900108337,0.006079830738037946,0.8100678324699402,0.8282572627067566,0.8917233407497406,0.8918056786060333,0.0025565156357054207,0.8864378929138184,0.8954349756240845,0.8545373976230621,0.8542239367961884,0.0038113498094793394,0.8477230072021484,0.8597626686096191,0.7714285714285714,0.95,0.32256413168177744,0.3,1.0,10,10,10,574.7,1.0,1.0,1,0.1,0.9287446710798476,0.019279032900064233,45
gemma3:4b,q287,0.0,0.0,0.0,0.0,0.0,0.0,0.0,0.0,0.0,0.0,0.08641963249762039,0.09093915343915343,0.017261533541640527,0.05454545454545455,0.10714285714285714,0.1552268390575949,0.1527211392064961,0.015173723414406134,0.13613861386138615,0.18796992481203006,0.003194745499579787,0.0032366128427143252,0.00020331914224016288,0.0028030624560832816,0.003519816815769827,0.08109409520305655,0.0888906447534766,0.014258815502782232,0.05454545454545455,0.09523809523809523,0.808360242843628,0.8071187138557434,0.00450159062769883,0.8027436137199402,0.8170232176780701,0.833771002292633,0.8330230712890625,0.0030131908779926927,0.8306525945663452,0.8393710851669312,0.820865935087204,0.820024311542511,0.0034797312778393993,0.8165707588195801,0.8270718455314636,0.0,0.0,0.0,0.0,0.0,10,10,10,634.8,1.0,1.0,1,0.1,0.9500761720869276,0.018357605332712464,45
gemma3:4b,q290,0.0,0.0,0.0,0.0,0.0,0.0,0.0,0.0,0.0,0.0,0.16796393754547945,0.1600031605562579,0.027764836396073883,0.13559322033898305,0.23214285714285718,0.13263480982392598,0.1319647131052008,0.005253922873548883,0.12439024390243902,0.14188267394270124,0.0037756082982368217,0.003717621432345614,0.00028796824643517006,0.003366448367729339,0.004301899264839328,0.07532913217700508,0.07207792207792209,0.014384967413843411,0.049586776859504134,0.09836065573770493,0.8240233063697815,0.825017660856247,0.003467709538428977,0.8196739554405212,0.8280435800552368,0.8729548633098603,0.8731008172035217,0.001397985204663818,0.871001660823822,0.8749250769615173,0.8477798879146576,0.8488567173480988,0.0019794938075536595,0.8449263572692871,0.8499122262001038,0.985,1.0,0.03374742788552765,0.9,1.0,10,10,10,620.9,1.0,1.0,1,0.1,0.9358992126252916,0.01774428161978534,45
gemma3:4b,q295,0.0,0.0,0.0,0.0,0.0,0.0,0.0,0.0,0.0,0.0,0.026201501041352347,0.026491228070175437,0.0019079546839455756,0.023255813953488372,0.029411764705882356,0.061547434767001793,0.05908909719034619,0.006829373223358387,0.05253940455341506,0.07203389830508475,0.0024425142109963534,0.0024702495622885958,0.00018640256633111802,0.0021556881658758484,0.0027574366655649983,0.026201501041352347,0.026491228070175437,0.0019079546839455756,0.023255813953488372,0.029411764705882356,0.7656825304031372,0.7662298083305359,0.0036174778084472905,0.7597508430480957,0.772258996963501,0.8225766360759735,0.8216492831707001,0.0021198039218170753,0.8201534748077393,0.8257625699043274,0.7931084573268891,0.7926818430423737,0.002727766214358808,0.7895428538322449,0.7981151342391968,1.0,1.0,0.0,1.0,1.0,10,10,10,523.4,1.0,1.0,1,0.1,0.9678930004437765,0.012589156662654004,45
gemma3:4b,q319,0.0,0.0,0.0,0.0,0.0,0.0,0.0,0.0,0.0,0.0,0.16835194183480462,0.16610786473800174,0.006939383033181909,0.16058394160583941,0.1791044776119403,0.03642100658110957,0.03600057600921615,0.001606327187131641,0.034123222748815164,0.03909465020576132,0.003245151262485181,0.003274548801818609,0.00016258106560674605,0.0029954030341925583,0.003465945304975064,0.11708665693262399,0.11594811741847398,0.008167410558793558,0.10738255033557048,0.13432835820895522,0.8218117535114289,0.8217984437942505,0.002743337256572162,0.8182528018951416,0.8259996175765991,0.8363355875015259,0.8363583981990814,0.0003389705379858834,0.8357282876968384,0.8369773626327515,0.8290083408355713,0.8289303779602051,0.0015254907895191488,0.8271604776382446,0.8314523100852966,0.8800000000000001,0.9,0.12064640713902572,0.6,1.0,10,10,10,749.6,1.0,1.0,1,0.1,0.9759629885355632,0.008553255308037189,45
gemma3:4b,q328,0.0,0.0,0.0,0.0,0.0,0.0,0.0,0.0,0.0,0.0,0.1698961228759267,0.17021584818194987,0.009517957049418246,0.15503875968992248,0.18604651162790697,0.18636300241226939,0.18450351688739625,0.010897551492298856,0.16585365853658537,0.2,0.0067640739986707926,0.006047292793670661,0.002537467460644882,0.005381564724234654,0.01391004452078366,0.09847658700865534,0.0967741935483871,0.01197945350316026,0.08547008547008547,0.12727272727272726,0.8313262403011322,0.8303481042385101,0.004075952775713499,0.8250274658203125,0.8372529745101929,0.8718702673912049,0.8715979754924774,0.0016630572985140107,0.8693218231201172,0.8747313022613525,0.8511114180088043,0.8509633839130402,0.002479307278168121,0.8476991057395935,0.8542413711547852,0.030000000000000006,0.0,0.0674948557710553,0.0,0.2,10,10,10,711.7,1.0,1.0,1,0.1,0.9602233621809217,0.010525197786745523,45
gemma3:4b,q335,0.0,0.0,0.0,0.0,0.0,0.0,0.0,0.0,0.0,0.0,0.24357404677241407,0.24281318325370477,0.007587054090867825,0.23580786026200873,0.25570776255707767,0.03262518633068112,0.03383276331792134,0.004408363394719585,0.02247191011235955,0.03946530872056015,0.004599503067341636,0.0049535222628209336,0.0009074753576899496,0.002906314372307679,0.005309627789750179,0.11454101862509414,0.11239776500121468,0.006602907977625052,0.10619469026548671,0.12334801762114536,0.8605450689792633,0.8604269623756409,0.0015372012634992346,0.8579123616218567,0.8635491728782654,0.822754728794098,0.8211786448955536,0.00555499131457627,0.8189016580581665,0.8381047248840332,0.8412193238735199,0.8403192162513733,0.003390971076268123,0.8387671113014221,0.8506366610527039,0.605,0.6,0.10124228365658294,0.4,0.75,10,10,10,695.6,1.0,1.0,1,0.1,0.9646540138456556,0.01593564707923798,45
gemma3:4b,q336,0.0,0.0,0.0,0.0,0.0,0.0,0.0,0.0,0.0,0.0,0.1871710296849391,0.17779972836152608,0.026096260991263314,0.1590909090909091,0.225,0.26997196414573105,0.2791461412151067,0.03471964663771083,0.20709219858156028,0.32755298651252407,0.010220312957099615,0.009229629456096025,0.0022879029631742197,0.00860583293250388,0.016142877302789668,0.16263394348538654,0.1590909090909091,0.012038215331218865,0.14893617021276595,0.18666666666666668,0.8522026896476745,0.8505644202232361,0.006177881149888261,0.8470827341079712,0.8687857389450073,0.9070973038673401,0.9062007665634155,0.003654031393894687,0.9036132097244263,0.914234459400177,0.8787824869155884,0.8773694634437561,0.003991090401623531,0.8747560977935791,0.8876194953918457,0.9949999999999999,1.0,0.015811388300841913,0.95,1.0,10,10,10,505.9,1.0,1.0,1,0.1,0.9626969734827677,0.017079742246875126,45
gemma3:4b,q337,0.0,0.0,0.0,0.0,0.0,0.0,0.0,0.0,0.0,0.0,0.039198549501906974,0.03940982333527471,0.0009601090983507353,0.03773584905660377,0.04081632653061224,0.043190430707943796,0.04292929292929293,0.001652293448679252,0.0413625304136253,0.04708798017348203,0.0028003531175044344,0.0028200954794640014,9.25259333301117e-05,0.002660316597295732,0.0029580435428915677,0.039198549501906974,0.03940982333527471,0.0009601090983507353,0.03773584905660377,0.04081632653061224,0.7775767385959625,0.7786864936351776,0.0017917395556177622,0.7751542329788208,0.7790860533714294,0.7487741768360138,0.7492798268795013,0.0009184205610547787,0.7472981214523315,0.7495117783546448,0.7629030823707581,0.7632236480712891,0.0011906229074689462,0.7609713673591614,0.7640048861503601,0.0,0.0,0.0,0.0,0.0,10,8,7,561.5,0.8,0.7,3,0.3,0.9833380089865791,0.010118400289938807,45
gemma3:4b,q354,0.0,0.0,0.0,0.0,0.0,0.0,0.0,0.0,0.0,0.0,0.16534218871029654,0.1580270457697642,0.024002565616137193,0.14285714285714285,0.2178217821782178,0.13514193197727312,0.12988196239214467,0.01854094180077866,0.10978520286396182,0.1717948717948718,0.005946431222035743,0.006295274359871853,0.0010847893833573982,0.0037442802389721923,0.007068123422759095,0.13642488523549237,0.1320872274143302,0.018643616932791044,0.11475409836065574,0.1782178217821782,0.8308951258659363,0.8305798470973969,0.004341765415126369,0.8246452212333679,0.8392997980117798,0.8594361186027527,0.8570618033409119,0.004703852940397463,0.8565031290054321,0.8684377074241638,0.8449166715145111,0.8441796600818634,0.003591624733109385,0.8404549360275269,0.8534386157989502,0.725,0.75,0.2263846284534354,0.4,1.0,10,10,10,616.0,1.0,1.0,1,0.1,0.9623557872242398,0.018648584740007388,45
gemma3:4b,q356,0.0,0.0,0.0,0.0,0.0,0.0,0.0,0.0,0.0,0.0,0.21461029164406048,0.20915032679738563,0.030191572879180718,0.16455696202531644,0.25477707006369427,0.04444260472774142,0.04258164559130941,0.003534807968014323,0.04085257548845471,0.04985618408437201,0.010049543324377134,0.009725820809594454,0.0007993003627241363,0.009214819531010146,0.011359386818922393,0.15340059478667056,0.1535930237341121,0.01239944791175432,0.13924050632911392,0.16993464052287582,0.8519537270069122,0.8524156212806702,0.002964518561413563,0.8465617895126343,0.8555535078048706,0.8582335591316224,0.8585799336433411,0.001439679839444489,0.8559229373931885,0.8611730337142944,0.8550802171230316,0.8557317852973938,0.0019138680280447193,0.851671040058136,0.8571512699127197,0.645,0.6,0.16064107680028655,0.4,0.9,10,8,8,578.8,0.8,0.8,2,0.2,0.9573058896594577,0.018954631232408536,45
gemma3:4b,q397,0.0,0.0,0.0,0.0,0.0,0.0,0.0,0.0,0.0,0.0,0.0752769049601047,0.0796197266785502,0.020524670069910638,0.038834951456310676,0.1,0.17977334144982512,0.18633585117540497,0.03810594647210391,0.08163265306122448,0.21725239616613418,0.003025220067979678,0.0030794919761404412,0.0002781611336976766,0.002532852851560384,0.003376040430337173,0.07137214305534278,0.07767722473604827,0.0171669863124363,0.038834951456310676,0.0851063829787234,0.8412246704101562,0.8412684202194214,0.0040121580825207,0.8347408175468445,0.849593997001648,0.8643270671367645,0.8644694685935974,0.0017764250433796535,0.8614610433578491,0.8671054840087891,0.8526169002056122,0.8526979684829712,0.0027393241406934426,0.8478905558586121,0.8582603931427002,0.83125,0.9,0.26313698225177595,0.2,1.0,10,10,10,585.9,1.0,1.0,1,0.1,0.9629659334818522,0.011930711800481657,45
gemma3:4b,q405,0.0,0.0,0.0,0.0,0.0,0.0,0.0,0.0,0.0,0.0,0.20667590271828457,0.20782358383879923,0.01625485762174628,0.1843971631205674,0.2302158273381295,0.05330985522878255,0.053249102591002656,0.0019841599287005003,0.04930966469428008,0.056433408577878104,0.004539663439636479,0.00422665970368228,0.0011522123025645844,0.003759614704253156,0.0077609209163660145,0.11975071226890636,0.11966194382301765,0.00613115479490332,0.11267605633802816,0.12949640287769787,0.850077646970749,0.8503454625606537,0.003405166762022668,0.8447980284690857,0.8552964925765991,0.8686474323272705,0.8689378798007965,0.0012279062887599016,0.8665956854820251,0.8703376054763794,0.8592607200145721,0.8595443964004517,0.002299332537978127,0.8555580377578735,0.8627514839172363,0.9570000000000001,0.95,0.028693785622209818,0.9,1.0,10,10,10,628.9,1.0,1.0,1,0.1,0.9718864652845595,0.011525001180999413,45
gemma3:4b,q410,0.0,0.0,0.0,0.0,0.0,0.0,0.0,0.0,0.0,0.0,0.044130922890721326,0.042105263157894736,0.006715394982821047,0.04040404040404041,0.06315789473684211,0.11393227393323788,0.11398128872789676,0.020167362846806314,0.08244274809160305,0.14506172839506173,0.0025545071887653585,0.002532852851560384,9.744679190119702e-05,0.00241704593038681,0.0028030624560832816,0.042025659732826584,0.042105263157894736,0.0006346545917895294,0.04040404040404041,0.0425531914893617,0.8119744718074798,0.811795562505722,0.0018810608399710818,0.8098790645599365,0.8153297305107117,0.8237981259822845,0.8244054317474365,0.0027953658944341432,0.8196609020233154,0.8265069723129272,0.8178387105464935,0.8176401555538177,0.00111021844174312,0.8162770867347717,0.8198180198669434,0.9099999999999999,0.9,0.05163977794943222,0.8,1.0,10,10,9,592.6,1.0,0.9,2,0.2,0.969473295741611,0.019231023053809214,45
gemma3:4b,q440,0.0,0.0,0.0,0.0,0.0,0.0,0.0,0.0,0.0,0.0,0.09935609021674074,0.0994133991972831,0.003314596172560204,0.09411764705882353,0.10256410256410256,0.16744316820093524,0.1681246891812469,0.004456721704546036,0.16129032258064516,0.17271157167530224,0.0036449482288645673,0.003646937813592082,0.00014165410244545702,0.003421983513939922,0.0037822893157531384,0.09935609021674074,0.0994133991972831,0.003314596172560204,0.09411764705882353,0.10256410256410256,0.8158373773097992,0.8170470297336578,0.002821530638441478,0.81035977602005,0.8181198239326477,0.8135211408138275,0.8135300874710083,0.00040239454825854407,0.8129621148109436,0.814405083656311,0.8146754622459411,0.815142035484314,0.00144443315564197,0.8119577765464783,0.8162581920623779,1.0,1.0,0.0,1.0,1.0,10,6,6,509.0,0.6,0.6,4,0.4,0.9946334971321954,0.0035058642249782344,45
gemma3:4b,q469,0.0,0.0,0.0,0.0,0.0,0.0,0.0,0.0,0.0,0.0,0.22693204648139442,0.22885979268957996,0.010095476190290335,0.20863309352517986,0.24113475177304966,0.029609680919197114,0.03146341849958185,0.003409276273262585,0.02326869806094183,0.03222222222222222,0.004464946616806866,0.004465516748654445,0.00035339472231854795,0.003764851806680022,0.0049863780440919225,0.1423688510183748,0.14184397163120568,0.005285324770462658,0.13380281690140847,0.15224913494809686,0.8469256162643433,0.8470649123191833,0.004226985264362046,0.841616153717041,0.8555506467819214,0.8199303090572357,0.8205827176570892,0.004022907455918642,0.8147965669631958,0.8239575624465942,0.8332061171531677,0.8334148228168488,0.0037365908388140513,0.8279892206192017,0.8393080234527588,0.825,0.85,0.1136515141415488,0.6,1.0,10,9,9,672.6,0.9,0.9,2,0.2,0.9703212287690904,0.019140914693394368,45
gemma3:4b,q478,0.0,0.0,0.0,0.0,0.0,0.0,0.0,0.0,0.0,0.0,0.18834536821620357,0.1818181818181818,0.01251237909255026,0.17857142857142858,0.21428571428571427,0.18989827614622995,0.18846694796061886,0.02112755863354905,0.16874135546334718,0.2187938288920056,0.006542488062382992,0.006506404576614045,0.0001404457601615175,0.006427282727151879,0.006815998441261126,0.11117948645592295,0.10811688311688311,0.006811635888228326,0.10714285714285714,0.125,0.8396548926830292,0.8415485620498657,0.0030014789457529813,0.8353301286697388,0.8429636359214783,0.8685108721256256,0.8677758872509003,0.0012951481887789724,0.8675622940063477,0.8711792826652527,0.853834468126297,0.8543754816055298,0.0010442547453299246,0.8524456024169922,0.855086088180542,0.5,0.55,0.2581988897471611,0.2,0.8,10,7,6,578.9,0.7,0.6,4,0.4,0.976245461569892,0.018362256707459498,45
gemma3:4b,q500,0.0,0.0,0.0,0.0,0.0,0.0,0.0,0.0,0.0,0.0,0.20091001884751875,0.20067114093959731,0.01786648084669746,0.18045112781954886,0.22222222222222224,0.025532979849072122,0.025641060471661845,0.0023668536485270844,0.02208835341365462,0.03084223013048636,0.005158468134126471,0.004167435157316225,0.0016615967257216017,0.00351744369089358,0.007459880158788714,0.13231881029202883,0.13076923076923078,0.021704661182786474,0.10526315789473684,0.16296296296296295,0.8290601551532746,0.8288158476352692,0.005693653408800424,0.8198346495628357,0.8376757502555847,0.8316438555717468,0.8265753090381622,0.010886906474783608,0.8223315477371216,0.8489930629730225,0.8303376019001008,0.8275928795337677,0.007976519317189408,0.8217809796333313,0.8428511023521423,0.32999999999999996,0.3,0.13374935098492588,0.2,0.6,10,10,10,622.8,1.0,1.0,1,0.1,0.94966006676356,0.021934723875310768,45
gemma3:4b,q502,0.0,0.0,0.0,0.0,0.0,0.0,0.0,0.0,0.0,0.0,0.19192720017799,0.19470551378446116,0.01848708278216542,0.15686274509803924,0.22033898305084745,0.0025157322849613103,0.002482930813926606,0.00015010459759288566,0.0023014959723820483,0.002789400278940028,0.007799423956442874,0.007785445998209304,0.0005243990002886555,0.0069005429342570476,0.008656239711695676,0.16197719451411824,0.16143822393822393,0.016567771078539083,0.13675213675213674,0.18644067796610167,0.8266949474811554,0.8263051807880402,0.0026025593198045352,0.8222888112068176,0.8308707475662231,0.8342024207115173,0.8341866731643677,0.002624153010628358,0.8284534215927124,0.8384827375411987,0.8304284334182739,0.8297828733921051,0.0019477720672132406,0.8279200792312622,0.8335402607917786,1.0,1.0,0.0,1.0,1.0,10,10,10,583.3,1.0,1.0,1,0.1,0.951364152961307,0.015517837656764476,45
gemma3:4b,q529,0.0,0.0,0.0,0.0,0.0,0.0,0.0,0.0,0.0,0.0,0.11128743775990495,0.11389986824769432,0.019510539157806393,0.08064516129032259,0.1386138613861386,0.1705697785545037,0.1708446378465151,0.0166592482526881,0.13908205841446453,0.19230769230769232,0.005439458846208371,0.005386428550901994,0.0006078215160442758,0.004525338485064764,0.006311866029875533,0.07350784762114684,0.07307307307307306,0.005405369054099312,0.06451612903225806,0.08333333333333333,0.8141359984874725,0.8139220178127289,0.0038335995835273476,0.8086201548576355,0.821867823600769,0.8532322108745575,0.8529053330421448,0.0027090676365847046,0.8500272035598755,0.8592579364776611,0.8332231879234314,0.8333303034305573,0.002986659547888707,0.828819751739502,0.8383116722106934,0.8949999999999999,0.95,0.11890705987824646,0.7,1.0,10,9,9,610.2,0.9,0.9,2,0.2,0.9433571603563097,0.019999446478207252,45
gemma3:4b,q55,0.0,0.0,0.0,0.0,0.0,0.0,0.0,0.0,0.0,0.0,0.0,0.0,0.0,0.0,0.0,0.06265722956565047,0.06309155241043786,0.0027842781796260448,0.056074766355140186,0.06564551422319474,0.0,0.0,0.0,0.0,0.0,0.0,0.0,0.0,0.0,0.0,0.764930921792984,0.7642191350460052,0.0023372750721218846,0.762309193611145,0.7683912515640259,0.7910802960395813,0.7912636697292328,0.002355180820618955,0.788231372833252,0.7958657145500183,0.7777806758880615,0.7779848575592041,0.0010022220628890257,0.7763407230377197,0.779381275177002,0.13,0.0,0.3198958163736021,0.0,1.0,10,10,10,479.7,1.0,1.0,1,0.1,0.9656126618385314,0.013371742259693366,45
gemma3:4b,q568,0.0,0.0,0.0,0.0,0.0,0.0,0.0,0.0,0.0,0.0,0.2472982516052268,0.25136612021857924,0.014514883652774905,0.22485207100591717,0.26436781609195403,0.031319812823448104,0.02664317314040037,0.017128700826123944,0.02226027397260274,0.07971014492753623,0.011057038249367124,0.008036774760981205,0.004794269225788003,0.006832068238103833,0.018464663830306163,0.12306855276299707,0.11928088725062244,0.015050932272816116,0.10714285714285714,0.15819209039548024,0.8485629320144653,0.8484821319580078,0.00384881569641766,0.8429430723190308,0.8556766510009766,0.8503348290920257,0.8493025600910187,0.0034155141710529554,0.8465743064880371,0.8572120666503906,0.8494457125663757,0.8496576845645905,0.0033333052105569746,0.8454367518424988,0.8564437031745911,0.09,0.1,0.09944289260117532,0.0,0.3,10,10,10,577.8,1.0,1.0,1,0.1,0.9360563635826111,0.018932230243886197,45
gemma3:4b,q575,0.0,0.0,0.0,0.0,0.0,0.0,0.0,0.0,0.0,0.0,0.34907386287220915,0.3460580515375036,0.024964747721391137,0.3197278911564626,0.40240240240240244,0.038899668220423,0.03779412668182097,0.007960751753667852,0.02877697841726619,0.05459317585301837,0.029860028279142886,0.03113808252482613,0.012556082468275515,0.011291080775247138,0.051522312268909326,0.16616297855506162,0.16741741741741742,0.016019567818496245,0.1388888888888889,0.1863799283154122,0.8707986295223236,0.8765875995159149,0.008800216174989413,0.8575640916824341,0.8786605596542358,0.8455657839775086,0.8452733755111694,0.005164154560403968,0.8356451392173767,0.8531265258789062,0.8579774975776673,0.8604677617549896,0.005719653558432081,0.8470781445503235,0.8646628856658936,0.38,0.4,0.09189365834726815,0.2,0.5,10,10,10,604.4,1.0,1.0,1,0.1,0.9294385327233209,0.0238855412771953,45
gemma3:4b,q586,0.0,0.0,0.0,0.0,0.0,0.0,0.0,0.0,0.0,0.0,0.36994819028731724,0.36820728291316523,0.015168987290966636,0.3333333333333333,0.38655462184873945,0.03455630083741475,0.03504769875041759,0.0012137602075143424,0.0327455919395466,0.035668789808917196,0.02168639660113364,0.021397679618005334,0.0005808507706876677,0.02111217097940618,0.023121356455630446,0.2494528432384227,0.24999999999999994,0.007286262727920778,0.23333333333333336,0.26315789473684215,0.8591104209423065,0.8584907352924347,0.0017937390365099178,0.8576712608337402,0.8640630841255188,0.9252984344959259,0.9254151582717896,0.0006166213939291235,0.9235802888870239,0.9256879091262817,0.8909759759902954,0.8906546831130981,0.0010259248603061808,0.8902662992477417,0.8938120007514954,0.9800000000000001,1.0,0.025819888974716137,0.95,1.0,10,7,7,565.8,0.7,0.7,4,0.4,0.9916125125355191,0.006076847789010032,45
gemma3:4b,q624,0.0,0.0,0.0,0.0,0.0,0.0,0.0,0.0,0.0,0.0,0.05879623762517848,0.05742810038468584,0.005006118578585236,0.05555555555555555,0.07207207207207207,0.13300225458858636,0.1307312257133575,0.010709077002928525,0.12315930388219545,0.15128593040847202,0.002541018692041694,0.002528276526449234,9.164994109561449e-05,0.0024507934283695444,0.0026749010302443248,0.056994435823376675,0.05607966457023061,0.0020903651046556993,0.05405405405405404,0.06,0.8165721416473388,0.8152984976768494,0.002644927128750927,0.8135378956794739,0.820426344871521,0.8575844407081604,0.8584669530391693,0.0023142524647267325,0.8512040376663208,0.859231173992157,0.8365736305713654,0.8363469839096069,0.002023316357991686,0.8319448232650757,0.8393805623054504,1.0,1.0,0.0,1.0,1.0,10,7,7,659.7,0.7,0.7,3,0.3,0.9653310418128968,0.019184043094760787,45
gemma3:4b,q640,0.0,0.0,0.0,0.0,0.0,0.0,0.0,0.0,0.0,0.0,0.06492564111906499,0.0641729581331503,0.003193543959585307,0.061855670103092786,0.07317073170731708,0.13472337768366358,0.13418838534502778,0.001910794527820418,0.13270142180094788,0.13884297520661157,0.0027899358646281585,0.0027536833349773894,0.00015243065432034278,0.0026446713072165685,0.0031845144858397693,0.06248661672882109,0.06382978723404255,0.0049998284877728685,0.04878048780487805,0.06593406593406594,0.808604508638382,0.808841198682785,0.0017728536934859542,0.8060926795005798,0.8115776777267456,0.8488530278205871,0.8468304574489594,0.003385668099817015,0.8466500043869019,0.8570607900619507,0.8282369256019593,0.8278161883354187,0.0020290876155870928,0.8266575932502747,0.8336993455886841,1.0,1.0,0.0,1.0,1.0,10,10,8,589.5,1.0,0.8,2,0.2,0.9819834113121033,0.01965972338370566,45
gemma3:4b,q645,0.0,0.0,0.0,0.0,0.0,0.0,0.0,0.0,0.0,0.0,0.25521705473057515,0.2564852027767629,0.016442579382396728,0.23529411764705882,0.27941176470588236,0.04193766073278149,0.04235651939296464,0.0018732378787199397,0.03751465416178194,0.0440771349862259,0.010838520416214682,0.011029626196828497,0.000686909639050431,0.009601813803930303,0.011786219649430933,0.14482376119462723,0.14273594909862142,0.009513734695012543,0.13445378151260506,0.16176470588235295,0.8452646791934967,0.8477541208267212,0.005270149737627655,0.8356659412384033,0.8501113653182983,0.8704584240913391,0.8709542453289032,0.0019416253110478572,0.866507887840271,0.8727167844772339,0.8576722085475922,0.8593368828296661,0.0034930917313394524,0.8524970412254333,0.86088627576828,0.9249999999999999,0.95,0.05345224838248482,0.8,0.95,10,10,10,527.0,1.0,1.0,1,0.1,0.964226155810886,0.017049853062698978,45
gemma3:4b,q655,0.0,0.0,0.0,0.0,0.0,0.0,0.0,0.0,0.0,0.0,0.31485259120632814,0.30265310892940633,0.0409845818354697,0.24731182795698925,0.37499999999999994,0.026923902831885164,0.026975668585182612,0.0005530121340719841,0.026013771996939557,0.027642276422764227,0.016275302614876273,0.015720187536093503,0.0016751844917262224,0.014168599653424263,0.01870973146461942,0.13443638663457108,0.13722704991087345,0.012642998592434599,0.10752688172043011,0.15544041450777205,0.8706424057483673,0.8719671964645386,0.0035520846331606386,0.8640958070755005,0.8743149638175964,0.8619763374328613,0.8602920174598694,0.0030169335145350815,0.859142541885376,0.8665933609008789,0.8662863373756409,0.8660779595375061,0.0030904004728172798,0.8617427349090576,0.87043696641922,0.10000000000000002,0.1,0.13228756555322954,0.0,0.4,10,10,10,569.6,1.0,1.0,1,0.1,0.9683798736996121,0.010824813337872994,45
gemma3:4b,q656,0.0,0.0,0.0,0.0,0.0,0.0,0.0,0.0,0.0,0.0,0.3012848391588306,0.2982456140350877,0.02238291269003176,0.27710843373493976,0.3586956521739131,0.018240535099682684,0.018190090164612455,0.0004145144984516921,0.01757469244288225,0.019029495718363463,0.018863808839107092,0.01974508043282305,0.0025611031005047732,0.011715337741401823,0.020243591772381667,0.1515296301367281,0.15204678362573099,0.00469076089827502,0.14130434782608695,0.15819209039548024,0.8553720533847808,0.8554726541042328,0.0018933086557262268,0.8514430522918701,0.8590548634529114,0.8700673937797546,0.8703555762767792,0.00154535919187432,0.8658690452575684,0.8711251020431519,0.8626565337181091,0.8628499507904053,0.0015535920029399284,0.8585954308509827,0.8645145297050476,0.97,0.95,0.02581988897471613,0.95,1.0,10,8,8,617.2,0.8,0.8,2,0.2,0.9723585857285394,0.03119154236700731,45
gemma3:4b,q657,0.0,0.0,0.0,0.0,0.0,0.0,0.0,0.0,0.0,0.0,0.19638770418654214,0.1945450513711287,0.0073133596229332295,0.1875,0.2085889570552147,0.018203723123653075,0.018284973144990307,0.0005225552331667544,0.017421602787456445,0.01876172607879925,0.00966449773662202,0.009682349601430457,0.00035659473940101314,0.009097491111251542,0.010090118040597864,0.0873279493580951,0.0851134599748688,0.00581073828659821,0.08235294117647057,0.09815950920245399,0.8499678075313568,0.8502518832683563,0.0005652203292269446,0.8491348624229431,0.8506207466125488,0.844096964597702,0.8435464799404144,0.0016084675762782974,0.842536211013794,0.8471800088882446,0.8470216691493988,0.8469242751598358,0.0009699486340949503,0.84587162733078,0.8487749695777893,0.24,0.2,0.13498971154211056,0.1,0.6,10,10,10,646.1,1.0,1.0,1,0.1,0.980387975109948,0.007121684840595327,45
gemma3:4b,q663,0.0,0.0,0.0,0.0,0.0,0.0,0.0,0.0,0.0,0.0,0.1417621432029549,0.13852295409181636,0.021368708282224882,0.12021857923497269,0.18823529411764706,0.016114053920332837,0.01934315427845927,0.005498723474842605,0.0073059360730593605,0.020522388059701493,0.007137283785625251,0.0038642184098910664,0.010512451667525529,0.003391365241668188,0.03705214893094819,0.0917595683801972,0.08536902770031604,0.012888030853407445,0.07650273224043716,0.1176470588235294,0.8551933109760285,0.8551140427589417,0.005072959623959007,0.8460990190505981,0.8670377731323242,0.819799393415451,0.8172658085823059,0.007260049297465679,0.8166072368621826,0.840347945690155,0.837116539478302,0.8358352482318878,0.0058791898540043715,0.8321095108985901,0.8534842729568481,0.9400000000000001,1.0,0.18973665961010278,0.4,1.0,10,9,9,572.1,0.9,0.9,2,0.2,0.9530684444639418,0.022972160844879477,45
gemma3:4b,q672,0.0,0.0,0.0,0.0,0.0,0.0,0.0,0.0,0.0,0.0,0.22678741916370887,0.22649572649572652,0.02689027753476908,0.1941747572815534,0.2758620689655173,0.05220101020252318,0.05227593123480268,0.0019610660657808734,0.04859335038363171,0.05436337625178827,0.009381678755305753,0.00893051507639716,0.001083665100553496,0.007836300585918788,0.011024183106057685,0.15435971668353868,0.15168943206326385,0.01312444567540426,0.1415929203539823,0.18965517241379312,0.8414392650127411,0.8408583402633667,0.002754535697433303,0.8355811834335327,0.8448375463485718,0.8620121598243713,0.8616049885749817,0.0036258233728733687,0.857511043548584,0.8711689710617065,0.8515982091426849,0.8513391315937042,0.0026736718024522954,0.8464040756225586,0.8572243452072144,0.6950000000000001,1.0,0.4798437245604031,0.0,1.0,10,10,10,505.2,1.0,1.0,1,0.1,0.9631096998850505,0.013400558288179881,45
gemma3:4b,q676,0.0,0.0,0.0,0.0,0.0,0.0,0.0,0.0,0.0,0.0,0.19498130492733043,0.19555507135853578,0.01108479813992273,0.17293233082706766,0.20895522388059698,0.035809794368609135,0.03697255212684414,0.002947856727526422,0.03021499128413713,0.03952095808383234,0.005721639196123449,0.005590497850222951,0.00034619721816911485,0.005336156724987565,0.006402662823233386,0.12828361832829424,0.12686567164179102,0.0046398082550242244,0.12030075187969926,0.13432835820895522,0.8566242277622222,0.8571252524852753,0.002542029721108056,0.8517906069755554,0.8595826029777527,0.8255364120006561,0.8259553611278534,0.001707740825447184,0.822948157787323,0.8277237415313721,0.8407899856567382,0.840806245803833,0.0013228646147506362,0.8379213213920593,0.8429798483848572,0.74,0.85,0.2664582518894846,0.0,0.9,10,10,10,570.9,1.0,1.0,1,0.1,0.9673912273512946,0.01413385146320731,45
gemma3:4b,q73,0.0,0.0,0.0,0.0,0.0,0.0,0.0,0.0,0.0,0.0,0.2877800541552337,0.27714758359919645,0.032118061792239895,0.2558139534883721,0.3463687150837989,0.07265906666498365,0.07427078927762581,0.008219286903324071,0.050488599348534204,0.0812274368231047,0.03229595621481214,0.029036984375051686,0.010691299647393794,0.02669437878941143,0.06250823516529336,0.20039083609573055,0.19773830820342447,0.00821970331929954,0.18905472636815923,0.21229050279329612,0.8689096510410309,0.8694888651371002,0.0026786059942171744,0.8623510599136353,0.8723093271255493,0.8758685231208801,0.8754921555519104,0.0017177155539375758,0.8740733861923218,0.8786176443099976,0.8723725557327271,0.8723973333835602,0.001587719188808506,0.8689770102500916,0.8741729259490967,0.9650000000000001,0.95,0.03374742788552765,0.9,1.0,10,10,10,581.2,1.0,1.0,1,0.1,0.9605259564187791,0.017787405267204494,45
gemma3:4b,q77,0.0,0.0,0.0,0.0,0.0,0.0,0.0,0.0,0.0,0.0,0.17084008938520429,0.17061994609164421,0.008020603034579148,0.1568627450980392,0.18,0.17545273615052168,0.16516516516516516,0.022336636221741115,0.15625,0.21438263229308005,0.004172176349607849,0.00415904674955676,0.00021583988206936693,0.003826543369924661,0.004432329406944559,0.07680038831063545,0.0773109243697479,0.0028759835965660257,0.07207207207207209,0.07999999999999999,0.8419234216213226,0.8412667810916901,0.002372596098895693,0.8392543792724609,0.845445990562439,0.8665961980819702,0.8666796684265137,0.0007568554458277807,0.8650164008140564,0.8675175905227661,0.8540802001953125,0.853764683008194,0.001353567767030432,0.8524253964424133,0.8563395738601685,0.2,0.2,0.10540925533894596,0.0,0.3,10,10,9,530.3,1.0,0.9,2,0.2,0.9763725572162204,0.011617141032998482,45
gemma3:4b,q79,0.0,0.0,0.0,0.0,0.0,0.0,0.0,0.0,0.0,0.0,0.19952513515251435,0.20596026490066224,0.025497777198896267,0.16417910447761194,0.23129251700680273,0.0062266909235178716,0.006286015344594817,0.00022954082330281896,0.005870841487279843,0.006437768240343348,0.004485428344902227,0.0038687936654771575,0.001140562144020641,0.003640244872378882,0.00632663147720985,0.11052745222465361,0.11674550614947968,0.012609162155590553,0.08955223880597016,0.12244897959183676,0.8342063724994659,0.8343572616577148,0.0023074538877645863,0.8306280970573425,0.8369263410568237,0.8596964478492737,0.8596491515636444,0.0009555376281022333,0.858266294002533,0.8609308004379272,0.8467576622962951,0.8471205234527588,0.0011723314598987404,0.8449836373329163,0.848135232925415,0.993,1.0,0.01567021236472423,0.95,1.0,10,8,8,697.6,0.8,0.8,2,0.2,0.9661001430617439,0.016712197891221768,45
gpt-4.1-nano,q110,0.0,0.0,0.0,0.0,0.0,0.0,0.0,0.0,0.0,0.0,0.2191798060770786,0.24489795918367346,0.057885590445416156,0.15053763440860213,0.2916666666666667,0.032630349536420175,0.03244173380412876,0.0013674704166612118,0.030721966205837174,0.03436426116838488,0.008028040119301225,0.009533251987268222,0.0022679337117344767,0.005212783368500717,0.010458164798418441,0.12401975938675006,0.14142857142857143,0.03166633819732046,0.08602150537634409,0.15841584158415842,0.872530597448349,0.8719733953475952,0.002708932535635158,0.8693416118621826,0.8764843344688416,0.8732915878295898,0.873209685087204,0.005389363070965333,0.8670457005500793,0.8807579278945923,0.872904258966446,0.8742007911205292,0.003420111990811769,0.8683940172195435,0.8771176934242249,0.95,0.95,0.06236095644623235,0.8,1.0,10,9,9,407.9,0.9,0.9,2,0.2,0.967428461710612,0.014189045052372461,45
gpt-4.1-nano,q133,0.0,0.0,0.0,0.0,0.0,0.0,0.0,0.0,0.0,0.0,0.0,0.0,0.0,0.0,0.0,0.046961798793491286,0.04488087369779373,0.006827848938522668,0.04145077720207254,0.06545454545454546,0.0,0.0,0.0,0.0,0.0,0.0,0.0,0.0,0.0,0.0,0.7529915034770965,0.7521986067295074,0.004032587574973987,0.7490146160125732,0.762071430683136,0.7949687778949738,0.7945969700813293,0.0010732014659287502,0.7938357591629028,0.797021746635437,0.773406320810318,0.7732007205486298,0.002302282389509836,0.7708163261413574,0.777782142162323,0.039999999999999994,0.0,0.09660917830792959,0.0,0.3,10,10,10,336.7,1.0,1.0,1,0.1,0.9703743682967292,0.017250811629009533,45
gpt-4.1-nano,q134,0.0,0.0,0.0,0.0,0.0,0.0,0.0,0.0,0.0,0.0,0.293489631385545,0.26748452189864713,0.056194310288928045,0.24742268041237112,0.41860465116279066,0.13432722868212266,0.13313950442663314,0.009222281612031884,0.12361331220285261,0.14971209213051823,0.08980213634790281,0.08955310434391972,0.012011729293973438,0.07377196485770991,0.11235465135168293,0.20602080583901058,0.2077439462958523,0.015621462098544103,0.1782178217821782,0.22471910112359547,0.8340996146202088,0.8320245146751404,0.00656792117272555,0.8267696499824524,0.8474844694137573,0.9099521100521087,0.9083852767944336,0.006393248484669315,0.9027758836746216,0.923780620098114,0.8703747987747192,0.868086189031601,0.006392577988314394,0.8631026744842529,0.8839893937110901,0.945,0.95,0.05986094998689321,0.8,1.0,10,10,10,477.0,1.0,1.0,1,0.1,0.9496310379770067,0.014158882684481136,45
gpt-4.1-nano,q137,0.0,0.0,0.0,0.0,0.0,0.0,0.0,0.0,0.0,0.0,0.2695438526811766,0.268294881038212,0.03960736602733125,0.20915032679738566,0.3291139240506329,0.04407132530613063,0.04596918137363624,0.005665515921476623,0.033112582781456956,0.04975124378109453,0.01696694408503555,0.011646562199292542,0.009512809211191582,0.009623443124030979,0.03228575460557935,0.16709224852925125,0.15326454367550257,0.03590356008672089,0.12578616352201258,0.22666666666666668,0.8667412281036377,0.8658320307731628,0.003843715479930357,0.8598399758338928,0.8727707862854004,0.8861701488494873,0.8855668306350708,0.006010162682114925,0.8792247772216797,0.8960176706314087,0.8763454794883728,0.8755370676517487,0.004757710971983346,0.8694243431091309,0.8842414617538452,0.9555555555555555,0.95,0.016666666666666684,0.95,1.0,10,10,10,505.3,1.0,1.0,1,0.1,0.9460337188508775,0.01775001962806697,45
gpt-4.1-nano,q166,0.0,0.0,0.0,0.0,0.0,0.0,0.0,0.0,0.0,0.0,0.0784553550175203,0.08586137157565729,0.01925817804436549,0.04395604395604396,0.0970873786407767,0.167466944268359,0.17218788480160674,0.021594405196374112,0.1375796178343949,0.19722650231124808,0.006192114595851834,0.006292666951612314,0.0004435655338965651,0.005235475585773997,0.006725967213014014,0.06689855549498878,0.06664828093399522,0.013694719890024888,0.04395604395604396,0.09009009009009009,0.8199051499366761,0.8195635974407196,0.004843482607070671,0.8113645315170288,0.8288652896881104,0.8201551914215088,0.8209198117256165,0.0032921568391679128,0.8149591088294983,0.8236486911773682,0.8200216293334961,0.819983959197998,0.003068386099874924,0.8168691396713257,0.8262361884117126,0.9562499999999999,0.95,0.0320434972230828,0.9,1.0,10,10,10,561.7,1.0,1.0,1,0.1,0.9311052759488424,0.01620390139240251,45
gpt-4.1-nano,q177,0.0,0.0,0.0,0.0,0.0,0.0,0.0,0.0,0.0,0.0,0.08460377475238727,0.08792270531400967,0.012286193716066169,0.06060606060606061,0.10126582278481013,0.160534266181826,0.17502632650322628,0.042280918108571604,0.0907563025210084,0.20032310177705978,0.004726994637973656,0.003424520607844268,0.0028422736108866375,0.002748693582120728,0.011749476294126029,0.053503358132666934,0.046785225718194254,0.01631949069572184,0.03773584905660377,0.08421052631578949,0.8309389114379883,0.8325397968292236,0.006298148868902834,0.8196238279342651,0.8425995111465454,0.8885819613933563,0.8859487473964691,0.006115783783707175,0.8831878304481506,0.9011750221252441,0.8587834179401398,0.8581748306751251,0.0053332874166418095,0.8519566655158997,0.8695081472396851,0.5650000000000001,0.6499999999999999,0.38009501736042556,0.0,1.0,10,10,10,549.3,1.0,1.0,1,0.1,0.9392682962947422,0.019956828282930814,45
gpt-4.1-nano,q212,0.0,0.0,0.0,0.0,0.0,0.0,0.0,0.0,0.0,0.0,0.3078470267014866,0.32274610376800156,0.035374789093515865,0.2608695652173913,0.34285714285714286,0.021947567244682675,0.021468194579757755,0.0018547314365609817,0.019955654101995565,0.02666666666666667,0.0344010749541773,0.029657912835344788,0.01220894811960753,0.026268670078498087,0.06687103243458371,0.15953126560116537,0.16549666549666547,0.022300024627699467,0.12422360248447205,0.1897810218978102,0.8576935291290283,0.8635467290878296,0.015394145988969841,0.8382210731506348,0.8781413435935974,0.8643413364887238,0.8669876754283905,0.005338873761667675,0.856162428855896,0.8703883290290833,0.8609759569168091,0.8652637600898743,0.010327813707669409,0.8470967411994934,0.8742476105690002,0.96,0.975,0.05163977794943222,0.85,1.0,10,9,9,481.4,0.9,0.9,2,0.2,0.9491476734479268,0.020268700440295127,45
gpt-4.1-nano,q213,0.0,0.0,0.0,0.0,0.0,0.0,0.0,0.0,0.0,0.0,0.29819634007929413,0.2905844155844156,0.016854948689416584,0.27906976744186046,0.3225806451612903,0.31048632026584566,0.3080049893609216,0.015388497570686601,0.2871452420701169,0.3402061855670103,0.016566368112238317,0.012138201349729087,0.006370497110451213,0.011072581435845821,0.025325691876793198,0.21290637308878094,0.2130252100840336,0.01655626017719174,0.18604651162790697,0.23655913978494625,0.8606347918510437,0.8595608174800873,0.0037035824472897577,0.8573639392852783,0.8701363801956177,0.9104867279529572,0.9094281792640686,0.005357187754165392,0.9052896499633789,0.9199482798576355,0.8848524570465088,0.8837912678718567,0.0037427207395422843,0.8806752562522888,0.8942803144454956,0.99,1.0,0.021081851067789224,0.95,1.0,10,9,9,479.9,0.9,0.9,2,0.2,0.9593744132253859,0.013540269389818905,45
gpt-4.1-nano,q236,0.0,0.0,0.0,0.0,0.0,0.0,0.0,0.0,0.0,0.0,0.032282543560626556,0.02248326386257421,0.019022651145240942,0.020202020202020204,0.07692307692307693,0.1921662833579118,0.18745749582276827,0.021852322168320455,0.15977961432506887,0.2348993288590604,0.002855236236456323,0.002388943736027499,0.001342847843685344,0.0021046569177111426,0.0065550184934083005,0.032282543560626556,0.02248326386257421,0.019022651145240942,0.020202020202020204,0.07692307692307693,0.8082707762718201,0.8058012425899506,0.005819139715922205,0.8024752140045166,0.818695068359375,0.846004170179367,0.8419792950153351,0.009422483946635016,0.8391779661178589,0.8679503202438354,0.8267012953758239,0.8245479464530945,0.00734967374578469,0.820833683013916,0.8426035046577454,0.93,0.9,0.04216370213557836,0.9,1.0,10,10,10,552.4,1.0,1.0,1,0.1,0.9521264049741957,0.026662437655873474,45
gpt-4.1-nano,q245,0.0,0.0,0.0,0.0,0.0,0.0,0.0,0.0,0.0,0.0,0.20430655292967798,0.20091743119266053,0.022395548406781294,0.18018018018018017,0.24096385542168677,0.3104750262358029,0.3089461137453174,0.03860901479879973,0.26440677966101694,0.40515653775322286,0.009433109991480653,0.0086903403842802,0.0016936816337908634,0.006986280403265242,0.012740800388556581,0.15018385868290976,0.14839449541284405,0.01487282665945876,0.12612612612612614,0.17021276595744683,0.8251460134983063,0.8190020322799683,0.012212822043056813,0.8147844076156616,0.8452683091163635,0.848006933927536,0.8471997678279877,0.002994245981993433,0.8442147970199585,0.8536355495452881,0.8363926589488984,0.8332560360431671,0.007467449318864204,0.8297072649002075,0.8487017750740051,0.9888888888888889,1.0,0.022047927592204957,0.95,1.0,10,10,10,470.5,1.0,1.0,1,0.1,0.9477967858314514,0.026612043020370957,45
gpt-4.1-nano,q250,0.0,0.0,0.0,0.0,0.0,0.0,0.0,0.0,0.0,0.0,0.3215007841445242,0.3137254901960784,0.018128492514371347,0.30769230769230765,0.35789473684210527,0.02627452112875601,0.02637398024903392,0.0018951037323459822,0.023323615160349854,0.030405405405405407,0.011131171345099033,0.010752200016661731,0.001261082959396127,0.009982853168054915,0.013743242602310569,0.1754920479524134,0.17391710231516055,0.010768717379964262,0.16363636363636364,0.1978021978021978,0.871655285358429,0.8692929744720459,0.006325048890564358,0.8678354024887085,0.8875600099563599,0.8999870657920838,0.8983933925628662,0.0037879177011583415,0.8978753089904785,0.9096252918243408,0.8855895042419434,0.8835209608078003,0.004757059505696814,0.8826512694358826,0.8955290913581848,1.0,1.0,0.0,1.0,1.0,10,10,10,487.9,1.0,1.0,1,0.1,0.9769550429450141,0.015039414864778751,45
gpt-4.1-nano,q251,0.0,0.0,0.0,0.0,0.0,0.0,0.0,0.0,0.0,0.0,0.2933985735556247,0.290223708303479,0.00964424067097242,0.27999999999999997,0.3116883116883117,0.03970851203030383,0.039513667040523615,0.002927745124130986,0.036596523330283626,0.04549763033175355,0.009550495085173761,0.010077539732628241,0.0008397964302230183,0.008140755126527904,0.010152312520083487,0.14348754050879736,0.14522875816993464,0.009479263309342855,0.12738853503184713,0.15584415584415584,0.8582668900489807,0.8583349883556366,0.0016297042156096012,0.8559149503707886,0.8616334199905396,0.838754403591156,0.83853679895401,0.0007561943678197785,0.837835431098938,0.8399571180343628,0.8483980178833008,0.848607748746872,0.0010750024319901813,0.846785306930542,0.8505147695541382,0.94375,0.95,0.03204349722308277,0.9,1.0,10,10,10,499.9,1.0,1.0,1,0.1,0.9819921784930759,0.011982606685288054,45
gpt-4.1-nano,q257,0.0,0.0,0.0,0.0,0.0,0.0,0.0,0.0,0.0,0.0,0.24365872851255385,0.23880597014925373,0.015357986602032112,0.21686746987951808,0.26865671641791045,0.17390155664197118,0.15910026473909414,0.05724483101443475,0.12058212058212059,0.26406926406926406,0.005789592362172788,0.005923625523450718,0.0004134554147023538,0.004632339441587861,0.0061006446130066954,0.12211708229260132,0.11940298507462686,0.014958352179998784,0.09638554216867469,0.14925373134328357,0.8523411631584168,0.8517875671386719,0.003548896085266992,0.8456187844276428,0.8559880256652832,0.9050474405288697,0.9050084352493286,0.0017337031104489584,0.9022372364997864,0.9079034328460693,0.8779011547565461,0.8775938749313354,0.0023561451061549273,0.8738743662834167,0.8811817169189453,1.0,1.0,0.0,1.0,1.0,10,9,9,397.0,0.9,0.9,2,0.2,0.963338021437327,0.019523359572750597,45
gpt-4.1-nano,q258,0.0,0.0,0.0,0.0,0.0,0.0,0.0,0.0,0.0,0.0,0.1202163030042414,0.12435567010309277,0.009627377588062699,0.10526315789473685,0.13186813186813187,0.18180024200787953,0.18058700969290697,0.010015731953103324,0.16689847009735745,0.20121951219512196,0.006328352659430159,0.00634608211187707,0.0003476529574869763,0.005530299700905084,0.006734428210674349,0.10332508722505888,0.10362972508591065,0.015269993614134933,0.08421052631578947,0.12765957446808512,0.845611435174942,0.845684826374054,0.002959988711615319,0.8397434949874878,0.8499959707260132,0.8483281791210174,0.8484069406986237,0.00350369430188053,0.8409534692764282,0.8528738021850586,0.8469650685787201,0.8473788499832153,0.0028497541717997336,0.8426470756530762,0.8506064414978027,0.605,0.6,0.18922355972646626,0.3,0.9,10,10,10,576.1,1.0,1.0,1,0.1,0.9499518526924982,0.013589856050739707,45
gpt-4.1-nano,q282,0.0,0.0,0.0,0.0,0.0,0.0,0.0,0.0,0.0,0.0,0.2776001620177342,0.27777777777777773,0.00993343257764257,0.25316455696202533,0.2926829268292683,0.19113442941129052,0.16162125120928733,0.06347416198623364,0.15964523281596452,0.3146997929606625,0.014544758129347721,0.013116969744321203,0.004272964963605071,0.012740800388556581,0.02663972841610661,0.1785452778219403,0.16784037558685444,0.02391314716878659,0.1643835616438356,0.2278481012658228,0.8536058127880096,0.8509446978569031,0.008852587393575478,0.8475536108016968,0.8727154731750488,0.9049349665641785,0.8997568190097809,0.012048110138760322,0.8983530402183533,0.9302500486373901,0.8785191178321838,0.8748598098754883,0.010340640317911402,0.872258722782135,0.9005647897720337,0.8800000000000001,0.95,0.1782632260949458,0.5,1.0,10,8,8,363.1,0.8,0.8,3,0.3,0.9721839957767062,0.020943824394229368,45
gpt-4.1-nano,q287,0.0,0.0,0.0,0.0,0.0,0.0,0.0,0.0,0.0,0.0,0.1522220655954609,0.15233494363929145,0.02201758322376435,0.12280701754385967,0.18348623853211007,0.1735874033987573,0.17566528721307478,0.015759786253369077,0.14246575342465753,0.19241192411924118,0.0036019856497555686,0.00357524804881201,0.0003076998854202957,0.003067583812482852,0.0040800107015866475,0.11388879368332785,0.10909992561368706,0.016248799257257557,0.0967741935483871,0.14953271028037385,0.8347449779510498,0.8355381786823273,0.007238055669257511,0.824109673500061,0.8449219465255737,0.8667992234230042,0.8660814762115479,0.0032462240801732043,0.8624170422554016,0.8718061447143555,0.8504601716995239,0.8507048189640045,0.004820300630854728,0.8436734080314636,0.8565826416015625,0.01,0.0,0.0316227766016838,0.0,0.1,10,10,10,608.0,1.0,1.0,1,0.1,0.9357635498046875,0.01335659588747104,45
gpt-4.1-nano,q290,0.0,0.0,0.0,0.0,0.0,0.0,0.0,0.0,0.0,0.0,0.18635718249563976,0.17823529411764705,0.025638869382225003,0.15238095238095237,0.23529411764705876,0.12182965779559854,0.12083333333333333,0.004617052406804121,0.11497326203208556,0.12903225806451613,0.017759788730211844,0.017709096306095858,0.0015646590796487146,0.015731750837144846,0.020111428237972198,0.1010555731726653,0.09901960784313725,0.01716436165915921,0.07547169811320754,0.13725490196078433,0.8166693925857544,0.8197218775749207,0.009495198163474133,0.7989332675933838,0.8273940086364746,0.8690369784832,0.8687113225460052,0.0017750621144044638,0.866719663143158,0.8717405796051025,0.8420143127441406,0.8435230255126953,0.005225926724431042,0.8335662484169006,0.84861820936203,0.99,1.0,0.021081851067789228,0.95,1.0,10,10,10,559.7,1.0,1.0,1,0.1,0.954701840877533,0.012513466873906224,45
gpt-4.1-nano,q295,0.0,0.0,0.0,0.0,0.0,0.0,0.0,0.0,0.0,0.0,0.052443838254172016,0.05263157894736842,0.003838978374655733,0.048780487804878044,0.0625,0.12656843964142298,0.12605042016806722,0.010966166771672744,0.11627906976744186,0.15625,0.005139714638712612,0.005157142709886005,0.00042026649334458635,0.004744188024111083,0.006244385951234721,0.052443838254172016,0.05263157894736842,0.003838978374655733,0.048780487804878044,0.0625,0.7894785463809967,0.7899780869483948,0.0013972803195681787,0.7875867486000061,0.7924076318740845,0.8324403882026672,0.832434892654419,0.00017387619407200386,0.8323156833648682,0.8329101204872131,0.8103900253772736,0.8106510043144226,0.0008096141341960198,0.8093604445457458,0.8121541738510132,1.0,1.0,0.0,1.0,1.0,10,4,4,225.2,0.4,0.4,5,0.5,0.9940700305832757,0.007237344797855566,45
gpt-4.1-nano,q319,0.0,0.0,0.0,0.0,0.0,0.0,0.0,0.0,0.0,0.0,0.2954464859343598,0.2931080718691338,0.02520603562532779,0.26229508196721313,0.3418803418803419,0.06850035493319098,0.06791569086651053,0.004860705719401649,0.06192660550458716,0.07575757575757576,0.0438316098339238,0.04485457201702098,0.0028221558163234305,0.03804078207602053,0.04711190553715208,0.20343442603103923,0.20601237842617154,0.023458500825035235,0.1639344262295082,0.23140495867768593,0.8515412926673889,0.8535446524620056,0.0043281958127452695,0.8412315845489502,0.8554958701133728,0.8585903525352478,0.8607825040817261,0.004358820294103842,0.8515307903289795,0.8628464937210083,0.8550461590290069,0.8561920523643494,0.00375004329880102,0.8481444120407104,0.858546793460846,0.97,1.0,0.0483045891539648,0.85,1.0,10,10,10,556.6,1.0,1.0,1,0.1,0.9515416264533997,0.014342810794644275,45
gpt-4.1-nano,q328,0.0,0.0,0.0,0.0,0.0,0.0,0.0,0.0,0.0,0.0,0.17383892096503165,0.1628787878787879,0.02851612686139003,0.13999999999999999,0.2222222222222222,0.22368122065052773,0.22943710315723967,0.03334542936454486,0.176,0.27002967359050445,0.01007866130187858,0.008028876190257366,0.004305425688204232,0.006294392313576334,0.018093439229542582,0.1192009522773266,0.1145104895104895,0.016762865592469894,0.09615384615384615,0.14583333333333331,0.8442729949951172,0.8441016376018524,0.004600137595899724,0.8370324373245239,0.8521879315376282,0.8695909202098846,0.8690798580646515,0.005604044999319382,0.8618172407150269,0.8807483911514282,0.8567373394966126,0.8570519387722015,0.004331982962936497,0.8503522276878357,0.8623602390289307,0.47000000000000003,0.5,0.09486832980505137,0.3,0.6,10,10,10,576.9,1.0,1.0,1,0.1,0.9275225652588739,0.013971868089691008,45
gpt-4.1-nano,q335,0.0,0.0,0.0,0.0,0.0,0.0,0.0,0.0,0.0,0.0,0.26718312064890315,0.25671124560718467,0.03064488698486205,0.22772277227722773,0.3142857142857142,0.023320058124408294,0.016701238836070297,0.009403368170297065,0.015815959741193385,0.03802281368821293,0.00863296812988915,0.008496955979755425,0.002872173662610937,0.004786320449488758,0.012231356989604841,0.13660833746250628,0.1316464133723017,0.013787965122321034,0.11822660098522167,0.15686274509803919,0.8659063637256622,0.8677558600902557,0.003693866010123878,0.8608849048614502,0.8699362277984619,0.8154348492622375,0.8161816000938416,0.0036857394869607174,0.8105966448783875,0.8214795589447021,0.8399111926555634,0.8410352766513824,0.0034533038765552854,0.834984302520752,0.844482958316803,0.5900000000000001,0.6,0.1173787790777267,0.4,0.8,10,10,10,510.7,1.0,1.0,1,0.1,0.9388809429274665,0.018121830042066994,45
gpt-4.1-nano,q336,0.0,0.0,0.0,0.0,0.0,0.0,0.0,0.0,0.0,0.0,0.288076122509664,0.2711864406779661,0.027610967150817595,0.2711864406779661,0.33333333333333337,0.45380322846706733,0.43360433604336046,0.04094618921295124,0.43360433604336046,0.5314009661835749,0.03184560062857042,0.03234262986694916,0.0019852061890116082,0.028460812517661596,0.03513597218173687,0.2734562394687283,0.2711864406779661,0.0037403621182815496,0.2711864406779661,0.2807017543859649,0.8808746218681336,0.872599720954895,0.015520213094452204,0.872599720954895,0.909930944442749,0.9051775991916656,0.9074926972389221,0.003841132395986012,0.8986406922340393,0.9074926972389221,0.8927668452262878,0.889704167842865,0.0060713485810999016,0.889704167842865,0.9042506217956543,1.0,1.0,0.0,1.0,1.0,10,3,3,223.2,0.3,0.3,7,0.7,0.9745167798466152,0.024993556646742382,45
gpt-4.1-nano,q337,0.0,0.0,0.0,0.0,0.0,0.0,0.0,0.0,0.0,0.0,0.12613149780243202,0.11269841269841271,0.028967857415005998,0.09523809523809523,0.17721518987341772,0.10517746120341316,0.10485792414695042,0.004735401394394516,0.09812409812409813,0.11276948590381426,0.00993177534933999,0.01005800492074144,0.0014066002626818047,0.007779098593887742,0.011893260654533212,0.09775214349502173,0.08452380952380953,0.02501515609261926,0.07142857142857142,0.13157894736842105,0.802226459980011,0.8019764721393585,0.004376915855871388,0.7958089709281921,0.8090347051620483,0.7687156558036804,0.763403594493866,0.008342875468182104,0.7611721754074097,0.7794417142868042,0.7851028621196747,0.7817088067531586,0.0060503892557588835,0.7793253064155579,0.7932795882225037,0.41,0.4,0.08755950357709132,0.3,0.5,10,10,10,409.5,1.0,1.0,1,0.1,0.9678899910714891,0.014335385443378429,45
gpt-4.1-nano,q354,0.0,0.0,0.0,0.0,0.0,0.0,0.0,0.0,0.0,0.0,0.1890606206118608,0.18872821653689287,0.017232892978364407,0.16279069767441862,0.22222222222222224,0.23256346237301936,0.22421064630115126,0.020455450384298465,0.21649484536082475,0.28376068376068375,0.010455085751340864,0.010439476581524816,0.0011545299031168817,0.008646378385698946,0.011953994172857826,0.13646901716156062,0.13559754851889683,0.017348757195784586,0.11627906976744187,0.175,0.8552402019500732,0.8577264249324799,0.008755581006262125,0.8378552198410034,0.8645947575569153,0.8745777845382691,0.8743487000465393,0.002431746717550968,0.8691879510879517,0.8782248497009277,0.8647841453552246,0.8668389022350311,0.0051563510611516246,0.8553735613822937,0.8696532845497131,0.82,0.8,0.0632455532033676,0.75,0.9,10,10,10,426.2,1.0,1.0,1,0.1,0.9649362987942166,0.015303406736064723,45
gpt-4.1-nano,q356,0.0,0.0,0.0,0.0,0.0,0.0,0.0,0.0,0.0,0.0,0.217605911917925,0.2136517328825021,0.01791742701334469,0.20238095238095238,0.2619047619047619,0.029060513568234463,0.028169014084507043,0.0027588947113875795,0.028094820017559263,0.03690685413005272,0.00986951368166544,0.008840908386973288,0.0031180850131030786,0.008727646220559769,0.01873072775128328,0.13512775102187125,0.1317365269461078,0.013031956985773443,0.11834319526627218,0.16666666666666669,0.8462688028812408,0.8457120656967163,0.002084580026550742,0.8448302745819092,0.8519737720489502,0.8551730573177337,0.8541573286056519,0.002764194373834105,0.8529480695724487,0.8623486757278442,0.8506974041461944,0.8499322831630707,0.0023958332423477907,0.848869800567627,0.8571298718452454,0.5555555555555556,0.5,0.2442391814958807,0.2,1.0,10,9,9,622.7,0.9,0.9,2,0.2,0.9756403274006313,0.01579238612766834,45
gpt-4.1-nano,q397,0.0,0.0,0.0,0.0,0.0,0.0,0.0,0.0,0.0,0.0,0.1020325234620156,0.09864603481624758,0.02203743551407259,0.06593406593406594,0.13793103448275862,0.21057526205057808,0.20463629096722621,0.04120308584474885,0.16236162361623616,0.27008547008547007,0.004579111040741346,0.0036956486489438927,0.00163697085349911,0.00327361330660438,0.0073332016447467865,0.08631931945795702,0.08938826466916355,0.011722795336278685,0.06593406593406594,0.10638297872340426,0.8522893369197846,0.8525533974170685,0.006313475920297385,0.844093382358551,0.8641238212585449,0.8675886034965515,0.867599755525589,0.003093118418467928,0.8620703816413879,0.872698187828064,0.8598627150058746,0.8599451780319214,0.004153690794139926,0.8542479276657104,0.867631196975708,0.04,0.0,0.06992058987801011,0.0,0.2,10,10,10,462.8,1.0,1.0,1,0.1,0.9394370012813145,0.012676949839852724,45
gpt-4.1-nano,q405,0.0,0.0,0.0,0.0,0.0,0.0,0.0,0.0,0.0,0.0,0.29288219084609557,0.29998223906222254,0.01772092552819833,0.25373134328358216,0.3088235294117648,0.04004167767185841,0.04004850327979844,0.0010218062175426591,0.03836930455635491,0.04176904176904177,0.006117225533907067,0.005082708409893715,0.0017690682660175012,0.004851977755614083,0.00897739098429129,0.14644201947719782,0.14925373134328357,0.0074629802860057565,0.13533834586466165,0.15748031496062992,0.8692779660224914,0.8673717081546783,0.004769800696841461,0.8643497228622437,0.878450870513916,0.8810902416706086,0.8809850513935089,0.002199338090567699,0.8778607845306396,0.884413480758667,0.8751409530639649,0.8738868832588196,0.003280477744096112,0.8717263340950012,0.8808004260063171,0.9650000000000001,0.95,0.024152294576982425,0.95,1.0,10,10,10,533.6,1.0,1.0,1,0.1,0.9650116403897603,0.019253967168293272,45
gpt-4.1-nano,q410,0.0,0.0,0.0,0.0,0.0,0.0,0.0,0.0,0.0,0.0,0.05919995801898383,0.06150234741784037,0.02408403866670243,0.03125,0.09375000000000001,0.17847391094695683,0.18044005544005542,0.03233151283243865,0.13654618473895583,0.22857142857142856,0.004228777205852161,0.003977426793027334,0.0009444072492685284,0.003367842053959438,0.006132910803680854,0.05919995801898383,0.06150234741784037,0.02408403866670243,0.03125,0.09375000000000001,0.8276132106781006,0.827755868434906,0.004421702126103146,0.821982741355896,0.8355021476745605,0.8215649008750916,0.8226925134658813,0.0028687170176218022,0.8169914484024048,0.8251981139183044,0.824575275182724,0.824670672416687,0.0033704098662508996,0.8203501105308533,0.8296505212783813,0.933,0.925,0.03802046232695696,0.9,1.0,10,10,10,318.6,1.0,1.0,1,0.1,0.9476551585727268,0.016913117994351818,45
gpt-4.1-nano,q440,0.0,0.0,0.0,0.0,0.0,0.0,0.0,0.0,0.0,0.0,0.2240046498111014,0.2222222222222222,0.01229776798103675,0.21621621621621623,0.25806451612903225,0.3767385904895565,0.3701067615658363,0.01672885682111525,0.36879432624113473,0.42276422764227645,0.01041860386784364,0.010275474580767148,0.0008985955803002243,0.009871721786705418,0.01291802583371725,0.2240046498111014,0.2222222222222222,0.01229776798103675,0.21621621621621623,0.25806451612903225,0.8515886783599853,0.8502318561077118,0.0034807516185979184,0.8497978448867798,0.8613113164901733,0.8115900814533233,0.8119515478610992,0.0012363491521486113,0.8094329237937927,0.8126583695411682,0.831104701757431,0.8307261765003204,0.0017317084268544556,0.8293397426605225,0.8354557156562805,1.0,1.0,0.0,1.0,1.0,10,6,5,177.0,0.6,0.5,4,0.4,0.9844849003685845,0.010894316776600611,45
gpt-4.1-nano,q469,0.0,0.0,0.0,0.0,0.0,0.0,0.0,0.0,0.0,0.0,0.2237411473135016,0.2304546217589696,0.021301874337152738,0.1937984496124031,0.24334600760456274,0.025974277656755716,0.02609526456588959,0.0036982391966374427,0.017811704834605598,0.033128834355828224,0.0029158624097275583,0.002964827132363324,0.0003849058472882171,0.0022481673651073954,0.0034454666401158027,0.13460874384767316,0.13636363636363638,0.006947437118279732,0.11764705882352941,0.1444866920152091,0.8582198262214661,0.8568162322044373,0.004258716725182987,0.8533247113227844,0.8667914271354675,0.8089873671531678,0.808232456445694,0.00398161762616237,0.8032702207565308,0.8168436884880066,0.83286914229393,0.8317044973373413,0.003152672297608856,0.8299931883811951,0.8399887084960938,0.9555555555555555,0.95,0.05270462766947298,0.85,1.0,10,9,9,468.5,0.9,0.9,2,0.2,0.9648646672566732,0.017276589065340964,45
gpt-4.1-nano,q478,0.0,0.0,0.0,0.0,0.0,0.0,0.0,0.0,0.0,0.0,0.21691713006309515,0.21703296703296704,0.006452652456506164,0.2083333333333333,0.22641509433962262,0.22643680201249228,0.22711494168598667,0.009827723399975292,0.21385542168674698,0.2379421221864952,0.008277032927120162,0.008522035431284658,0.0006769154067058082,0.007222350715877335,0.00920704688493996,0.15115498379942954,0.1547008547008547,0.011265868298885456,0.1320754716981132,0.16666666666666669,0.8552403450012207,0.8547973036766052,0.003690440821708957,0.8495669960975647,0.8604793548583984,0.8758680105209351,0.8760288655757904,0.0014877310924314494,0.8730398416519165,0.8772657513618469,0.8654263556003571,0.865885853767395,0.0018395214932858792,0.8625792264938354,0.8679319024085999,0.465,0.55,0.3109573032498906,0.0,0.95,10,7,7,482.5,0.7,0.7,3,0.3,0.9635356850094265,0.020225006870215567,45
gpt-4.1-nano,q500,0.0,0.0,0.0,0.0,0.0,0.0,0.0,0.0,0.0,0.0,0.28494122399791344,0.2906195207481005,0.026790405146117597,0.21238938053097345,0.30357142857142855,0.039566492369706226,0.039634146341463415,0.0006773323248254635,0.03784570596797671,0.040372670807453416,0.04627241200376359,0.0493016456430995,0.009457426006395701,0.019604077830001315,0.0508556876396793,0.1741715685151703,0.17699115044247787,0.005901526219710533,0.1592920353982301,0.17857142857142858,0.8641007602214813,0.8647383451461792,0.0022793639390417267,0.857934832572937,0.865683376789093,0.851218181848526,0.8517714738845825,0.0015787831593799167,0.8468241691589355,0.8521142601966858,0.8576107919216156,0.858242392539978,0.0018783275847938797,0.8523432612419128,0.8588197827339172,0.07,0.0,0.09486832980505139,0.0,0.2,10,7,7,380.5,0.7,0.7,3,0.3,0.988060630692376,0.0059064648114235925,45
gpt-4.1-nano,q502,0.0,0.0,0.0,0.0,0.0,0.0,0.0,0.0,0.0,0.0,0.17744083615654677,0.17061994609164421,0.014983213427554681,0.16161616161616163,0.20618556701030927,0.006047546185995385,0.005925977950972409,0.0005196849695361415,0.005517241379310344,0.006980802792321117,0.008929918585278727,0.00876496357013749,0.0009787565197875742,0.007770091505992114,0.010608359163960558,0.13580754662080818,0.1407355021216407,0.01197427025108973,0.11904761904761905,0.1509433962264151,0.8435283422470092,0.8433675765991211,0.004326110718451839,0.836839497089386,0.8503892421722412,0.8481115400791168,0.8472267687320709,0.004151502546944946,0.8435400724411011,0.8562961220741272,0.8458082437515259,0.8450137078762054,0.0035719816342739898,0.8401764035224915,0.8499537110328674,0.9949999999999999,1.0,0.015811388300841906,0.95,1.0,10,9,9,447.2,0.9,0.9,2,0.2,0.9664520952436659,0.01389708705678521,45
gpt-4.1-nano,q529,0.0,0.0,0.0,0.0,0.0,0.0,0.0,0.0,0.0,0.0,0.11215365869846625,0.11415078977365249,0.016438940617984153,0.09411764705882353,0.1388888888888889,0.22023893340816042,0.21842251950947605,0.04835124326624751,0.10975609756097561,0.2857142857142857,0.006543867475491194,0.005673771644794989,0.0029241128222484815,0.0038266073649123925,0.010526316597195988,0.08078647952766271,0.07781124497991967,0.010487913106019034,0.07058823529411765,0.0967741935483871,0.8243382334709167,0.8250131607055664,0.0024945961610484653,0.8186777830123901,0.8270231485366821,0.8513668537139892,0.8510638773441315,0.0037200012854170707,0.8458195328712463,0.8598986864089966,0.837628972530365,0.838308185338974,0.002147519819558802,0.833899974822998,0.8408041000366211,0.6799999999999999,0.5,0.2562550812504343,0.4,1.0,10,9,9,391.5,0.9,0.9,2,0.2,0.9560391969150968,0.023502401248186318,45
gpt-4.1-nano,q55,0.0,0.0,0.0,0.0,0.0,0.0,0.0,0.0,0.0,0.0,0.0,0.0,0.0,0.0,0.0,0.09960588896474139,0.1040474060822898,0.0124309334117955,0.08333333333333333,0.11282051282051282,0.0,0.0,0.0,0.0,0.0,0.0,0.0,0.0,0.0,0.0,0.7812901794910431,0.7821415662765503,0.002795780124989558,0.7744191884994507,0.7837928533554077,0.7950632810592652,0.7951673865318298,0.0019073213680871753,0.7910759449005127,0.798541784286499,0.7881153583526611,0.7882952988147736,0.0021740551343763957,0.7826589941978455,0.7906527519226074,0.06,0.0,0.12649110640673517,0.0,0.3,10,10,10,195.2,1.0,1.0,1,0.1,0.9745911889606051,0.01811787541678268,45
gpt-4.1-nano,q568,0.0,0.0,0.0,0.0,0.0,0.0,0.0,0.0,0.0,0.0,0.2806466930019276,0.28230421686746987,0.03967319451859857,0.2222222222222222,0.34682080924855485,0.07389324070129719,0.07350673214695877,0.01092078427160272,0.05299313052011776,0.09775171065493646,0.02408687881402756,0.015708943487610004,0.02093517437251568,0.014875194891568489,0.08285746998904601,0.16073734639233903,0.1552363299351251,0.02070446291609472,0.13636363636363638,0.19653179190751446,0.8623326063156128,0.863001137971878,0.004205115430244126,0.8562955856323242,0.8671634793281555,0.8512718617916107,0.8507864475250244,0.008505034285039148,0.8394293189048767,0.8633225560188293,0.8567544877529144,0.8567305207252502,0.005842376990144131,0.8489261865615845,0.8651728630065918,0.85,0.9,0.19578900207451216,0.4,1.0,10,9,9,474.9,0.9,0.9,2,0.2,0.9344171206156413,0.01726588198343887,45
gpt-4.1-nano,q575,0.0,0.0,0.0,0.0,0.0,0.0,0.0,0.0,0.0,0.0,0.3344686358242993,0.3247276688453159,0.02823613050997373,0.31272727272727274,0.4070175438596491,0.04976845332454052,0.042423461294416244,0.013325097628404467,0.037243947858473,0.0746177370030581,0.01289082241583299,0.009349012008866172,0.008762793348166245,0.008444684924453239,0.03590693193516131,0.16531951493270386,0.15925925925925927,0.024353084092438745,0.13718411552346568,0.21374045801526714,0.8780612826347352,0.8783480823040009,0.005551261021035808,0.8711565732955933,0.8862566947937012,0.8338797628879547,0.8344277441501617,0.004535879107401163,0.8284507393836975,0.8444592356681824,0.8553945124149323,0.855397641658783,0.004443354629808914,0.8493978977203369,0.8648532629013062,0.35,0.35,0.08498365855987974,0.2,0.5,10,10,10,486.1,1.0,1.0,1,0.1,0.9505131959915161,0.024962994664104267,45
gpt-4.1-nano,q586,0.0,0.0,0.0,0.0,0.0,0.0,0.0,0.0,0.0,0.0,0.41159335925714957,0.4085772239930455,0.013829567617198668,0.396694214876033,0.4385964912280702,0.06042164859167591,0.06005221932114883,0.0019077315736797285,0.05764411027568922,0.06353591160220995,0.09668979515171158,0.09585457326006921,0.0023936120983323404,0.0937099995586274,0.09999739028016494,0.292735534974167,0.2833333333333333,0.02045712239111231,0.27419354838709675,0.3333333333333333,0.8791445970535279,0.8784436881542206,0.0017932916212267146,0.8768916130065918,0.8828831911087036,0.9335048496723175,0.9318740367889404,0.0028873178907591695,0.9314514994621277,0.9382427930831909,0.9055069088935852,0.9050414860248566,0.0016795493327570346,0.903348445892334,0.9080479741096497,0.975,0.975,0.023687784005919837,0.95,1.0,10,8,8,546.4,0.8,0.8,3,0.3,0.9806322389178805,0.012360247494900044,45
gpt-4.1-nano,q624,0.0,0.0,0.0,0.0,0.0,0.0,0.0,0.0,0.0,0.0,0.0689869938505393,0.06832298136645962,0.015499570182339332,0.04597701149425287,0.10126582278481011,0.1756694877971293,0.1701506994661269,0.035377252202675735,0.12195121951219512,0.22266401590457258,0.003630967453612466,0.0033235026779093553,0.0010614554747160308,0.002737482394374453,0.005821399139564006,0.0603741279139844,0.06452358926919519,0.014288474332606143,0.0404040404040404,0.0759493670886076,0.814282763004303,0.8145534694194794,0.00531574345358239,0.8071644902229309,0.8231350183486938,0.8427618980407715,0.8426415026187897,0.0037704591854597564,0.8376613855361938,0.8488659858703613,0.8282671988010406,0.8287768363952637,0.00346814989012485,0.8223791718482971,0.8345856070518494,0.9949999999999999,1.0,0.015811388300841913,0.95,1.0,10,10,10,518.8,1.0,1.0,1,0.1,0.9288321362601386,0.02640044180169975,45
gpt-4.1-nano,q640,0.0,0.0,0.0,0.0,0.0,0.0,0.0,0.0,0.0,0.0,0.056107531119407264,0.05405405405405406,0.007828801508262359,0.05,0.07692307692307691,0.1290097269860539,0.12713843822990972,0.00939557629275801,0.11786372007366483,0.1431261770244821,0.003228353646069596,0.0032290850333869447,0.00019487363987613456,0.0029580435428915677,0.003496039269903171,0.056107531119407264,0.05405405405405406,0.007828801508262359,0.05,0.07692307692307691,0.8118944525718689,0.8106039464473724,0.003460039787865349,0.8069392442703247,0.8183663487434387,0.8560491383075715,0.8558362126350403,0.0021072131693814114,0.8519787788391113,0.8590630888938904,0.8333835542201996,0.8336270153522491,0.0022308703469457103,0.8288475871086121,0.8370004892349243,1.0,1.0,0.0,1.0,1.0,10,10,10,466.2,1.0,1.0,1,0.1,0.9623123645782471,0.01366483178427263,45
gpt-4.1-nano,q645,0.0,0.0,0.0,0.0,0.0,0.0,0.0,0.0,0.0,0.0,0.2799175514577178,0.26666666666666666,0.032441987938253855,0.24778761061946908,0.3307086614173228,0.05064011088378696,0.05135520684736091,0.00217448769606921,0.046632124352331605,0.053973013493253376,0.03165359192688137,0.024151163514501174,0.01569735812588701,0.022425503710057287,0.062207383814745706,0.14443088122185474,0.14036167756829548,0.013568363856408115,0.12903225806451613,0.1680672268907563,0.8528624713420868,0.8526603877544403,0.003969887423265674,0.8480746746063232,0.8616017699241638,0.8737245917320251,0.8704501688480377,0.006620642562812251,0.8683680891990662,0.8851121068000793,0.8631620645523072,0.8610889613628387,0.004905043706207026,0.8582351803779602,0.8731986880302429,0.9800000000000001,1.0,0.025819888974716168,0.95,1.0,10,10,10,473.5,1.0,1.0,1,0.1,0.9648504230711196,0.015436726167829071,45
gpt-4.1-nano,q655,0.0,0.0,0.0,0.0,0.0,0.0,0.0,0.0,0.0,0.0,0.2714814383304212,0.26573426573426573,0.018473993212143325,0.24637681159420288,0.3120567375886525,0.05439638527811226,0.05128205128205128,0.015958169534822122,0.01929260450160772,0.07982261640798226,0.0045653487069896,0.004810764279732826,0.0009770983647340076,0.003428644377589399,0.005630860033378466,0.16582876178534925,0.16783216783216784,0.01160558039022244,0.14492753623188406,0.18181818181818185,0.8954357862472534,0.8944220542907715,0.009414615311953478,0.8812881708145142,0.9096977710723877,0.8472050070762634,0.8457396626472473,0.003603990898405555,0.8446487188339233,0.8558034896850586,0.8706405520439148,0.8688231110572815,0.005992905448738957,0.8630321621894836,0.8819280862808228,0.21111111111111114,0.2,0.12692955176439846,0.1,0.5,10,7,7,207.6,0.7,0.7,3,0.3,0.9641171243455675,0.016934253851351465,45
gpt-4.1-nano,q656,0.0,0.0,0.0,0.0,0.0,0.0,0.0,0.0,0.0,0.0,0.2731823228798425,0.27059182428309947,0.0390286579291551,0.2158273381294964,0.33986928104575165,0.02901797549066114,0.025765080916368366,0.010851295330128744,0.013937282229965157,0.04909284951974386,0.007743095431506269,0.008293387539916045,0.0026006699656085912,0.0034239422626848107,0.011558393616714355,0.14011297125909716,0.1284424689547725,0.026312693482033918,0.11920529801324503,0.19607843137254902,0.8598477780818939,0.8587451875209808,0.004169010467650972,0.8556481003761292,0.8686025142669678,0.8635417759418488,0.8627535700798035,0.005703875376635161,0.8571995496749878,0.8741155862808228,0.8616882681846618,0.8602398633956909,0.004742266144286197,0.8579885959625244,0.8713502883911133,0.95,0.95,0.04082482904638629,0.9,1.0,10,9,9,432.9,0.9,0.9,2,0.2,0.9404263257980346,0.027064681877274874,45
gpt-4.1-nano,q657,0.0,0.0,0.0,0.0,0.0,0.0,0.0,0.0,0.0,0.0,0.24845659348211863,0.257529704338215,0.0238726497426519,0.21212121212121213,0.28378378378378377,0.007929471347282443,0.0068027298331582945,0.002892657157859402,0.005940594059405941,0.013958125623130608,0.010777670863936833,0.01077798414433462,0.0012569332553467086,0.00911617806149403,0.012660191686642593,0.11885119792450353,0.11726508785332315,0.008041503664120788,0.10958904109589043,0.13513513513513514,0.8685206353664399,0.8685643672943115,0.002472482142150543,0.8630177974700928,0.8721470832824707,0.8505021691322326,0.8505146503448486,0.0028367321724619213,0.8455301523208618,0.8545454740524292,0.859413331747055,0.8593712449073792,0.0019103525682012729,0.8561933636665344,0.8631687164306641,0.9949999999999999,1.0,0.015811388300841916,0.95,1.0,10,10,10,465.5,1.0,1.0,1,0.1,0.9560054421424866,0.014811662265382095,45
gpt-4.1-nano,q663,0.0,0.0,0.0,0.0,0.0,0.0,0.0,0.0,0.0,0.0,0.1686613566087428,0.17143731823052197,0.0047551789838303675,0.16216216216216217,0.17266187050359713,0.016966680389311366,0.017614782069179463,0.0012429482840991537,0.014767932489451477,0.017857142857142856,0.0035534517152662343,0.0034852998508744164,0.00012233803738491617,0.0034489007072144072,0.0037153533336739485,0.08703338100707411,0.08633093525179857,0.004312856209247603,0.08219178082191782,0.0945945945945946,0.8587094962596893,0.8586645126342773,7.334165812642418e-05,0.8586639761924744,0.8588268756866455,0.817042887210846,0.8172711730003357,0.003260206695123611,0.814466118812561,0.8255335688591003,0.8373551845550538,0.8374566435813904,0.0017105567203729312,0.836058497428894,0.841833770275116,1.0,1.0,0.0,1.0,1.0,10,4,4,392.5,0.4,0.4,5,0.5,0.9909929659631517,0.0077246055329939604,45
gpt-4.1-nano,q672,0.0,0.0,0.0,0.0,0.0,0.0,0.0,0.0,0.0,0.0,0.2758409555476487,0.2807113543091655,0.027069567801131823,0.2040816326530612,0.3111111111111111,0.0679235037124634,0.07042253521126761,0.004328154497052358,0.059375,0.0706713780918728,0.026321316607177164,0.029956945021196904,0.00793468054649451,0.009614428458751706,0.030469273960613164,0.20102579313104094,0.21053351573187412,0.024606058605852122,0.14285714285714285,0.2222222222222222,0.8758989930152893,0.8796181678771973,0.009606132978083897,0.8503667116165161,0.8808910846710205,0.8771550476551055,0.8798078894615173,0.0067227739890895035,0.8586015701293945,0.8801528215408325,0.876524156332016,0.8797129988670349,0.008156349101954525,0.8544642925262451,0.880521833896637,1.0,1.0,0.0,1.0,1.0,10,5,5,347.1,0.5,0.5,4,0.4,0.9688081979751587,0.02731564439084663,45
gpt-4.1-nano,q676,0.0,0.0,0.0,0.0,0.0,0.0,0.0,0.0,0.0,0.0,0.23834953870597514,0.23772090969937773,0.009181489794769702,0.2256809338521401,0.2554744525547445,0.043255946373058525,0.04315480940070005,0.002286739995636836,0.040697674418604654,0.0480295566502463,0.0029240776630147314,0.00296066124498591,0.000344458232507651,0.00225350191467015,0.003356813649472885,0.12186252009407328,0.12144256250720131,0.004168017507859989,0.11673151750972763,0.1283018867924528,0.866504043340683,0.8665406107902527,0.0044406872025901855,0.8562498688697815,0.872280478477478,0.8348599433898926,0.8350369930267334,0.0026365427289966837,0.8291917443275452,0.837844967842102,0.850379902124405,0.8512438535690308,0.0023753685258134237,0.8440821170806885,0.8520938754081726,0.865,0.875,0.0668746754924629,0.75,0.95,10,10,10,554.7,1.0,1.0,1,0.1,0.9542569306161669,0.012744895523082458,45
gpt-4.1-nano,q73,0.0,0.0,0.0,0.0,0.0,0.0,0.0,0.0,0.0,0.0,0.36978792734839916,0.36170212765957455,0.02222850494427603,0.3422459893048128,0.4105263157894737,0.06175206988323316,0.06031138199358734,0.004196754971376883,0.05964912280701754,0.07348242811501597,0.031736446529051485,0.028172705704765592,0.012870160055695466,0.022009757274877674,0.06785837181342394,0.19516278069861298,0.1930308780403657,0.006889337458977407,0.18811881188118812,0.21276595744680854,0.8767059564590454,0.8766714334487915,0.004669304160441627,0.8696686625480652,0.885176956653595,0.8792595744132996,0.8780805468559265,0.0034617807853748227,0.8749356269836426,0.8861386775970459,0.8779733002185821,0.8776707053184509,0.003080112196966422,0.8726954460144043,0.8850426077842712,0.95,0.95,0.02357022603955158,0.9,1.0,10,10,10,567.3,1.0,1.0,1,0.1,0.962656577428182,0.02269492535386627,45
gpt-4.1-nano,q77,0.0,0.0,0.0,0.0,0.0,0.0,0.0,0.0,0.0,0.0,0.176699408789522,0.17777777777777778,0.015596056973623262,0.14285714285714288,0.20618556701030927,0.18155605150098925,0.18705336853874316,0.014454840043629942,0.14540466392318244,0.19145299145299147,0.004710904152873078,0.004891623591631806,0.00046304875969485973,0.003669912917395199,0.005113237542365033,0.08443274506543055,0.08888888888888889,0.01157924767251072,0.05357142857142857,0.09615384615384616,0.8474311649799346,0.8504499793052673,0.005761249788796353,0.8340444564819336,0.8523598909378052,0.893783551454544,0.8941525220870972,0.0014517559360069556,0.890507698059082,0.8949809670448303,0.8699828028678894,0.8715691268444061,0.0034186691883963003,0.8623778223991394,0.8726107478141785,0.24,0.2,0.0699205898780101,0.2,0.4,10,7,7,455.0,0.7,0.7,4,0.4,0.9602912015385098,0.02204452691387169,45
gpt-4.1-nano,q79,0.0,0.0,0.0,0.0,0.0,0.0,0.0,0.0,0.0,0.0,0.3109257969114581,0.31505421184320265,0.017030601548425568,0.2831858407079646,0.32967032967032966,0.07879198827259354,0.08230458250238445,0.0063619311981573026,0.06915629322268327,0.08547008547008547,0.060967117256550886,0.06573335337890976,0.009806978662087764,0.046379239477385564,0.07125760997008962,0.20779237535023456,0.20454545454545456,0.009915216569060378,0.19469026548672566,0.21978021978021978,0.8708582520484924,0.8735300302505493,0.00872272153093302,0.8546546101570129,0.8826935887336731,0.8702103734016419,0.8726533651351929,0.006725690086782874,0.8587749600410461,0.8765489459037781,0.8705248892307281,0.8742282390594482,0.007181728489654823,0.8567098379135132,0.8763515949249268,0.97,0.95,0.02581988897471617,0.95,1.0,10,7,7,361.7,0.7,0.7,3,0.3,0.9536105751991272,0.026152369532134543,45
llama3.1:8b,q110,0.0,0.0,0.0,0.0,0.0,0.0,0.0,0.0,0.0,0.0,0.2476779223634406,0.23231292517006802,0.038145999289175204,0.20915032679738566,0.3119266055045872,0.030738547589969266,0.03138056945714094,0.006864871588442993,0.023404255319148935,0.04697986577181208,0.012136768149702553,0.003924504820624636,0.01663746535242949,0.0030794159861842947,0.04445259375670956,0.131313424486942,0.12067135129669886,0.026830654309451255,0.09859154929577464,0.18348623853211007,0.839323890209198,0.8437423706054688,0.018578778800780738,0.8141964077949524,0.8614959120750427,0.8701247155666352,0.8697867691516876,0.00580315406686942,0.8595868349075317,0.8782538175582886,0.8543797254562377,0.8550360798835754,0.011628266222461457,0.8387567400932312,0.8692805171012878,0.96,0.975,0.04594682917363407,0.9,1.0,10,10,10,600.6,1.0,1.0,1,0.1,0.9154715577761332,0.02029847801977961,45
llama3.1:8b,q133,0.0,0.0,0.0,0.0,0.0,0.0,0.0,0.0,0.0,0.0,0.0,0.0,0.0,0.0,0.0,0.05080724979148623,0.050953052755151426,0.007408104855987879,0.03734439834024896,0.0627177700348432,0.0,0.0,0.0,0.0,0.0,0.0,0.0,0.0,0.0,0.0,0.7519252598285675,0.7494602203369141,0.0068155649392825975,0.7449875473976135,0.764147937297821,0.7889964520931244,0.789619505405426,0.0027739688486137647,0.785118818283081,0.7926751971244812,0.7699981272220612,0.768831193447113,0.0037469488048948564,0.7654089331626892,0.7781073451042175,0.11000000000000001,0.0,0.3142893217686178,0.0,1.0,10,10,10,344.6,1.0,1.0,1,0.1,0.9309420426686604,0.023022131844714945,45
llama3.1:8b,q134,0.0,0.0,0.0,0.0,0.0,0.0,0.0,0.0,0.0,0.0,0.27385227343494173,0.2651831817064175,0.023894596649350536,0.24324324324324326,0.30985915492957744,0.19104931422205298,0.17869626830420404,0.031458554595204996,0.16049382716049382,0.2504816955684008,0.08178665080653498,0.09294111084791615,0.032622600106343706,0.020271854341265008,0.10673644455270231,0.16846467686756786,0.16568627450980392,0.014348563820292752,0.1518987341772152,0.2040816326530612,0.8532232403755188,0.8540678918361664,0.006517875761583455,0.8402295708656311,0.8635795712471008,0.9026395976543427,0.9021822214126587,0.00849611023120675,0.889768123626709,0.9137089252471924,0.8772302269935608,0.8772237598896027,0.0071061412328282175,0.8642896413803101,0.8864980340003967,0.85,0.8999999999999999,0.17113069358158486,0.6,1.0,10,10,10,365.8,1.0,1.0,1,0.1,0.9336463491121928,0.019488995221839715,45
llama3.1:8b,q137,0.0,0.0,0.0,0.0,0.0,0.0,0.0,0.0,0.0,0.0,0.1360918199534314,0.12048192771084337,0.022593986398322743,0.12048192771084337,0.18487394957983194,0.020602553152630317,0.02247191011235955,0.0028156407211891252,0.014326647564469915,0.02247191011235955,0.00397504204615954,0.0021099306785044873,0.0025727347710045923,0.0021099306785044873,0.008949937232426477,0.10054965286151503,0.0963855421686747,0.007017163822650478,0.0963855421686747,0.11764705882352941,0.8396651387214661,0.836328387260437,0.004727737071934529,0.836328387260437,0.8493210673332214,0.8299966216087341,0.8253893852233887,0.007574794641109085,0.8253893852233887,0.8490800857543945,0.8347997605800629,0.8308228850364685,0.0060943979299686,0.8308228850364685,0.8492004871368408,0.0,0.0,0.0,0.0,0.0,10,4,4,147.2,0.4,0.4,6,0.6,0.967255081070794,0.029353381007003843,45
llama3.1:8b,q166,0.0,0.0,0.0,0.0,0.0,0.0,0.0,0.0,0.0,0.0,0.0971011721803858,0.09987789987789987,0.028449305631843856,0.0606060606060606,0.13445378151260504,0.21494279150811385,0.21583240879723292,0.03859918703365581,0.11691022964509394,0.2565130260521042,0.005133267935435909,0.004890330903230426,0.0021301782393881663,0.0027821947236500487,0.00995793413371623,0.07829879946902366,0.07255658887524127,0.021138075659102123,0.051948051948051945,0.11428571428571428,0.7962283074855805,0.7964886724948883,0.014426625167533786,0.7718912363052368,0.8150972127914429,0.8227108418941498,0.8255461752414703,0.008302793129763663,0.8091379404067993,0.8315802812576294,0.8092133343219757,0.8072052299976349,0.01034109261022764,0.7926239967346191,0.823256254196167,0.3222222222222222,0.3,0.14813657362192648,0.2,0.6,10,10,10,544.8,1.0,1.0,1,0.1,0.8864804055955675,0.0333854964421165,45
llama3.1:8b,q177,0.0,0.0,0.0,0.0,0.0,0.0,0.0,0.0,0.0,0.0,0.08495251262633682,0.08243929983060418,0.022438770091054393,0.057692307692307696,0.1282051282051282,0.1336645537072294,0.11973723499552105,0.028623806539604054,0.11046511627906977,0.18357487922705315,0.00636309801973791,0.005923758028324757,0.0020060690845157287,0.0035177264276945075,0.009570498942763545,0.08006282866688542,0.07510561727429196,0.017941956913128353,0.057692307692307696,0.10344827586206898,0.8388110995292664,0.8357974886894226,0.012249205566390094,0.8219780325889587,0.8620022535324097,0.8975155174732208,0.8966429829597473,0.010234623021255301,0.8862089514732361,0.9125168919563293,0.8671385943889618,0.8678390979766846,0.00992771140379355,0.8532381057739258,0.8844318389892578,0.675,0.75,0.29178569000019333,0.3,1.0,10,10,10,501.2,1.0,1.0,1,0.1,0.9100892437828911,0.017297001695546408,45
llama3.1:8b,q212,0.0,0.0,0.0,0.0,0.0,0.0,0.0,0.0,0.0,0.0,0.21746109456906698,0.2055368078990126,0.038782240581491,0.1694915254237288,0.3007518796992481,0.05922695275028898,0.058669274189963996,0.010166050942984284,0.04663923182441701,0.08211920529801324,0.008693178972472517,0.00625455948760241,0.006000396325798253,0.0038564813822807714,0.019260379536576566,0.12961374494986466,0.12231415988255706,0.024082191160397486,0.1090909090909091,0.1804511278195489,0.8583925366401672,0.8585917353630066,0.005483554260471547,0.8492372632026672,0.8672758936882019,0.8485398232936859,0.8462874591350555,0.006983129001518266,0.8369224071502686,0.8575601577758789,0.8534291386604309,0.8508981764316559,0.005612758942256956,0.8462395668029785,0.8623906373977661,0.48,0.4,0.376533899905145,0.0,1.0,10,10,10,310.5,1.0,1.0,1,0.1,0.9517672816912334,0.018705286869597975,45
llama3.1:8b,q213,0.0,0.0,0.0,0.0,0.0,0.0,0.0,0.0,0.0,0.0,0.286033675096883,0.2819875776397516,0.02525404178227632,0.23703703703703705,0.32,0.26866226632503354,0.2716259408186411,0.025303778901941156,0.2348916761687571,0.311178247734139,0.02210318898214922,0.02204423799431024,0.0035051645000423845,0.0179736542561545,0.02752769694450483,0.1803920806865637,0.17752100840336135,0.02195993895956918,0.1565217391304348,0.22,0.8505094408988952,0.850857675075531,0.0041277385437859205,0.8414203524589539,0.8563783168792725,0.910644656419754,0.9105046391487122,0.0024002038258430043,0.9079580903053284,0.9148644208908081,0.8795439064502716,0.8792084753513336,0.0023941379676776374,0.8753300309181213,0.8841995596885681,0.9949999999999999,1.0,0.015811388300841913,0.95,1.0,10,10,10,571.0,1.0,1.0,1,0.1,0.9429685354232789,0.02212322296832578,45
llama3.1:8b,q236,0.0,0.0,0.0,0.0,0.0,0.0,0.0,0.0,0.0,0.0,0.0593156552241797,0.0547945205479452,0.00949250971022232,0.04761904761904762,0.075,0.18516044925437808,0.18612670408981558,0.010139358208678916,0.1592920353982301,0.19402985074626866,0.00598303003744398,0.006088102566453651,0.0004723813498456472,0.005370612407202237,0.006429555819679603,0.05699007382883085,0.0547945205479452,0.009496137511719079,0.04651162790697674,0.075,0.8191783189773559,0.8185047805309296,0.0018773469952008228,0.8158248662948608,0.822144627571106,0.8648068070411682,0.8654380142688751,0.002476560751024911,0.8604485988616943,0.8695261478424072,0.8413717448711395,0.8414527177810669,0.0015025967552569925,0.8392425775527954,0.8450142741203308,0.985,1.0,0.04743416490252568,0.85,1.0,10,9,9,464.0,0.9,0.9,2,0.2,0.956695642736223,0.022944616965817097,45
llama3.1:8b,q245,0.0,0.0,0.0,0.0,0.0,0.0,0.0,0.0,0.0,0.0,0.2766633776199117,0.2736105713175282,0.04520927130244948,0.21739130434782608,0.3684210526315789,0.36209495520201473,0.3600412590254118,0.03566192412263651,0.3157894736842105,0.4336448598130841,0.019860261153738432,0.020649866026475925,0.007014164237446627,0.010539949748136964,0.02932891436480801,0.18075332019026547,0.176930596285435,0.03962670073125849,0.12820512820512822,0.2439024390243903,0.8499033927917481,0.8468944430351257,0.006306402361338122,0.8426399230957031,0.860607385635376,0.8596419990062714,0.8593223392963409,0.00554970517665547,0.8536416292190552,0.8727571368217468,0.8547305762767792,0.8540090918540955,0.00463732889335874,0.8494471907615662,0.8603816628456116,0.47000000000000003,0.35,0.5034326612809745,0.0,1.0,10,10,10,376.4,1.0,1.0,1,0.1,0.9153222865528531,0.029175045303955337,45
llama3.1:8b,q250,0.0,0.0,0.0,0.0,0.0,0.0,0.0,0.0,0.0,0.0,0.3655341502474719,0.36613756613756615,0.03447411582920318,0.297029702970297,0.41758241758241754,0.029302136929875332,0.029656048465897988,0.002747962305826541,0.025139664804469275,0.033707865168539325,0.013548557205416992,0.013171423496907888,0.0016776235150431345,0.010988568788654035,0.016241183607309414,0.19017662875869645,0.1914893617021277,0.01679310971534344,0.15841584158415842,0.21978021978021978,0.8799246609210968,0.88066765666008,0.010934582656445348,0.8634162545204163,0.8931190967559814,0.9004197120666504,0.9007478058338165,0.002521672459638389,0.8954695463180542,0.9033998250961304,0.8900306344032287,0.8907279670238495,0.006457003494944152,0.8791508078575134,0.8976113796234131,0.9944444444444444,1.0,0.016666666666666684,0.95,1.0,10,10,10,430.7,1.0,1.0,1,0.1,0.9536446001794603,0.012888011676327594,45
llama3.1:8b,q251,0.0,0.0,0.0,0.0,0.0,0.0,0.0,0.0,0.0,0.0,0.332111112113133,0.33003659811781116,0.009308877601811844,0.3157894736842105,0.34722222222222227,0.044499941898968595,0.04329896907216495,0.003964226463471457,0.04158790170132325,0.05360824742268041,0.03196851786424572,0.04043306440544084,0.01819591079507218,0.004809756561544216,0.04879921711538848,0.17311830503421835,0.17105263157894737,0.01784986025421662,0.14184397163120566,0.19736842105263158,0.8720032334327698,0.8732205331325531,0.005211350507319576,0.862011194229126,0.877760648727417,0.8482633113861084,0.8517317175865173,0.010778343575566156,0.8264685273170471,0.8633097410202026,0.8599518597126007,0.8636536002159119,0.007538376808015449,0.8438658118247986,0.8677732348442078,0.9500000000000001,0.95,0.03535533905932734,0.9,1.0,10,8,8,457.7,0.8,0.8,2,0.2,0.9556890355216132,0.020478533044058056,45
llama3.1:8b,q257,0.0,0.0,0.0,0.0,0.0,0.0,0.0,0.0,0.0,0.0,0.20628402441748045,0.20234937476316786,0.025084820517203087,0.18181818181818182,0.2647058823529412,0.1696420632090349,0.1763675950056891,0.0327554429638579,0.12280701754385964,0.22587268993839835,0.00541313460794359,0.004707474841366223,0.0016412894176252868,0.003826543369924661,0.0079970150956792,0.11792671772021848,0.1162947937795808,0.012490374048064959,0.10416666666666666,0.14705882352941177,0.8445223510265351,0.8438562452793121,0.005704726838733019,0.8341423273086548,0.8564642667770386,0.9017280995845794,0.9020473062992096,0.0019012162331225185,0.89824378490448,0.9046324491500854,0.8721828937530518,0.8721243739128113,0.0037896816342608735,0.8650071024894714,0.8798896074295044,0.985,1.0,0.024152294576982432,0.95,1.0,10,10,10,508.2,1.0,1.0,1,0.1,0.9451060281859504,0.011564481277996292,45
llama3.1:8b,q258,0.0,0.0,0.0,0.0,0.0,0.0,0.0,0.0,0.0,0.0,0.16741717782002316,0.16656346749226006,0.017725289935551173,0.1282051282051282,0.19753086419753088,0.18864319578545283,0.18924338453826045,0.021934598869303237,0.1524390243902439,0.2222222222222222,0.009655188419773367,0.008830231637838122,0.003805373395779128,0.00439603664946057,0.01611713425193236,0.11974603812544252,0.12004801920768307,0.007516216791901781,0.10526315789473685,0.12987012987012986,0.8474473774433136,0.847642570734024,0.006973706791223693,0.8370684385299683,0.8560638427734375,0.8509495437145234,0.8517072200775146,0.0071965360209603185,0.8364613652229309,0.859116792678833,0.849166989326477,0.8503424823284149,0.004894430830946467,0.8381220102310181,0.854094922542572,0.01,0.0,0.03162277660168379,0.0,0.1,10,10,10,457.1,1.0,1.0,1,0.1,0.9149666600757175,0.015899882220226563,45
llama3.1:8b,q282,0.0,0.0,0.0,0.0,0.0,0.0,0.0,0.0,0.0,0.0,0.2575879800550659,0.2591476538958244,0.023490222897609513,0.21621621621621623,0.2954545454545454,0.15964020809889073,0.1463629161344565,0.03705671927366742,0.11783960720130933,0.22974963181148747,0.016522407037572802,0.011394295422231896,0.011837686081720242,0.008871342561899163,0.03917207908729671,0.1540854228687491,0.150093808630394,0.020694872278596288,0.12244897959183673,0.18018018018018017,0.8311051785945892,0.8301335275173187,0.008221449291619502,0.8168625831604004,0.842522144317627,0.9039986610412598,0.9023023545742035,0.005759909195094325,0.8968284130096436,0.9143723249435425,0.8659754574298859,0.8663446009159088,0.0030459271636344956,0.8608376979827881,0.8709084987640381,0.9800000000000001,1.0,0.025819888974716144,0.95,1.0,10,10,10,460.4,1.0,1.0,1,0.1,0.9392400728331671,0.02017873357968319,45
llama3.1:8b,q287,0.0,0.0,0.0,0.0,0.0,0.0,0.0,0.0,0.0,0.0,0.13114632826855716,0.14550264550264547,0.03351388778084629,0.08,0.16666666666666666,0.19598100298204538,0.18330773169482845,0.05661479532820579,0.14307931570762053,0.30403800475059384,0.005077894431214468,0.004831811378811852,0.0017688683229574065,0.0028499340977440257,0.007942181016469338,0.09273552104216343,0.09203747072599533,0.017908320993151264,0.06451612903225806,0.1234567901234568,0.8138514399528504,0.8157835006713867,0.005941683477846914,0.8024618029594421,0.8194961547851562,0.8388646304607391,0.8375779986381531,0.004262203875634085,0.8302850723266602,0.8450608253479004,0.826162976026535,0.8274320960044861,0.004678283174990746,0.8161363005638123,0.8310971856117249,0.0,0.0,0.0,0.0,0.0,10,10,10,438.5,1.0,1.0,1,0.1,0.9100246283743116,0.026609527073137552,45
llama3.1:8b,q290,0.0,0.0,0.0,0.0,0.0,0.0,0.0,0.0,0.0,0.0,0.17487369830858215,0.16823899371069184,0.04373791142231655,0.11363636363636363,0.26785714285714285,0.14188939330766923,0.13913679275714502,0.01977570028062212,0.11924119241192412,0.17716535433070865,0.019574338673746507,0.018279139525544746,0.004441045727595914,0.01551470918631894,0.027549200259075004,0.07277069923918097,0.0698051948051948,0.01482114054820283,0.05660377358490566,0.10714285714285712,0.7756592988967895,0.7764798402786255,0.00794216505255099,0.760768711566925,0.7876312136650085,0.8686675608158112,0.868495911359787,0.005933131178322146,0.861950695514679,0.8829331398010254,0.8195251286029815,0.819110780954361,0.006698608403531957,0.808205246925354,0.8325637578964233,0.9650000000000001,1.0,0.07835106182362107,0.75,1.0,10,10,10,509.6,1.0,1.0,1,0.1,0.9459273113144768,0.01430895538783973,45
llama3.1:8b,q295,0.0,0.0,0.0,0.0,0.0,0.0,0.0,0.0,0.0,0.0,0.040902974346280804,0.04040816326530612,0.0019659624088381737,0.037037037037037035,0.04347826086956522,0.09366862285905156,0.09302347941464915,0.003582801379273351,0.08797653958944282,0.09933774834437085,0.003919116432672179,0.003867424972344893,0.00020274763129236528,0.003522208809549654,0.004185635735742376,0.040902974346280804,0.04040816326530612,0.0019659624088381737,0.037037037037037035,0.04347826086956522,0.7869378805160523,0.7871952652931213,0.003515425741566768,0.7816495895385742,0.7914199829101562,0.8285400390625,0.828652948141098,0.0007233934856877777,0.8273876309394836,0.8298711776733398,0.8072002291679382,0.807039737701416,0.0020419936895931566,0.8042524456977844,0.809721827507019,1.0,1.0,0.0,1.0,1.0,10,10,10,308.2,1.0,1.0,1,0.1,0.9804879254764981,0.009242998730600818,45
llama3.1:8b,q319,0.0,0.0,0.0,0.0,0.0,0.0,0.0,0.0,0.0,0.0,0.28038816502116604,0.2781453208934125,0.020375386698556514,0.24817518248175185,0.32075471698113206,0.08723312067654351,0.08574522079874455,0.007223838473269794,0.08082901554404145,0.10416666666666667,0.010516432865113648,0.010110426467367503,0.0012809839350753566,0.009219746434000154,0.013454979572669251,0.22471938781167408,0.22964705882352943,0.015660681726548335,0.19847328244274812,0.24528301886792453,0.8398317575454712,0.8373591303825378,0.008148313869406183,0.8305427432060242,0.8575447797775269,0.8579517841339112,0.8580246269702911,0.0012621759995611469,0.8560526371002197,0.8598882555961609,0.8487780809402465,0.8473579287528992,0.004335682586222786,0.8432443141937256,0.8582965731620789,0.915,0.9,0.05797509043642028,0.85,1.0,10,10,10,651.3,1.0,1.0,1,0.1,0.9656129254235162,0.014931859984472919,45
llama3.1:8b,q328,0.0,0.0,0.0,0.0,0.0,0.0,0.0,0.0,0.0,0.0,0.1450688456581332,0.14337710533828146,0.026293175768429593,0.09589041095890412,0.1818181818181818,0.23189392909540113,0.24106787561821386,0.040277133463381964,0.15366146458583432,0.28360413589364847,0.006499357150674392,0.005760705456896718,0.002701952361510328,0.004233666267744172,0.01391004452078366,0.11622975432731115,0.11340679522497704,0.022330709262463402,0.08219178082191782,0.16363636363636366,0.835614824295044,0.8350837230682373,0.0075318698955396295,0.8239145278930664,0.8488051295280457,0.8617654204368591,0.8631154894828796,0.007005000426635658,0.8490291833877563,0.8700413703918457,0.8484772741794586,0.8487521708011627,0.006518742916329265,0.8398034572601318,0.8592920303344727,0.18,0.2,0.16193277068654827,0.0,0.5,10,10,10,624.6,1.0,1.0,1,0.1,0.9214784291055468,0.018216313632900702,45
llama3.1:8b,q335,0.0,0.0,0.0,0.0,0.0,0.0,0.0,0.0,0.0,0.0,0.26446855746250764,0.2620558375634518,0.041480103873784695,0.21714285714285717,0.34513274336283184,0.03730575643448524,0.03708062302321418,0.0046250471922167375,0.028863499699338546,0.04644194756554307,0.007882244804382613,0.004814763262721466,0.0061840785589604074,0.002221698313377722,0.019415352966465592,0.12461132947830234,0.12135326602331678,0.01221180847208313,0.11235955056179775,0.1504424778761062,0.8432484626770019,0.8403996229171753,0.007617196516715812,0.8338061571121216,0.8563228845596313,0.8164502680301666,0.8126806020736694,0.007416924231612273,0.8100603818893433,0.829295814037323,0.829622107744217,0.8270334601402283,0.006804653751952576,0.8222185373306274,0.8414163589477539,0.505,0.525,0.1065885130354632,0.3,0.6,10,10,10,520.1,1.0,1.0,1,0.1,0.9284856266445584,0.019918813726260604,45
llama3.1:8b,q336,0.0,0.0,0.0,0.0,0.0,0.0,0.0,0.0,0.0,0.0,0.2650286002417591,0.2517605633802817,0.032221708119494256,0.24000000000000002,0.3278688524590164,0.38231475039024826,0.39634146341463417,0.02686653305564316,0.3412526997840173,0.41533546325878595,0.015692890453113572,0.01665376420561831,0.0017843168869171697,0.01290129260451352,0.01801210737536247,0.20568400801789197,0.19999999999999998,0.010641287985577105,0.19718309859154928,0.22950819672131145,0.8567931890487671,0.8550551235675812,0.004996172523673137,0.8508695960044861,0.8667024970054626,0.8973508656024933,0.8971075713634491,0.010877292200064935,0.8864681720733643,0.9110985398292542,0.8765875816345214,0.8763681650161743,0.007305032089718773,0.8683041334152222,0.8883461952209473,1.0,1.0,0.0,1.0,1.0,10,8,7,270.6,0.8,0.7,4,0.4,0.9775727695888943,0.010389301977642169,45
llama3.1:8b,q337,0.0,0.0,0.0,0.0,0.0,0.0,0.0,0.0,0.0,0.0,0.22426919262410921,0.2330316742081448,0.026835334555082625,0.18750000000000003,0.25925925925925924,0.05449268440185354,0.053475935828877004,0.0025352433174161437,0.05198776758409786,0.059880239520958084,0.03365351696392109,0.03157084286538992,0.0060443293078237875,0.026752894491451386,0.045466972369917126,0.1931350271643292,0.2055052790346908,0.026860614647376074,0.15625,0.22222222222222224,0.8094329476356507,0.8074166774749756,0.00983589640473605,0.7999553680419922,0.8254222273826599,0.7807912051677703,0.7815827429294586,0.008731368866691454,0.7716056704521179,0.7910281419754028,0.7947658240795136,0.794521689414978,0.002778387425056134,0.7915515303611755,0.7994428277015686,0.22000000000000003,0.25,0.10327955589886445,0.0,0.3,10,7,7,332.6,0.7,0.7,3,0.3,0.9451676037576463,0.03577295879580727,45
llama3.1:8b,q354,0.0,0.0,0.0,0.0,0.0,0.0,0.0,0.0,0.0,0.0,0.20478253800071422,0.20389266817838247,0.02394880885955329,0.16296296296296298,0.24444444444444446,0.22299267895503078,0.2126853177741207,0.05022601951549842,0.1550561797752809,0.3194888178913738,0.008892211650998115,0.009257867463387838,0.0016070777770756184,0.006312465116093302,0.010786965203981676,0.14511167147145293,0.13865546218487396,0.02343843910578823,0.11851851851851852,0.2,0.8411784708499909,0.8426432609558105,0.010060336012818246,0.8219926357269287,0.8558671474456787,0.8772964656352997,0.8749019503593445,0.005159342302469765,0.8726108074188232,0.8883416652679443,0.8588201701641083,0.8607774674892426,0.0055248884812791705,0.84786057472229,0.864613950252533,0.6285714285714287,0.6,0.19760470401187075,0.4,0.9,10,10,10,551.4,1.0,1.0,1,0.1,0.9351937241024442,0.021361276524064866,45
llama3.1:8b,q356,0.0,0.0,0.0,0.0,0.0,0.0,0.0,0.0,0.0,0.0,0.23783095108631444,0.24807692307692308,0.04162999841511303,0.15652173913043477,0.2948717948717949,0.07731984409424619,0.083772429561278,0.02299918616349885,0.030680728667305847,0.11057692307692307,0.009463795769859886,0.008991944121425215,0.004299691543729751,0.005721193606042296,0.020918597873363726,0.16187117609567656,0.15972704140643074,0.023098365653241925,0.1217391304347826,0.2,0.8546714663505555,0.8533298373222351,0.008748939456016725,0.8454106450080872,0.8716707229614258,0.8608952701091767,0.8607296645641327,0.004088851980626088,0.8535580039024353,0.8669010996818542,0.8577600955963135,0.8571037650108337,0.005943349589410073,0.8498333096504211,0.8692793250083923,0.515,0.5,0.15643600040343086,0.3,0.85,10,10,10,357.4,1.0,1.0,1,0.1,0.9388482544157241,0.027808907486132347,45
llama3.1:8b,q397,0.0,0.0,0.0,0.0,0.0,0.0,0.0,0.0,0.0,0.0,0.12365923116389435,0.11823619418556128,0.026327597906679007,0.0963855421686747,0.17777777777777776,0.21947939881442796,0.2167111111111111,0.028600081546615433,0.178125,0.2549800796812749,0.00391859280020249,0.0039001645414001584,0.00045534364507927177,0.0033036080347657133,0.004678402036032926,0.09375004548041899,0.09458895534844902,0.01568070223133048,0.07228915662650603,0.11363636363636363,0.8472986340522766,0.8459126353263855,0.0046316715065801714,0.8409274816513062,0.8536422848701477,0.8664325296878814,0.866496741771698,0.004772502156606217,0.8583416938781738,0.8740216493606567,0.8567488253116607,0.8575317859649658,0.0035469273705895847,0.8495453596115112,0.8610397577285767,0.2222222222222222,0.2,0.22791323885295572,0.0,0.7,10,10,10,497.7,1.0,1.0,1,0.1,0.9335526704788208,0.02359125597451273,45
llama3.1:8b,q405,0.0,0.0,0.0,0.0,0.0,0.0,0.0,0.0,0.0,0.0,0.22963994787807826,0.22857142857142854,0.02728007165262355,0.1793103448275862,0.2727272727272727,0.043629350753538555,0.0422737955346651,0.008696996653409858,0.03343166175024582,0.05925925925925926,0.005246086242771553,0.0041537170929635304,0.0020172088277179995,0.003504211439969754,0.008972128845225146,0.13165338725482234,0.12539308176100628,0.023905057185776016,0.08571428571428572,0.16883116883116886,0.8229440927505494,0.8175024390220642,0.03220894356801743,0.7756565809249878,0.859794557094574,0.8672674834728241,0.8641098439693451,0.00871565211049142,0.8534336090087891,0.8812803626060486,0.8443556129932404,0.839867889881134,0.020972245179535155,0.8126884698867798,0.8688362836837769,0.9549999999999998,0.95,0.028382310609877344,0.9,1.0,10,10,10,634.6,1.0,1.0,1,0.1,0.9065828124682108,0.03542592194427348,45
llama3.1:8b,q410,0.0,0.0,0.0,0.0,0.0,0.0,0.0,0.0,0.0,0.0,0.09912268059809043,0.09761904761904762,0.02774307517622813,0.06557377049180327,0.14285714285714285,0.19978754546560673,0.20693735253723985,0.019644501468368897,0.15743440233236153,0.2204724409448819,0.006128456072871275,0.0049636611000383815,0.0020925046971773764,0.004273297457822545,0.009036923864070349,0.08309895932846753,0.08181818181818182,0.01818470704105539,0.06349206349206349,0.1142857142857143,0.8189028143882752,0.8175691366195679,0.00637395081957454,0.811226487159729,0.8302856683731079,0.8215665102005005,0.8205290734767914,0.0045350097137646815,0.816817581653595,0.8313106894493103,0.820224928855896,0.8184722363948822,0.004873110159060752,0.8152190446853638,0.8307979106903076,0.8949999999999999,0.9,0.0550252467307306,0.8,0.95,10,10,10,314.8,1.0,1.0,1,0.1,0.9478790044784546,0.02652194559255918,45
llama3.1:8b,q440,0.0,0.0,0.0,0.0,0.0,0.0,0.0,0.0,0.0,0.0,0.22857643449863127,0.20526315789473681,0.07568689012973488,0.16000000000000003,0.380952380952381,0.35413626049433045,0.32985694877327576,0.10769486527337403,0.23636363636363636,0.5494505494505495,0.011725412133369122,0.00916471058433413,0.006884007298818069,0.006534878510818802,0.026658376817028855,0.2094855254077222,0.1941520467836257,0.09451229792725951,0.0909090909090909,0.380952380952381,0.8467386186122894,0.8419127762317657,0.014457108025867927,0.8327459096908569,0.8768242001533508,0.8308089733123779,0.8311847448348999,0.004949493631088119,0.8228800296783447,0.8373056054115295,0.8386613845825195,0.8358952105045319,0.008886032332466496,0.8285791277885437,0.8566094040870667,1.0,1.0,0.0,1.0,1.0,10,10,10,195.4,1.0,1.0,1,0.1,0.936982274055481,0.021635881042527217,45
llama3.1:8b,q469,0.0,0.0,0.0,0.0,0.0,0.0,0.0,0.0,0.0,0.0,0.15487368842747046,0.15084629247719375,0.015513031205449779,0.13973799126637554,0.18803418803418803,0.02775596399359511,0.02790376267689253,0.0009058917180278555,0.025297619047619048,0.028469750889679714,0.0008080288530688768,0.0007204202647875074,0.00043580375497031425,0.0001673722299776645,0.0015221741187336102,0.10377130818468752,0.10649350649350649,0.013017909300492741,0.08733624454148471,0.12820512820512822,0.8682762920856476,0.8689208924770355,0.0032811333429827554,0.861046314239502,0.8714362382888794,0.8177653014659881,0.8170506358146667,0.006603275035124239,0.8019893765449524,0.8248445987701416,0.8422592043876648,0.8427000045776367,0.004913890749582226,0.8304692506790161,0.8475005626678467,0.54,0.525,0.13291601358251262,0.3,0.75,10,8,8,282.5,0.8,0.8,2,0.2,0.9529494391547308,0.03025565841554269,45
llama3.1:8b,q478,0.0,0.0,0.0,0.0,0.0,0.0,0.0,0.0,0.0,0.0,0.2272209192207549,0.2349425287356322,0.01860663991802591,0.19130434782608696,0.2465753424657534,0.22487218618791793,0.22884806615376563,0.01757253666375353,0.19854014598540146,0.24110671936758893,0.008973216645242591,0.00879275806596964,0.0018369192885416697,0.006352348738099228,0.010848650703274672,0.14333290888802175,0.1489655172413793,0.0206766703579085,0.10434782608695652,0.1643835616438356,0.8540402114391327,0.8569274842739105,0.009796681608604337,0.8309329748153687,0.8611496686935425,0.8722277522087097,0.8723820447921753,0.002855617450452772,0.8675776720046997,0.8758472800254822,0.863023293018341,0.8645188212394714,0.006299106848343289,0.848859965801239,0.8684027791023254,0.47000000000000003,0.45,0.13374935098492585,0.3,0.7,10,8,7,424.6,0.8,0.7,4,0.4,0.9735516468683879,0.014483203110992975,45
llama3.1:8b,q500,0.0,0.0,0.0,0.0,0.0,0.0,0.0,0.0,0.0,0.0,0.26284810086293214,0.26351259360108914,0.018318345421347578,0.23214285714285712,0.28571428571428575,0.0588446203052125,0.062085505735140774,0.009568611599954799,0.04092071611253197,0.06951026856240126,0.019653312510642777,0.013913931146815633,0.010378140825448814,0.01250619255779526,0.04485989399070746,0.15588026813137143,0.15859338612016766,0.01667240171214996,0.125,0.1846153846153846,0.855277955532074,0.8547725975513458,0.006283448816190119,0.8408828973770142,0.8624231815338135,0.8558548212051391,0.8584702908992767,0.00654416024304113,0.8428698778152466,0.8602064847946167,0.855556720495224,0.8564186096191406,0.005668067523064008,0.8418751955032349,0.8610312938690186,0.29,0.30000000000000004,0.19119507199599983,0.0,0.5,10,10,10,417.4,1.0,1.0,1,0.1,0.9382929192648993,0.03499352376165147,45
llama3.1:8b,q502,0.0,0.0,0.0,0.0,0.0,0.0,0.0,0.0,0.0,0.0,0.17195350052044273,0.17171052631578948,0.03051120982548199,0.11009174311926606,0.21428571428571427,0.003242893861963701,0.0031907747424988805,0.00037357592586341107,0.0027137042062415195,0.003861003861003861,0.010056230582164837,0.009618074668412906,0.0017175300636688674,0.006734428210674349,0.012534724690717635,0.1521991447267221,0.15343137254901962,0.02919718729415282,0.09174311926605504,0.19047619047619052,0.8444387435913085,0.8446076214313507,0.007194105194461609,0.8296964168548584,0.8575974702835083,0.8313977897167206,0.8316063284873962,0.0037007344866898315,0.8268300890922546,0.8388906121253967,0.8378601551055909,0.838373988866806,0.005051601092425182,0.8285117745399475,0.8481408357620239,0.01,0.0,0.03162277660168379,0.0,0.1,10,10,10,404.6,1.0,1.0,1,0.1,0.9381548404693604,0.017550002393685895,45
llama3.1:8b,q529,0.0,0.0,0.0,0.0,0.0,0.0,0.0,0.0,0.0,0.0,0.13427440682670583,0.13826059254539663,0.022395336302431953,0.09999999999999999,0.16901408450704225,0.14898612813882944,0.13404157551419982,0.04380821699490962,0.08571428571428572,0.2021978021978022,0.00846856184761036,0.008879991445910854,0.0012187372371729565,0.0061021938268538195,0.009752505550693367,0.08950648570239181,0.08957219251336898,0.014947577399164396,0.061855670103092786,0.11267605633802816,0.8275464296340942,0.8282313942909241,0.0028388550797404455,0.8224334120750427,0.8317393064498901,0.8511511445045471,0.8497627377510071,0.005004677052486437,0.8460646867752075,0.8594421744346619,0.8391785800457001,0.8381206393241882,0.0034976361964785315,0.835354745388031,0.8453638553619385,0.615,0.5,0.27085256341986336,0.3,1.0,10,10,10,383.6,1.0,1.0,1,0.1,0.9380729383892483,0.019455164785323997,45
llama3.1:8b,q55,0.0,0.0,0.0,0.0,0.0,0.0,0.0,0.0,0.0,0.0,0.0,0.0,0.0,0.0,0.0,0.1401098901098901,0.14285714285714285,0.008687575989473565,0.11538461538461539,0.14285714285714285,0.0,0.0,0.0,0.0,0.0,0.0,0.0,0.0,0.0,0.0,0.7999607682228088,0.8009405732154846,0.0030984154396600638,0.7911425232887268,0.8009405732154846,0.8114104807376862,0.8114222884178162,3.733916309353159e-05,0.8113042116165161,0.8114222884178162,0.8056422531604767,0.8061473369598389,0.0015972152152360255,0.801096498966217,0.8061473369598389,0.12,0.0,0.20976176963403032,0.0,0.5,10,2,2,71.1,0.2,0.2,9,0.9,0.997857027583652,0.004285600450336569,45
llama3.1:8b,q568,0.0,0.0,0.0,0.0,0.0,0.0,0.0,0.0,0.0,0.0,0.23543275473856937,0.22615535889872174,0.020159779402130366,0.2127659574468085,0.2767295597484276,0.12008878849560947,0.11485368730639336,0.020320408222407972,0.09647058823529411,0.14550641940085593,0.005297865493301397,0.003976207939271726,0.00467199056936693,0.0006017898884459484,0.016980433228620823,0.15716409211811636,0.15873015873015872,0.011989146797082696,0.1276595744680851,0.17610062893081757,0.8735513508319854,0.871573805809021,0.012013014419983647,0.8635659217834473,0.9057637453079224,0.8426155090332031,0.8409045040607452,0.0047587856337741015,0.8385913968086243,0.8539507389068604,0.8577498912811279,0.8566043674945831,0.005143181946089788,0.851835310459137,0.8708842396736145,0.13,0.1,0.11595018087284058,0.0,0.4,10,8,8,248.6,0.8,0.8,3,0.3,0.9203421433766683,0.032945125215659295,45
llama3.1:8b,q575,0.0,0.0,0.0,0.0,0.0,0.0,0.0,0.0,0.0,0.0,0.36268323748456505,0.3522458029775103,0.034827364921375316,0.32352941176470584,0.4266666666666667,0.04808996021662722,0.0448397689863336,0.022802699553668728,0.026490066225165563,0.08656330749354005,0.021529693837599277,0.019691243503763573,0.009696352906855972,0.010230270573321695,0.03797564564813527,0.19404390662389023,0.19391336770510562,0.02012709060011388,0.1691176470588235,0.21917808219178087,0.8811466574668885,0.8809679448604584,0.005672230854367755,0.8721848130226135,0.8890285491943359,0.8546415388584137,0.8564496636390686,0.013086478025064956,0.8356282711029053,0.8699436187744141,0.8676480889320374,0.8669061064720154,0.007957569979307898,0.8560203313827515,0.8792556524276733,0.3125,0.3,0.1457737973711325,0.1,0.6,10,10,10,538.0,1.0,1.0,1,0.1,0.9129785352283054,0.03111195245346179,45
llama3.1:8b,q586,0.0,0.0,0.0,0.0,0.0,0.0,0.0,0.0,0.0,0.0,0.39473948923781405,0.39999999999999997,0.025332953520282055,0.35514018691588783,0.4444444444444445,0.11860394849097766,0.1322498585551462,0.030625619136835328,0.07799442896935933,0.14982578397212543,0.07621160383474856,0.08125129940092579,0.008777114979870682,0.06371803015266243,0.08403328700520836,0.28485845091382034,0.27619047619047615,0.023665913710532487,0.25925925925925924,0.3111111111111111,0.8725725293159485,0.8648665547370911,0.015081328306835522,0.8531556129455566,0.9020568132400513,0.9141328036785126,0.9072081446647644,0.010076915381486693,0.9052013158798218,0.9270704388618469,0.8928531765937805,0.8851404786109924,0.012358736083507106,0.8797373175621033,0.914057195186615,0.915,0.925,0.08514693182963201,0.7,1.0,10,8,8,414.6,0.8,0.8,3,0.3,0.9454050223032634,0.03600575366334502,45
llama3.1:8b,q624,0.0,0.0,0.0,0.0,0.0,0.0,0.0,0.0,0.0,0.0,0.06682753519625222,0.07017543859649122,0.007032177604621628,0.05442176870748299,0.07339449541284403,0.1284569819356089,0.1250789440444613,0.017167794382175118,0.11062906724511931,0.16133518776077885,0.0023134633147038532,0.0023737976106001277,0.00023990028516854313,0.001869854090646045,0.0026062545815074933,0.053572668469962025,0.05334281650071124,0.009199413888805465,0.037037037037037035,0.07339449541284403,0.7817761898040771,0.786811500787735,0.014577872113167677,0.7500075101852417,0.7947319149971008,0.8269821286201477,0.8268060088157654,0.002685301445411498,0.8238385915756226,0.8325175642967224,0.8036826252937317,0.8056301474571228,0.00809577425467721,0.7851912975311279,0.8103387951850891,0.9650000000000001,1.0,0.09442810316143532,0.7,1.0,10,10,10,781.5,1.0,1.0,1,0.1,0.9128993100590176,0.01838314042162924,45
llama3.1:8b,q640,0.0,0.0,0.0,0.0,0.0,0.0,0.0,0.0,0.0,0.0,0.10468071800477294,0.10941644562334217,0.02017908046068717,0.06666666666666667,0.13043478260869565,0.19390695051766713,0.19033011977797254,0.021547899567901648,0.15422885572139303,0.234375,0.006767047177690983,0.005445246738851156,0.004036661204203578,0.00410726430147258,0.01778457282450253,0.08141157649338363,0.07767722473604827,0.012910010131754976,0.06451612903225805,0.10344827586206895,0.8246502459049225,0.8265549540519714,0.005520639823415715,0.8138170838356018,0.8321136236190796,0.8603538572788239,0.8543947637081146,0.013780091119641376,0.8463643789291382,0.8895871639251709,0.8420859694480896,0.840340793132782,0.008286790574343852,0.8297716379165649,0.8578152656555176,1.0,1.0,0.0,1.0,1.0,10,10,10,302.4,1.0,1.0,1,0.1,0.9478747169176738,0.022450690273220473,45
llama3.1:8b,q645,0.0,0.0,0.0,0.0,0.0,0.0,0.0,0.0,0.0,0.0,0.3636193771222747,0.362731521550978,0.023941067589861798,0.3269230769230769,0.39215686274509803,0.07088539904080202,0.06372110805629114,0.028267975156137,0.05547445255474453,0.15070643642072212,0.04139998776469374,0.03068623191230729,0.028609954342140483,0.01444827556737232,0.09430333907783954,0.20170660442650426,0.20853548966756513,0.027041024734892567,0.15384615384615383,0.23853211009174313,0.8726816356182099,0.8744826912879944,0.011465305580620849,0.8561135530471802,0.891998827457428,0.8855729281902314,0.887387216091156,0.0053903956164395896,0.8750975728034973,0.8927735686302185,0.8790586352348327,0.8793319463729858,0.007781815295319745,0.8655014038085938,0.8923860192298889,0.9375,0.95,0.06943650748294136,0.8,1.0,10,9,9,369.4,0.9,0.9,2,0.2,0.9325664109653897,0.02345488261631105,45
llama3.1:8b,q655,0.0,0.0,0.0,0.0,0.0,0.0,0.0,0.0,0.0,0.0,0.25060746700446146,0.24603529704200847,0.040453205357578,0.17777777777777778,0.31081081081081086,0.06045431067720612,0.06350930771749026,0.03222015290618161,0.018499486125385406,0.11030176899063475,0.004324347988590072,0.004182002987377953,0.0021820451389425884,0.0015011713580481499,0.007598388051644733,0.16128800077443206,0.16256256256256257,0.016395379574752338,0.11851851851851852,0.18181818181818185,0.8825272977352142,0.8895238935947418,0.019931657095020996,0.8488097190856934,0.9124645590782166,0.8446974039077759,0.8449696600437164,0.006066632632223612,0.8317071199417114,0.8531460165977478,0.8631291627883911,0.866392195224762,0.011832896602704465,0.8401713967323303,0.8802978992462158,0.04,0.0,0.06992058987801011,0.0,0.2,10,10,10,234.0,1.0,1.0,1,0.1,0.9280632283952501,0.021894512685754767,45
llama3.1:8b,q656,0.0,0.0,0.0,0.0,0.0,0.0,0.0,0.0,0.0,0.0,0.28518405826035265,0.2782045402430635,0.03815420549311007,0.23899371069182387,0.3597883597883598,0.012751271347568052,0.010370513758047633,0.008015556907426117,0.008223684210526315,0.03508771929824561,0.015456149832292505,0.018489376491286243,0.00544893745831959,0.00828291932237309,0.021043310737523035,0.14865690790810526,0.14532286449167459,0.017110911525572595,0.12716763005780346,0.1798941798941799,0.8454069554805755,0.844976931810379,0.005008007545971094,0.8375453352928162,0.8528280258178711,0.8669790983200073,0.8653758764266968,0.006207655033654942,0.8583892583847046,0.87843257188797,0.8560496032238006,0.8547388017177582,0.0049410919799783865,0.8502717018127441,0.8654410243034363,0.39,0.3,0.21317702607092642,0.2,0.9,10,10,10,591.5,1.0,1.0,1,0.1,0.9433844168980916,0.017493557250866223,45
llama3.1:8b,q657,0.0,0.0,0.0,0.0,0.0,0.0,0.0,0.0,0.0,0.0,0.26153387526408844,0.2680851063829787,0.02501567643357432,0.22222222222222224,0.2937853107344633,0.008426112428020698,0.0063886472379295345,0.004390125517650781,0.005361930294906166,0.018018018018018018,0.010385933373958272,0.010183106498215584,0.0007535572639320603,0.00954147242537698,0.011783408614059116,0.12004003096800724,0.11995597945707996,0.017759367633398176,0.09876543209876544,0.15483870967741936,0.8597920179367066,0.8602403998374939,0.002653667893964821,0.8552711009979248,0.8639848828315735,0.8495890140533447,0.8496614694595337,0.0025512938576844365,0.8451218008995056,0.8528335094451904,0.8546555697917938,0.8549113273620605,0.0015768056070077634,0.8513931632041931,0.8574645519256592,0.49000000000000005,0.5,0.2514402955419481,0.1,0.9,10,10,10,547.9,1.0,1.0,1,0.1,0.9167265269491408,0.014471354357232229,45
llama3.1:8b,q663,0.0,0.0,0.0,0.0,0.0,0.0,0.0,0.0,0.0,0.0,0.19320673785176276,0.18724307567895412,0.03234199923885679,0.15476190476190477,0.2694300518134715,0.009255749109091318,0.008682478193984267,0.0017940282341072102,0.007209805335255948,0.012248468941382326,0.012911521451108812,0.0068419024622532205,0.021583899580806035,0.003867295705249909,0.07414910096112151,0.09082195445388772,0.08202624839948783,0.028992973368111193,0.05952380952380953,0.15544041450777202,0.8565677285194397,0.8569230437278748,0.00739933586296365,0.8462949991226196,0.8709380030632019,0.8358613312244415,0.8331741988658905,0.009306498103542457,0.8277525901794434,0.8605368733406067,0.8460455417633057,0.8441339135169983,0.005550697820921234,0.8411371111869812,0.8595370054244995,0.8,0.95,0.28087165910587863,0.3,1.0,10,10,10,660.2,1.0,1.0,1,0.1,0.9304304864671495,0.011065162971658344,45
llama3.1:8b,q672,0.0,0.0,0.0,0.0,0.0,0.0,0.0,0.0,0.0,0.0,0.26890341408561774,0.26906370656370654,0.02372024681249999,0.22448979591836732,0.3089430894308943,0.0577432453317285,0.055684643919938034,0.008984501635827136,0.04714640198511166,0.0794979079497908,0.011754662946946924,0.010741356155949448,0.002819859252051793,0.00934401457506079,0.017841008157655564,0.17233719855871588,0.16293346606935458,0.023137881384633855,0.15555555555555556,0.23376623376623376,0.8492655873298645,0.8473523259162903,0.013560623472918728,0.8296506404876709,0.8787981271743774,0.8573584675788879,0.8557371199131012,0.004275417155694258,0.852877676486969,0.8655074238777161,0.8532602548599243,0.8510128557682037,0.008418919451200648,0.8416677117347717,0.8721020817756653,0.62,1.0,0.4939635614091388,0.0,1.0,10,10,10,422.7,1.0,1.0,1,0.1,0.9449983186191983,0.0277853307183738,45
llama3.1:8b,q676,0.0,0.0,0.0,0.0,0.0,0.0,0.0,0.0,0.0,0.0,0.21561830872243518,0.21838337860656337,0.01930387071669181,0.184,0.2528735632183908,0.04237710947665539,0.040589882096454394,0.005358911777627407,0.038083538083538086,0.05493133583021224,0.002640527199328028,0.002778592154643273,0.0005293376869440519,0.0018185252817879524,0.0033860121083099885,0.1127745175369185,0.11450381679389314,0.008267707146708549,0.09599999999999999,0.12260536398467434,0.8462683737277985,0.8472857475280762,0.0036112511490101673,0.8401859998703003,0.851292610168457,0.8256655931472778,0.8267327547073364,0.0035978247544355057,0.8190484642982483,0.8295600414276123,0.8358301222324371,0.8353765606880188,0.001956215751687349,0.8327608704566956,0.8396931290626526,0.65,0.6,0.14337208778404378,0.4,0.9,10,10,10,502.0,1.0,1.0,1,0.1,0.9577352033721076,0.020621181795227445,45
llama3.1:8b,q73,0.0,0.0,0.0,0.0,0.0,0.0,0.0,0.0,0.0,0.0,0.27119099088062504,0.2737736300550371,0.033247306858399654,0.21686746987951808,0.3181818181818182,0.03133530483722138,0.03005856503492583,0.004039800071291644,0.026214340786430222,0.039525691699604744,0.04079773157579027,0.0463341533239977,0.02377189449585768,0.01011428813204507,0.09433529289909669,0.19115968650941118,0.202025355202408,0.027500340258783684,0.14285714285714282,0.23863636363636365,0.8610472977161407,0.8583038151264191,0.013141966450103224,0.8389530777931213,0.8771384954452515,0.8743661165237426,0.8760292530059814,0.009233730151408555,0.8555697202682495,0.8855183720588684,0.8676291048526764,0.8673699498176575,0.010221729326484184,0.8471798896789551,0.8811414241790771,0.825,0.925,0.2263846284534354,0.3,1.0,10,10,10,584.9,1.0,1.0,1,0.1,0.9132021294699775,0.028619326814654948,45
llama3.1:8b,q77,0.0,0.0,0.0,0.0,0.0,0.0,0.0,0.0,0.0,0.0,0.192798453297565,0.1768009768009768,0.042214603902719174,0.16438356164383564,0.273972602739726,0.2283223528403202,0.221007807904166,0.03976837816568965,0.19332161687170474,0.31390134529147984,0.006819425027825389,0.005922590377996208,0.0027426750999403377,0.004863726726437654,0.01323614238074055,0.11234504779700476,0.10077153204219808,0.03506493491823075,0.08695652173913042,0.1917808219178082,0.8634101510047912,0.8626815378665924,0.00308523209162006,0.8593136072158813,0.8690019249916077,0.8925337731838227,0.8915983438491821,0.003354016006410616,0.8885839581489563,0.9005134105682373,0.8777262926101684,0.8776428401470184,0.0025019924980343765,0.874040961265564,0.8820710778236389,0.24,0.25,0.17126976771553507,0.0,0.6,10,8,8,341.1,0.8,0.8,3,0.3,0.9682447698381212,0.014316923729837772,45
llama3.1:8b,q79,0.0,0.0,0.0,0.0,0.0,0.0,0.0,0.0,0.0,0.0,0.38892145653151367,0.38516645596291615,0.03850449403457509,0.3300970873786408,0.47058823529411764,0.05409461459395691,0.050595238095238096,0.010370842893026224,0.04619565217391304,0.07727975270479134,0.030310920689638383,0.02421795419966201,0.013202410404321581,0.02145946960576447,0.05784459988825696,0.20400913866845877,0.20756564307966177,0.018725842781550223,0.17475728155339806,0.23529411764705882,0.8722535014152527,0.8739268481731415,0.006111453822172184,0.858939528465271,0.8781185746192932,0.8826784551143646,0.8836419582366943,0.00285985466211804,0.8779663443565369,0.8854103684425354,0.8774187386035919,0.87789586186409,0.0026932154711327002,0.8709211349487305,0.8804827928543091,0.8722222222222222,0.9,0.11211353372561426,0.7,1.0,10,10,10,415.4,1.0,1.0,1,0.1,0.9492393334706625,0.017439726640132467,45
medaibase/medgemma1.5:4b,q110,0.0,0.0,0.0,0.0,0.0,0.0,0.0,0.0,0.0,0.0,0.17632823208305823,0.18786764705882353,0.03811315774784412,0.11111111111111112,0.21176470588235297,0.026136296699257516,0.026717654557042704,0.003315447991687833,0.0218408736349454,0.03395585738539898,0.00563068006247577,0.005266039344377937,0.000708696346646512,0.004828608369134855,0.006486155788333823,0.0945380859193353,0.09411764705882353,0.013341171687808403,0.06451612903225808,0.11111111111111112,0.8765585362911225,0.8740645349025726,0.00948545820597138,0.8661535978317261,0.8873981237411499,0.8707207381725312,0.8707252740859985,0.005453867221297804,0.862744927406311,0.8766419887542725,0.8736187577247619,0.8695841431617737,0.006988662187637302,0.866294264793396,0.8819872736930847,0.915,0.925,0.07835106182362105,0.8,1.0,10,9,9,361.3,0.9,0.9,2,0.2,0.9535319844881693,0.021714797619202184,45
medaibase/medgemma1.5:4b,q133,0.0,0.0,0.0,0.0,0.0,0.0,0.0,0.0,0.0,0.0,0.0,0.0,0.0,0.0,0.0,0.05150275356748104,0.046822742474916385,0.010564260737540541,0.04285714285714286,0.07722007722007722,0.0,0.0,0.0,0.0,0.0,0.0,0.0,0.0,0.0,0.0,0.7560280084609985,0.7549630403518677,0.006326956038603638,0.7468635439872742,0.7661664485931396,0.7795383632183075,0.7782659530639648,0.0030175462056942696,0.7763879299163818,0.7870578765869141,0.7675914645195008,0.766334593296051,0.0039003614266092403,0.7618114352226257,0.7723480463027954,0.0,0.0,0.0,0.0,0.0,10,8,8,312.5,0.8,0.8,3,0.3,0.9470291654268901,0.02830526078799058,45
medaibase/medgemma1.5:4b,q134,0.0,0.0,0.0,0.0,0.0,0.0,0.0,0.0,0.0,0.0,0.21653368220878638,0.2153846153846154,0.0254521094855174,0.1764705882352941,0.2535211267605634,0.2314673298821234,0.2310740354535975,0.008054328837831576,0.22323462414578588,0.24824355971896955,0.027794824284710508,0.028676170918302102,0.0024190507884190643,0.023527319061563207,0.03048820182892172,0.1263151329154371,0.12307692307692308,0.008189053042549355,0.1176470588235294,0.1408450704225352,0.8460007607936859,0.8462177813053131,0.0012076226473732232,0.8433359861373901,0.8472278118133545,0.8830104649066925,0.8822978138923645,0.002379603631711392,0.8799402713775635,0.8867576718330383,0.8641081511974334,0.8643535375595093,0.0014606047596297303,0.8624305129051208,0.866278350353241,0.61,0.6,0.1577621275493231,0.3,0.8,10,8,8,305.4,0.8,0.8,2,0.2,0.9647571762402852,0.02008204639078315,45
medaibase/medgemma1.5:4b,q137,0.0,0.0,0.0,0.0,0.0,0.0,0.0,0.0,0.0,0.0,0.2482283373784535,0.24615384615384617,0.023946468318508045,0.192,0.27906976744186046,0.04205383336096205,0.04002812739216349,0.003585191392649151,0.039525691699604744,0.04822695035460993,0.02727033381684634,0.02331330883850467,0.013956079027559644,0.019578755177588333,0.06684053067565479,0.14300569097552362,0.14063358359274858,0.010135219287975004,0.128,0.15748031496062995,0.862916499376297,0.8630971312522888,0.0029480630375320897,0.8583877086639404,0.8669107556343079,0.8799321055412292,0.8790635764598846,0.0017821620270472103,0.8782912492752075,0.8836641311645508,0.8713398993015289,0.8708849847316742,0.0021688573628845425,0.8682254552841187,0.8745874762535095,0.945,0.95,0.05986094998689323,0.8,1.0,10,9,9,401.8,0.9,0.9,2,0.2,0.9677092472712199,0.015901943783448225,45
medaibase/medgemma1.5:4b,q166,0.0,0.0,0.0,0.0,0.0,0.0,0.0,0.0,0.0,0.0,0.10960679044355326,0.10697940503432493,0.01758241703892071,0.0898876404494382,0.14814814814814814,0.163692398640521,0.1529733166255114,0.04881148665169606,0.10291595197255575,0.23613595706618962,0.005514622042578886,0.004837848632734048,0.0015351285018736212,0.004188283864570021,0.008268275706299172,0.08322313582039215,0.09175084175084175,0.01532271795441961,0.06315789473684211,0.0975609756097561,0.8333480536937714,0.8370283246040344,0.009858500208537613,0.81471848487854,0.8428972363471985,0.8246167600154877,0.8228379189968109,0.005227476864364757,0.8185217380523682,0.833048403263092,0.8289063751697541,0.8295063078403473,0.0036804996307317987,0.8234003782272339,0.836133599281311,0.32999999999999996,0.2,0.29458068127047604,0.0,1.0,10,10,10,452.1,1.0,1.0,1,0.1,0.9066758751869202,0.03529236838731934,45
medaibase/medgemma1.5:4b,q177,0.0,0.0,0.0,0.0,0.0,0.0,0.0,0.0,0.0,0.0,0.07917504059956963,0.07275132275132276,0.018141389605579008,0.0588235294117647,0.10526315789473682,0.17520135209928564,0.17881020013608823,0.026753814026413778,0.12080536912751678,0.20812182741116753,0.008146800761305487,0.008445556982872195,0.001537686389442563,0.004826741258911654,0.009795841373797659,0.06941474241821882,0.06622879036672141,0.013065116168371855,0.0588235294117647,0.10344827586206898,0.8383468687534332,0.8392394185066223,0.006136141397449526,0.8281947374343872,0.848645806312561,0.8716295182704925,0.8733699917793274,0.009440343705006102,0.8479183912277222,0.8849508166313171,0.8546294271945953,0.8546134531497955,0.005441582183834871,0.8450281620025635,0.8664182424545288,0.75625,0.875,0.22903134532822605,0.3,0.9,10,10,10,338.2,1.0,1.0,1,0.1,0.92925476498074,0.0236940616417042,45
medaibase/medgemma1.5:4b,q212,0.0,0.0,0.0,0.0,0.0,0.0,0.0,0.0,0.0,0.0,0.2671440969156112,0.26864998873112467,0.02968633727314021,0.21052631578947367,0.2978723404255319,0.02501557639769551,0.02366046210440749,0.006448881522363483,0.018633540372670808,0.03598971722365039,0.020972506176046256,0.0218184190714125,0.003864441354279024,0.011999240165096299,0.025097042986002432,0.14980675877906177,0.15183968775286782,0.014367012819563131,0.12903225806451613,0.16666666666666669,0.8641942024230957,0.8647244274616241,0.0068360511123717865,0.8503036499023438,0.873734712600708,0.8615153968334198,0.861529529094696,0.0015483727189424122,0.85809326171875,0.863813042640686,0.8628396332263947,0.8625987470149994,0.0034659979422753976,0.8555014133453369,0.8682062029838562,0.93125,0.95,0.07989949043284678,0.8,1.0,10,10,10,457.4,1.0,1.0,1,0.1,0.9512589812278748,0.021556725673480878,45
medaibase/medgemma1.5:4b,q213,0.0,0.0,0.0,0.0,0.0,0.0,0.0,0.0,0.0,0.0,0.28552656388400977,0.27543800539083557,0.02655551601374824,0.2608695652173913,0.3373493975903614,0.2260603590662961,0.2136797056836099,0.026188840344093675,0.20132450331125828,0.2795275590551181,0.032746973999642257,0.035407200605884134,0.010856431779362019,0.012877338632854628,0.043694435543298805,0.16846422668777977,0.16526280323450132,0.017099337765031263,0.14457831325301204,0.20618556701030927,0.8538897216320038,0.8466938138008118,0.01595434532773161,0.8427504301071167,0.8848735094070435,0.9032957136631012,0.9007942974567413,0.008954679117374466,0.8910130262374878,0.917876660823822,0.877866017818451,0.8733909130096436,0.011955173734819578,0.869425356388092,0.9010175466537476,0.37,0.25,0.2710063549890379,0.2,1.0,10,10,10,540.0,1.0,1.0,1,0.1,0.9494223104582893,0.025674556611942127,45
medaibase/medgemma1.5:4b,q236,0.0,0.0,0.0,0.0,0.0,0.0,0.0,0.0,0.0,0.0,0.03597214582032455,0.03333333333333333,0.0119579994329483,0.0273972602739726,0.06896551724137931,0.19142414401792218,0.18828953311064306,0.02658617522475744,0.16728624535315986,0.2575107296137339,0.003874241331952582,0.0039094870602888725,0.000561315861621949,0.003040349233039763,0.004863083928997274,0.03597214582032455,0.03333333333333333,0.0119579994329483,0.0273972602739726,0.06896551724137931,0.8223314940929413,0.8221363127231598,0.003685886142346604,0.8149539232254028,0.8286697864532471,0.84558065533638,0.8456374406814575,0.00146727694744641,0.8430556654930115,0.8482711315155029,0.8337921917438507,0.8335153162479401,0.0025342535302898227,0.8287667036056519,0.8383558988571167,0.9949999999999999,1.0,0.015811388300841906,0.95,1.0,10,8,8,364.7,0.8,0.8,2,0.2,0.962436756822798,0.019533076106260643,45
medaibase/medgemma1.5:4b,q245,0.0,0.0,0.0,0.0,0.0,0.0,0.0,0.0,0.0,0.0,0.3073484732747155,0.298936170212766,0.04040132725100369,0.23655913978494625,0.3571428571428571,0.35303808171388223,0.3347900110019115,0.031656943551819555,0.3125,0.4090909090909091,0.011801454499047523,0.01145732191121482,0.0017631051970374194,0.009215897997772978,0.014246802586916678,0.20009512567420665,0.20692389006342496,0.023754546535163523,0.15053763440860213,0.23809523809523808,0.8423187971115113,0.8419335782527924,0.00582054244582298,0.8332675695419312,0.8494209051132202,0.8463174104690552,0.8481599390506744,0.004661107951199883,0.8398343324661255,0.851611316204071,0.8443106234073638,0.8451426923274994,0.005028019186731349,0.8365380167961121,0.8504500985145569,0.845,0.95,0.20743138088962768,0.4,1.0,10,9,9,385.5,0.9,0.9,2,0.2,0.9673044059011672,0.015037023117651772,45
medaibase/medgemma1.5:4b,q250,0.0,0.0,0.0,0.0,0.0,0.0,0.0,0.0,0.0,0.0,0.3552347336999064,0.3595505617977528,0.03069520588539265,0.2954545454545454,0.40476190476190477,0.02821839905151712,0.01731634182908546,0.02343133463472889,0.01597444089456869,0.072992700729927,0.015305632793812852,0.013639641084835657,0.005999232754881457,0.01163493333191836,0.03198470335375587,0.20631966357286377,0.20842379504993486,0.01948337469840972,0.16867469879518074,0.2298850574712644,0.8821468472480773,0.8819358348846436,0.006916538397093215,0.8734310865402222,0.8942131996154785,0.89197336435318,0.8915195465087891,0.0019184777394915047,0.8890939950942993,0.8952908515930176,0.8870230793952942,0.8863073587417603,0.004048638753240302,0.8820065855979919,0.8933848142623901,0.9277777777777777,0.95,0.07949493345141215,0.75,1.0,10,10,10,385.2,1.0,1.0,1,0.1,0.9569749275843302,0.022754224459865927,45
medaibase/medgemma1.5:4b,q251,0.0,0.0,0.0,0.0,0.0,0.0,0.0,0.0,0.0,0.0,0.226578980954759,0.21887022900763356,0.020513131194484266,0.20740740740740737,0.2571428571428571,0.03844633348592528,0.03923828388781345,0.006530746798496072,0.023529411764705882,0.04645760743321719,0.0050377127111410945,0.004198452974493075,0.001827148503868291,0.003070264526991699,0.0077868152437881935,0.12201004891675753,0.12121907822992596,0.019124101658639463,0.09599999999999999,0.15151515151515152,0.849883359670639,0.8486630022525787,0.003803053794375187,0.8448714017868042,0.8559615015983582,0.8173003137111664,0.8188818395137787,0.005019993172502459,0.8109881281852722,0.8248701095581055,0.8332691729068756,0.8327894806861877,0.004027996957087684,0.8275831341743469,0.8401282429695129,0.9166666666666666,0.9,0.07071067811865475,0.8,1.0,10,10,10,348.5,1.0,1.0,1,0.1,0.9483090162277221,0.01726691388636211,45
medaibase/medgemma1.5:4b,q257,0.0,0.0,0.0,0.0,0.0,0.0,0.0,0.0,0.0,0.0,0.25328501859054975,0.2466216216216216,0.021494144628859665,0.23076923076923073,0.3,0.21642610874914894,0.2204724409448819,0.04498740820236277,0.1488933601609658,0.27676240208877284,0.0061549004853827935,0.005311848165936472,0.0023037173328095293,0.004980736971397764,0.012595484949560398,0.12775488005733834,0.1266025641025641,0.015791861926570828,0.10810810810810811,0.16666666666666666,0.8544385373592377,0.8520812392234802,0.005289996866991469,0.8515665531158447,0.8685365319252014,0.904711800813675,0.9042983055114746,0.002212125462492199,0.9013153910636902,0.9089764356613159,0.8788525819778442,0.8774135708808899,0.003642265357793877,0.8757349848747253,0.8882964253425598,0.99,1.0,0.02108185106778922,0.95,1.0,10,8,8,385.9,0.8,0.8,2,0.2,0.9489698317315843,0.019791858424136586,45
medaibase/medgemma1.5:4b,q258,0.0,0.0,0.0,0.0,0.0,0.0,0.0,0.0,0.0,0.0,0.13830899404331085,0.13279530447542187,0.022449328568866195,0.10989010989010989,0.16666666666666669,0.18051674071004215,0.16379310344827586,0.03379855852899774,0.15015015015015015,0.24118738404452691,0.004455434820894578,0.0039976009579455974,0.0012203899157270338,0.0036183070316074387,0.0074019459920145365,0.102510372367733,0.10256410256410256,0.017531048011912697,0.07766990291262135,0.13333333333333333,0.8388079166412353,0.8398548364639282,0.008040722274055265,0.8252663612365723,0.847694456577301,0.8407436966896057,0.8413074910640717,0.006411892781568864,0.8316581845283508,0.8493624329566956,0.8397709548473358,0.8414032757282257,0.007031541932215579,0.8284499645233154,0.847911536693573,0.06000000000000001,0.05,0.06992058987801011,0.0,0.2,10,10,10,504.1,1.0,1.0,1,0.1,0.9222747365633647,0.01141978138910053,45
medaibase/medgemma1.5:4b,q282,0.0,0.0,0.0,0.0,0.0,0.0,0.0,0.0,0.0,0.0,0.2960347271053152,0.2937254901960784,0.013790479095028254,0.26829268292682923,0.3188405797101449,0.19320140854434834,0.18469309900286773,0.03354133597277352,0.1535181236673774,0.2570806100217865,0.014065074545131437,0.013909880484338158,0.0012097716101914817,0.0123260848753246,0.016894127989367857,0.18420455458615412,0.18034055727554177,0.019950397942227766,0.16,0.23076923076923078,0.8723892509937287,0.8717491328716278,0.01203892914125345,0.8558464050292969,0.8901865482330322,0.9056551992893219,0.9044545888900757,0.004464890596771249,0.901373028755188,0.9175886511802673,0.8886665403842926,0.8886888921260834,0.006471557737192924,0.879797637462616,0.8969298601150513,0.975,1.0,0.03535533905932738,0.9,1.0,10,10,10,302.5,1.0,1.0,1,0.1,0.9491193188561333,0.02015676330433734,45
medaibase/medgemma1.5:4b,q287,0.0,0.0,0.0,0.0,0.0,0.0,0.0,0.0,0.0,0.0,0.12346929942249388,0.12443584784010314,0.014567817660269076,0.0909090909090909,0.13888888888888892,0.18399874582789932,0.18401074907625126,0.05539384697869245,0.10473815461346633,0.30042918454935624,0.004861885683564358,0.004500073773240964,0.0013255340448250288,0.003161446527541634,0.007795274631335565,0.10131221717946703,0.10135250813216914,0.010652809688485776,0.08888888888888889,0.11764705882352941,0.8343172788619995,0.8337951302528381,0.008266473583674648,0.8162462711334229,0.8483240604400635,0.8536869347095489,0.8522171378135681,0.004185560308636161,0.8492839336395264,0.8639684319496155,0.843874168395996,0.8438793420791626,0.005305165859378619,0.8332309126853943,0.8523925542831421,0.030000000000000006,0.0,0.0674948557710553,0.0,0.2,10,10,10,426.7,1.0,1.0,1,0.1,0.9149187193976508,0.0263766599109085,45
medaibase/medgemma1.5:4b,q290,0.0,0.0,0.0,0.0,0.0,0.0,0.0,0.0,0.0,0.0,0.27537357209015123,0.27499999999999997,0.002980396853419868,0.2682926829268293,0.27848101265822783,0.1541553387763807,0.15180265654648956,0.006240065763113951,0.15180265654648956,0.17184643510054845,0.026263360797411994,0.02619861362665576,0.00048560602431933086,0.02511767144459477,0.026774751589863543,0.1227307811052794,0.125,0.008875167173018698,0.09756097560975609,0.12658227848101267,0.8426184892654419,0.8432248830795288,0.0008635484709226151,0.8407618999481201,0.8432248830795288,0.8743939459323883,0.8751251697540283,0.0012579738990369533,0.8725770115852356,0.8754573464393616,0.8582118272781372,0.8588789105415344,0.0008866359138762654,0.857028603553772,0.8588789105415344,1.0,1.0,0.0,1.0,1.0,10,3,3,364.9,0.3,0.3,6,0.6,0.9951800306638082,0.006181763712700437,45
medaibase/medgemma1.5:4b,q295,0.0,0.0,0.0,0.0,0.0,0.0,0.0,0.0,0.0,0.0,0.036562621468563455,0.0367003367003367,0.002672642896292723,0.029850746268656723,0.039999999999999994,0.11327312946729742,0.11275964391691394,0.008392772095631515,0.09336609336609336,0.1254125412541254,0.003475209600832682,0.00348799631857875,0.0002694558849335831,0.0028008742289203836,0.0038253628844009133,0.036562621468563455,0.0367003367003367,0.002672642896292723,0.029850746268656723,0.039999999999999994,0.7746118009090424,0.7746366262435913,0.0027300999580536444,0.769739031791687,0.7796618342399597,0.8506955564022064,0.8589672148227692,0.011898153453067856,0.8300672173500061,0.8592520356178284,0.8108427226543427,0.8147196769714355,0.006232310073458658,0.799612820148468,0.8161910176277161,0.8,1.0,0.4216370213557839,0.0,1.0,10,7,7,324.2,0.7,0.7,3,0.3,0.9818068279160393,0.013067452622547873,45
medaibase/medgemma1.5:4b,q319,0.0,0.0,0.0,0.0,0.0,0.0,0.0,0.0,0.0,0.0,0.35498240501278616,0.3655913978494624,0.02377692181968803,0.3035714285714286,0.37362637362637363,0.09167054040680284,0.09461764666746504,0.006031099074429476,0.07945205479452055,0.09666666666666666,0.02994484005828436,0.031336439160561565,0.003194827109773908,0.023233660903143476,0.03253074011521554,0.24148894679407787,0.24044433827042525,0.009589773168330073,0.23157894736842105,0.25806451612903225,0.8700105369091033,0.8735264837741852,0.007410899312140281,0.8539704084396362,0.8761372566223145,0.8409609615802764,0.840716153383255,0.0009936946852731616,0.8400740623474121,0.8429781198501587,0.8552234768867493,0.8568173944950104,0.003451128906341508,0.8469744324684143,0.858021080493927,0.9,0.925,0.08498365855987972,0.75,1.0,10,10,10,372.2,1.0,1.0,1,0.1,0.9784196072154575,0.016299236721946917,45
medaibase/medgemma1.5:4b,q328,0.0,0.0,0.0,0.0,0.0,0.0,0.0,0.0,0.0,0.0,0.1671688778998129,0.1739879414298019,0.037023578197183354,0.09523809523809523,0.21739130434782605,0.1727868484729452,0.16770862800565772,0.027075039754346927,0.12486064659977704,0.22141560798548093,0.010829206412601647,0.011318033988607215,0.004367902493413793,0.00422741345345173,0.017620300614149337,0.1279386812874919,0.13458225667527993,0.026306990269894793,0.07142857142857142,0.15384615384615385,0.8398287117481231,0.8412804007530212,0.008574285412717025,0.8226434588432312,0.8533586263656616,0.8636158227920532,0.864637553691864,0.003601497898220435,0.8559077978134155,0.8680382966995239,0.8515373945236206,0.8512913584709167,0.005193941417374359,0.8427619338035583,0.8599944710731506,0.13999999999999999,0.2,0.12649110640673517,0.0,0.3,10,10,10,535.9,1.0,1.0,1,0.1,0.9338965204026964,0.022649857606183228,45
medaibase/medgemma1.5:4b,q335,0.0,0.0,0.0,0.0,0.0,0.0,0.0,0.0,0.0,0.0,0.2456546133889142,0.23745055434843165,0.02828595549808683,0.19318181818181818,0.29,0.021908788640915215,0.017937222711928852,0.006074420208103587,0.016679302501895376,0.030716723549488054,0.004542630389609238,0.005001356303197767,0.0010044704839389587,0.0025119656424742723,0.005559723609311958,0.13869426382504058,0.1417453220731909,0.01448959080087876,0.11363636363636365,0.15999999999999998,0.8710473239421844,0.8719840049743652,0.004176203431469812,0.8644713759422302,0.876404881477356,0.8115214288234711,0.8138206005096436,0.003965734077477878,0.8050841093063354,0.8155102133750916,0.8402254104614257,0.8404752314090729,0.00330928226320013,0.8337215185165405,0.8443313837051392,0.49000000000000005,0.5,0.11005049346146119,0.3,0.6,10,10,10,416.8,1.0,1.0,1,0.1,0.9479226761394077,0.014577901465033287,45
medaibase/medgemma1.5:4b,q336,0.0,0.0,0.0,0.0,0.0,0.0,0.0,0.0,0.0,0.0,0.24611478282570604,0.2381289865343728,0.04034854546379729,0.1951219512195122,0.3142857142857143,0.27375058170350003,0.28238395024271845,0.05107412288545798,0.15711252653927812,0.3326488706365503,0.013836656532369426,0.012415980551532764,0.003917670577435578,0.010369624853513556,0.02106055451080167,0.1911937407995354,0.19050318922749823,0.03118350948293545,0.14634146341463414,0.25,0.8679313898086548,0.8675467073917389,0.008377671654294917,0.8545987606048584,0.8821737766265869,0.9172344267368316,0.9188155233860016,0.0056589582363313125,0.906621515750885,0.9248146414756775,0.8918727576732636,0.8929238319396973,0.004866822792028234,0.8831173777580261,0.8986125588417053,0.96,1.0,0.07745966692414834,0.75,1.0,10,10,10,361.0,1.0,1.0,1,0.1,0.9356507592731051,0.01921955035428087,45
medaibase/medgemma1.5:4b,q337,0.0,0.0,0.0,0.0,0.0,0.0,0.0,0.0,0.0,0.0,0.04678156661085004,0.04762579730687455,0.004710735705750308,0.038834951456310676,0.05454545454545455,0.050669523680255665,0.052100080051623324,0.004648838960858326,0.04280618311533888,0.0547112462006079,0.003434432107531936,0.003555822104963561,0.00046339377617108827,0.0027646646087298252,0.00388107836970323,0.04496338479266822,0.04651791751183232,0.004886679644593049,0.03636363636363636,0.04938271604938271,0.7865558922290802,0.7879365682601929,0.004969091209827611,0.7792696356773376,0.7909912467002869,0.7524657309055328,0.7521902918815613,0.0038819565829134616,0.7480660676956177,0.7607594132423401,0.769123500585556,0.7704031765460968,0.003352588851104024,0.7633491158485413,0.7723054885864258,0.0,0.0,0.0,0.0,0.0,10,8,8,465.3,0.8,0.8,3,0.3,0.9572019431326124,0.01838324870523573,45
medaibase/medgemma1.5:4b,q354,0.0,0.0,0.0,0.0,0.0,0.0,0.0,0.0,0.0,0.0,0.18563995659285282,0.19162363740676994,0.04796198469473888,0.1142857142857143,0.23999999999999996,0.2806765759319824,0.2792230705074742,0.013523150331486412,0.26459143968871596,0.3004115226337449,0.00808273880298302,0.007555931381111504,0.002671295158710262,0.005294306808178315,0.01143354672983217,0.16332804839350967,0.16025641025641024,0.036767376588662845,0.1142857142857143,0.21333333333333335,0.8580239593982697,0.857463151216507,0.005229471599564793,0.8522907495498657,0.8705629110336304,0.8691837549209595,0.868500292301178,0.0023565400681530737,0.8662893772125244,0.873315155506134,0.8635611891746521,0.8629042208194733,0.0032026192847167756,0.8605534434318542,0.8719368577003479,0.7849999999999999,0.8,0.10814085465005557,0.6,0.95,10,10,10,361.2,1.0,1.0,1,0.1,0.953135973877377,0.021006176260955838,45
medaibase/medgemma1.5:4b,q356,0.0,0.0,0.0,0.0,0.0,0.0,0.0,0.0,0.0,0.0,0.1712243045054183,0.16176470588235292,0.01947726055023655,0.15827338129496402,0.20915032679738563,0.04374639338171364,0.038298955946014776,0.009874720123273475,0.035678889990089196,0.059893048128342244,0.005412448069063805,0.004034085118743001,0.002298292839090109,0.003967536279562966,0.009697435877267988,0.1012203050813173,0.09765700952751313,0.016905035110151345,0.08633093525179857,0.1313868613138686,0.8663861215114593,0.8669433295726776,0.0047890595179823,0.8587501049041748,0.8763463497161865,0.8586407899856567,0.8578641712665558,0.0017777232024232302,0.8570716977119446,0.861875593662262,0.862490051984787,0.862119734287262,0.0026688537358647464,0.85791015625,0.8683175444602966,0.585,0.55,0.15994790818680105,0.3,0.8,10,10,9,439.3,1.0,0.9,2,0.2,0.9841844108369615,0.007893393266383983,45
medaibase/medgemma1.5:4b,q397,0.0,0.0,0.0,0.0,0.0,0.0,0.0,0.0,0.0,0.0,0.08270967155198748,0.08005692937199788,0.0212851492606826,0.05405405405405406,0.12658227848101267,0.22947290332276404,0.24170081967213114,0.030055700387839085,0.17695473251028807,0.2585858585858586,0.004011313113094944,0.00408041466980721,0.0003589614797217165,0.0032877588232977204,0.004469945504361893,0.07562555684656476,0.0754985754985755,0.01570571190138366,0.05405405405405406,0.10126582278481013,0.8572317242622376,0.8574783504009247,0.005050276721124209,0.8502950668334961,0.8639369606971741,0.8624514043331146,0.8627248406410217,0.002770822981313256,0.8579045534133911,0.8666433095932007,0.8598237872123718,0.8595210015773773,0.0026969059794846226,0.8566494584083557,0.8642252087593079,0.5700000000000001,0.55,0.38887301554906356,0.0,1.0,10,10,10,428.0,1.0,1.0,1,0.1,0.9419709126154582,0.02229513217030799,45
medaibase/medgemma1.5:4b,q405,0.0,0.0,0.0,0.0,0.0,0.0,0.0,0.0,0.0,0.0,0.21983794237262408,0.22228717573986115,0.013769078780102962,0.19298245614035084,0.23622047244094488,0.05115832743582146,0.048078900643982916,0.006354865340366461,0.043583535108958835,0.0607661822985469,0.005529801508199021,0.0055750601508708295,0.0003963440694488071,0.004895193668220429,0.006196989375878583,0.136324089045531,0.13913043478260867,0.013089062016790243,0.11666666666666667,0.16071428571428573,0.8684769153594971,0.8675060868263245,0.00362430388642679,0.864117443561554,0.8759684562683105,0.8747355759143829,0.8742775619029999,0.0035059545110681964,0.8707350492477417,0.8834514617919922,0.8715920269489288,0.8708118498325348,0.0031357324812990362,0.8674135804176331,0.8796940445899963,0.9800000000000001,1.0,0.025819888974716165,0.95,1.0,10,10,10,439.6,1.0,1.0,1,0.1,0.9358934574657016,0.015370574602322171,45
medaibase/medgemma1.5:4b,q410,0.0,0.0,0.0,0.0,0.0,0.0,0.0,0.0,0.0,0.0,0.0951984126984127,0.09523809523809525,0.012879618150474182,0.08333333333333333,0.125,0.23630211821690567,0.23309404543530407,0.014392997048046871,0.21148036253776434,0.2629757785467128,0.005356332244283805,0.005528702204297024,0.0007646781775949127,0.004545435141870279,0.006414921514603761,0.0951984126984127,0.09523809523809525,0.012879618150474182,0.08333333333333333,0.125,0.8342752039432526,0.8346381783485413,0.0028065767643578312,0.8311221599578857,0.8378763794898987,0.8283277750015259,0.8272021412849426,0.003850066694847211,0.8249539136886597,0.8351865410804749,0.8312875986099243,0.8322122693061829,0.00289032323867873,0.828026533126831,0.8353772759437561,0.8550000000000001,0.85,0.07619419633774972,0.7,0.95,10,7,7,267.7,0.7,0.7,3,0.3,0.9593310727013482,0.023757164021904736,45
medaibase/medgemma1.5:4b,q440,0.0,0.0,0.0,0.0,0.0,0.0,0.0,0.0,0.0,0.0,0.15480224594675301,0.15250544662309368,0.052983746703945074,0.08602150537634409,0.27586206896551724,0.22276378570926383,0.21736469293721203,0.05003109285470653,0.1737649063032368,0.3482142857142857,0.0065384509324781055,0.006144343464548105,0.0031504103716150757,0.0030860166165309253,0.014400124446705301,0.1204994131057093,0.11437908496732024,0.03428482553776526,0.08602150537634409,0.20689655172413793,0.8333851218223571,0.832909882068634,0.016392806961153333,0.8089227080345154,0.8673301935195923,0.8173119425773621,0.8178402781486511,0.0029496759522730648,0.8132924437522888,0.821037769317627,0.8252182304859161,0.8253096640110016,0.009291426671668369,0.8111016750335693,0.8430542945861816,1.0,1.0,0.0,1.0,1.0,10,10,10,309.9,1.0,1.0,1,0.1,0.9434243294927809,0.023973132845606156,45
medaibase/medgemma1.5:4b,q469,0.0,0.0,0.0,0.0,0.0,0.0,0.0,0.0,0.0,0.0,0.21851955460568823,0.22346897778798142,0.023050506753367034,0.1825726141078838,0.24999999999999994,0.024585402239118648,0.024261002100358732,0.0016698708826347992,0.022795440911817635,0.028455284552845527,0.0036457883482964594,0.003168993778609909,0.002447645309103143,0.0013557775685387088,0.00873048755982892,0.1394159299815057,0.13533834586466167,0.012189719822767587,0.12448132780082989,0.16356877323420074,0.8679535865783692,0.8671976625919342,0.004724345287183575,0.8620119094848633,0.8780809640884399,0.8112520515918732,0.8109661042690277,0.008486393165432838,0.800370454788208,0.8254989385604858,0.8386062800884246,0.8385517597198486,0.003614900286033251,0.8336053490638733,0.8443622589111328,0.6849999999999999,0.675,0.15465014279549397,0.5,1.0,10,10,10,454.9,1.0,1.0,1,0.1,0.9435564054383172,0.022701812841320987,45
medaibase/medgemma1.5:4b,q478,0.0,0.0,0.0,0.0,0.0,0.0,0.0,0.0,0.0,0.0,0.24582178129035528,0.24616354845490857,0.030083189480472027,0.2105263157894737,0.2985074626865672,0.2578408000618896,0.2589641434262948,0.019075257475992147,0.22692307692307692,0.28448275862068967,0.010498070285919873,0.010857623973748317,0.002110974568518298,0.006625722873170615,0.01323614238074055,0.16746205751008064,0.1632728619029989,0.007944394457314553,0.15789473684210525,0.1791044776119403,0.8756087362766266,0.8756732940673828,0.0032993538644864213,0.8702279925346375,0.8798774480819702,0.8748246967792511,0.8749587833881378,0.0013032224790229209,0.871667742729187,0.8766003847122192,0.8752144575119019,0.8755789399147034,0.002061968458187822,0.8709473013877869,0.8782358765602112,0.485,0.4,0.249499498997493,0.2,0.95,10,8,8,333.2,0.8,0.8,2,0.2,0.9592303103870816,0.023011209613866997,45
medaibase/medgemma1.5:4b,q500,0.0,0.0,0.0,0.0,0.0,0.0,0.0,0.0,0.0,0.0,0.25789524700423694,0.2843310600319946,0.05127886168617005,0.1346153846153846,0.297029702970297,0.08740781533329416,0.11527377521613832,0.04917237496390438,0.012345679012345678,0.13953488372093023,0.037936662619437046,0.05470149065417338,0.024909733871068495,0.004575175615629349,0.06428216024520217,0.163155655811782,0.18018018018018014,0.04489858701149308,0.09615384615384615,0.24299065420560745,0.8550052583217621,0.8617836534976959,0.01081279567788954,0.8376225233078003,0.8641351461410522,0.8363818347454071,0.8402281701564789,0.007596808247423452,0.8212475180625916,0.8422286510467529,0.8455842792987823,0.8508950471878052,0.008950498975934385,0.8293542265892029,0.8530412316322327,0.13,0.2,0.09486832980505139,0.0,0.2,10,8,8,409.1,0.8,0.8,3,0.3,0.9366342571046617,0.02877086757810693,45
medaibase/medgemma1.5:4b,q502,0.0,0.0,0.0,0.0,0.0,0.0,0.0,0.0,0.0,0.0,0.17073630084192165,0.1702127659574468,0.018206534145082887,0.1509433962264151,0.20618556701030927,0.07280624762744492,0.0749414976599064,0.003898072508438944,0.06504065040650407,0.07547169811320754,0.008711609937971626,0.009092765040225756,0.0006654738564594565,0.007544630983144272,0.009269785333198168,0.1437729130095774,0.1333454281567489,0.02104624182342355,0.12765957446808512,0.18556701030927833,0.8395246028900146,0.837651252746582,0.0077275172512869285,0.8277750015258789,0.8498526811599731,0.8328385055065155,0.832659900188446,0.002529331610744782,0.8283060193061829,0.8371682167053223,0.8361591219902038,0.8350105583667755,0.004927893265890484,0.8280404210090637,0.8419713973999023,0.3625,0.2,0.28252686345094435,0.2,1.0,10,9,9,444.2,0.9,0.9,2,0.2,0.9359937522146436,0.025013113539496996,45
medaibase/medgemma1.5:4b,q529,0.0,0.0,0.0,0.0,0.0,0.0,0.0,0.0,0.0,0.0,0.16129032258064516,0.16129032258064516,0.0,0.16129032258064516,0.16129032258064516,0.17426978818283165,0.17435897435897435,0.0001880209682745983,0.17391304347826086,0.17435897435897435,0.0111302246797525,0.0111302246797525,0.0,0.0111302246797525,0.0111302246797525,0.0967741935483871,0.0967741935483871,0.0,0.0967741935483871,0.0967741935483871,0.833238160610199,0.8336609601974487,0.0007162016337194626,0.8319791555404663,0.8336609601974487,0.8501274466514588,0.8500468730926514,0.0001948780619880409,0.8499592542648315,0.8504935503005981,0.841597855091095,0.8417741656303406,0.0002870413647386791,0.8411344885826111,0.8417741656303406,0.985,1.0,0.024152294576982425,0.95,1.0,10,3,2,283.2,0.3,0.2,8,0.8,0.995337528652615,0.005912511440631574,45
medaibase/medgemma1.5:4b,q55,0.0,0.0,0.0,0.0,0.0,0.0,0.0,0.0,0.0,0.0,0.0,0.0,0.0,0.0,0.0,0.06308666786529504,0.06026775584297708,0.01489735828473245,0.042232277526395176,0.09090909090909091,0.0,0.0,0.0,0.0,0.0,0.0,0.0,0.0,0.0,0.0,0.7672615826129914,0.7680997252464294,0.006847416081721066,0.7531722187995911,0.777358889579773,0.7928472697734833,0.7907293438911438,0.007371825688908994,0.7839292883872986,0.8082080483436584,0.779806274175644,0.7791131436824799,0.0041500630905078875,0.7739070653915405,0.7879394292831421,0.12999999999999998,0.0,0.23118054512532937,0.0,0.6,10,10,10,464.2,1.0,1.0,1,0.1,0.9290266050232782,0.015847620301181788,45
medaibase/medgemma1.5:4b,q568,0.0,0.0,0.0,0.0,0.0,0.0,0.0,0.0,0.0,0.0,0.18651004885125044,0.18773998283416904,0.01857156305535668,0.16216216216216217,0.218978102189781,0.10457839932518816,0.10251682697647556,0.011871963453309884,0.08975834292289989,0.12474437627811862,0.0054207327187278005,0.00529907879694003,0.0012640786432397248,0.0036551712676137706,0.007415075765765209,0.13461792426412014,0.13634656904158451,0.015739267986484683,0.11347517730496454,0.16058394160583944,0.8677658081054688,0.8661219775676727,0.006664557467401153,0.861943244934082,0.8839700222015381,0.8404025554656982,0.8415364921092987,0.004065431529807592,0.8334078788757324,0.846924364566803,0.8538509786128998,0.852748692035675,0.00404527395173046,0.8474354147911072,0.8623834252357483,0.22000000000000003,0.25,0.19321835661585918,0.0,0.5,10,10,10,319.1,1.0,1.0,1,0.1,0.9487897435824076,0.018156424879053737,45
medaibase/medgemma1.5:4b,q575,0.0,0.0,0.0,0.0,0.0,0.0,0.0,0.0,0.0,0.0,0.27967642389084535,0.2828287260494369,0.040882222155189815,0.23437500000000003,0.32857142857142857,0.03562027848896253,0.03772652705732564,0.010058597122972317,0.015058179329226557,0.05359477124183006,0.009825568941626707,0.011338503663986983,0.004739869694133587,0.003364503206030974,0.017014650767890823,0.15001094660074837,0.14728682170542634,0.010270990189646527,0.13385826771653542,0.16428571428571428,0.8783128738403321,0.8785630464553833,0.004937400676801058,0.8709648847579956,0.885553240776062,0.8184843540191651,0.8162257075309753,0.004401656206248002,0.8134481906890869,0.8250529766082764,0.8473303079605102,0.8472408354282379,0.002991375014604481,0.8433736562728882,0.8542332053184509,0.22000000000000003,0.2,0.11352924243950935,0.0,0.4,10,9,9,422.5,0.9,0.9,2,0.2,0.9321966528892517,0.03733684710577232,45
medaibase/medgemma1.5:4b,q586,0.0,0.0,0.0,0.0,0.0,0.0,0.0,0.0,0.0,0.0,0.42724555225020283,0.4229156963204471,0.031002847734713568,0.3809523809523809,0.4752475247524752,0.08004939479445232,0.08991825613079019,0.02033142029638023,0.04892086330935252,0.1016949152542373,0.025734120356245976,0.025500211528983345,0.005229155563512535,0.01444090727956078,0.0333109942678865,0.25406631440039207,0.2488938053097345,0.02183233246601526,0.22047244094488186,0.2888888888888889,0.8987104535102844,0.8967221975326538,0.009637271403121504,0.8823052048683167,0.9124255180358887,0.9263481497764587,0.9259746074676514,0.0015832944018399743,0.9250695109367371,0.9304993748664856,0.9122944593429565,0.9115908741950989,0.0048784814750331,0.9031814336776733,0.9191501140594482,0.978,0.99,0.024855135843076345,0.95,1.0,10,8,8,482.7,0.8,0.8,2,0.2,0.9610249956448873,0.020969267924330105,45
medaibase/medgemma1.5:4b,q624,0.0,0.0,0.0,0.0,0.0,0.0,0.0,0.0,0.0,0.0,0.10530814782551376,0.10169491525423728,0.01102129915672453,0.09836065573770492,0.13513513513513514,0.23532806091075192,0.2386547157622739,0.0279716272906604,0.18090452261306533,0.26631853785900783,0.004982184172044436,0.005034460682273033,0.0003181076567505591,0.004324532546840044,0.0056414392419841305,0.10260544512281104,0.10169491525423728,0.003920967887056809,0.09836065573770492,0.11111111111111109,0.8444804072380065,0.84659343957901,0.004829684022732667,0.8367237448692322,0.8490881323814392,0.8553173959255218,0.8578997850418091,0.007256393262714881,0.8384513258934021,0.8614753484725952,0.8498579382896423,0.8526611924171448,0.005635624303316121,0.8375866413116455,0.854304313659668,0.99,1.0,0.0316227766016838,0.9,1.0,10,9,9,331.0,0.9,0.9,2,0.2,0.9498778422673543,0.030234548182223115,45
medaibase/medgemma1.5:4b,q640,0.0,0.0,0.0,0.0,0.0,0.0,0.0,0.0,0.0,0.0,0.07757484139092478,0.07692307692307691,0.0038587413466810074,0.075,0.08823529411764706,0.14109581121765372,0.1402805611222445,0.006134997221121533,0.13565891472868216,0.15730337078651685,0.0034009785248640886,0.003367842053959438,0.00019274506538049412,0.00327361330660438,0.003934051501215765,0.05424820649690344,0.05128205128205127,0.008038254677605666,0.05,0.0759493670886076,0.8127854228019714,0.8128945231437683,0.0015918946335628347,0.8105858564376831,0.8154541254043579,0.8584311604499817,0.8590734004974365,0.0018650171217551108,0.8534205555915833,0.8595777750015259,0.8349831283092499,0.8353462219238281,0.0011420236697110085,0.832501232624054,0.836805522441864,1.0,1.0,0.0,1.0,1.0,10,6,6,461.1,0.6,0.6,4,0.4,0.9776633063952128,0.022722392681149155,45
medaibase/medgemma1.5:4b,q645,0.0,0.0,0.0,0.0,0.0,0.0,0.0,0.0,0.0,0.0,0.29562236650033147,0.31746920492721165,0.03690645043383237,0.22916666666666666,0.3333333333333333,0.061645861409705995,0.06244308178009836,0.006047980129152055,0.04934687953555878,0.07203389830508475,0.03669450067504621,0.02885554679219777,0.018525846000603106,0.007614497410865141,0.06173016046951849,0.17197692704468348,0.17771929824561405,0.016382605459332057,0.14285714285714282,0.1914893617021277,0.8648568689823151,0.8648199439048767,0.006889184925793604,0.8523547053337097,0.8741556406021118,0.8697479009628296,0.8693897128105164,0.003209213230869787,0.8629086017608643,0.8739619851112366,0.867277467250824,0.8677519261837006,0.003424960544787568,0.8617052435874939,0.8715463280677795,0.9722222222222222,0.95,0.026352313834736518,0.95,1.0,10,10,10,325.9,1.0,1.0,1,0.1,0.9364751365449694,0.022999220103719277,45
medaibase/medgemma1.5:4b,q655,0.0,0.0,0.0,0.0,0.0,0.0,0.0,0.0,0.0,0.0,0.25181883214510886,0.2482758620689655,0.010217657320943142,0.24050632911392406,0.27586206896551724,0.07445817743990571,0.07684319833852545,0.00882013308358807,0.05471698113207547,0.08751334044823907,0.0067393562382160625,0.006253016493044977,0.0011534687089267538,0.005986569921242406,0.00956326742922888,0.14092596634172366,0.13793103448275862,0.005987895543149203,0.13793103448275862,0.15277777777777776,0.8901376903057099,0.891226589679718,0.003486518204127779,0.880863606929779,0.8935836553573608,0.8510661125183105,0.8510148525238037,0.0014669486306779919,0.8492088317871094,0.854766845703125,0.8701577246189117,0.8706566691398621,0.0011200228527081515,0.8676190376281738,0.870831310749054,0.08888888888888889,0.1,0.07817359599705717,0.0,0.2,10,4,4,268.5,0.4,0.4,7,0.7,0.9664377941025628,0.03639379285920725,45
medaibase/medgemma1.5:4b,q656,0.0,0.0,0.0,0.0,0.0,0.0,0.0,0.0,0.0,0.0,0.2765228279641706,0.2818918918918919,0.024168025276595593,0.22972972972972971,0.311377245508982,0.021898621490705494,0.02190583131790088,0.0002636881211766717,0.021505376344086023,0.02244668911335578,0.008966773823464138,0.008065565721806243,0.003339326439671351,0.007042911509436978,0.01841621072315605,0.14523053930205823,0.14666666666666667,0.004304442155221774,0.13513513513513511,0.14864864864864866,0.8625149488449096,0.862522304058075,0.002483008280207634,0.8579660058021545,0.865925133228302,0.8631871938705444,0.8631090819835663,0.0021670948154511624,0.8599755167961121,0.8674931526184082,0.8628490447998047,0.8633516728878021,0.0018993430235502544,0.8592087626457214,0.8648919463157654,0.96,0.95,0.039440531887330786,0.9,1.0,10,9,9,421.2,0.9,0.9,2,0.2,0.9742838051584032,0.018090642138166104,45
medaibase/medgemma1.5:4b,q657,0.0,0.0,0.0,0.0,0.0,0.0,0.0,0.0,0.0,0.0,0.21404737407975677,0.21476510067114093,0.03416784954788731,0.17599999999999996,0.261437908496732,0.01738852471921947,0.014367707148574077,0.008223181188718561,0.00975609756097561,0.0323785803237858,0.009529689086948947,0.009953908897708417,0.0018941107805979201,0.006770715439775915,0.011660469911405734,0.109546259896211,0.10738255033557047,0.028788976113451055,0.07874015748031496,0.1437908496732026,0.8649174928665161,0.8646210730075836,0.002318579297655277,0.8623321652412415,0.8686802387237549,0.8445847511291504,0.8468737602233887,0.00737537292978407,0.8349959850311279,0.8531777262687683,0.8546072542667389,0.8545330762863159,0.0030018251122102455,0.8509113192558289,0.8581284284591675,0.31,0.2,0.3665151201974256,0.0,0.9,10,7,7,454.9,0.7,0.7,2,0.2,0.9320022715462579,0.031480462718680394,45
medaibase/medgemma1.5:4b,q663,0.0,0.0,0.0,0.0,0.0,0.0,0.0,0.0,0.0,0.0,0.16596076181985248,0.1694704908990623,0.016399005896364283,0.14473684210526316,0.189873417721519,0.013000146464609928,0.012612672322375399,0.001607908380176354,0.010384215991692628,0.015873015873015872,0.004913118739550779,0.0039847985972191295,0.0014662057697841123,0.0036134192749851845,0.006699710296038555,0.08982277044466701,0.08980263157894738,0.01665015821958917,0.06802721088435373,0.1111111111111111,0.8517649054527283,0.8515909016132355,0.0018744668077226032,0.8497603535652161,0.8560090065002441,0.8216026484966278,0.8208334147930145,0.00201381075640047,0.8200056552886963,0.8268359899520874,0.8364100217819214,0.8361830115318298,0.0014066584562745185,0.8349722623825073,0.8390881419181824,1.0,1.0,0.0,1.0,1.0,10,9,9,442.8,0.9,0.9,2,0.2,0.9656272106700473,0.01713675094440425,45
medaibase/medgemma1.5:4b,q672,0.0,0.0,0.0,0.0,0.0,0.0,0.0,0.0,0.0,0.0,0.2993793183136525,0.2805605247465712,0.07305635018371681,0.17142857142857143,0.39999999999999997,0.06817658271358173,0.07024029574861368,0.009095957524439917,0.05499276410998553,0.08333333333333333,0.021238696184303976,0.017780170192294525,0.008344466620992357,0.011637341978820975,0.03743746413668919,0.2343583289543582,0.23166368515205726,0.04232572017169949,0.17142857142857143,0.3076923076923077,0.8687434673309327,0.8670231997966766,0.008931588154814773,0.857442319393158,0.8870335817337036,0.8720160543918609,0.8688658177852631,0.011305410580780724,0.8588026762008667,0.8905718922615051,0.8703148424625397,0.870489090681076,0.006579932117982098,0.8623597025871277,0.8816252946853638,0.12000000000000002,0.0,0.3119829055146024,0.0,1.0,10,10,10,332.8,1.0,1.0,1,0.1,0.9182930760913425,0.022304460282691094,45
medaibase/medgemma1.5:4b,q676,0.0,0.0,0.0,0.0,0.0,0.0,0.0,0.0,0.0,0.0,0.21239549765449847,0.21815016385767788,0.01654193090548512,0.18972332015810273,0.23021582733812954,0.042650728190549214,0.039668102107314196,0.00799772461337184,0.031270358306188926,0.05776173285198556,0.0024789159548951516,0.0024875536644241086,0.0006497089085279976,0.0016462188059994274,0.0039805620180108576,0.12712812742575527,0.1257411067193676,0.006453472892451969,0.11857707509881422,0.14388489208633093,0.8540316164493561,0.8598180413246155,0.008806367865944227,0.8415635228157043,0.8613776564598083,0.8230598986148834,0.8228012919425964,0.004184097216244317,0.817315399646759,0.8330724239349365,0.8382300734519958,0.8396227657794952,0.004274566092365058,0.8299108147621155,0.8416476845741272,0.74,0.75,0.14102797200870787,0.6,1.0,10,7,7,471.8,0.7,0.7,3,0.3,0.96440536181132,0.023703954477606794,45
medaibase/medgemma1.5:4b,q73,0.0,0.0,0.0,0.0,0.0,0.0,0.0,0.0,0.0,0.0,0.3568872776347738,0.3543846986647419,0.013269581973354965,0.33136094674556216,0.38036809815950917,0.06896563726785135,0.07062776385825953,0.009915642996034355,0.04251700680272109,0.0759493670886076,0.057307824816249964,0.0554680788476152,0.00670892662927723,0.05275326299919173,0.07539678981819796,0.1984628983901904,0.1944907935950353,0.008996114043661725,0.18823529411764708,0.20858895705521474,0.8825417518615722,0.8850177824497223,0.006082253401013715,0.8732497692108154,0.8912201523780823,0.8756722450256348,0.8761762976646423,0.0024695984777704377,0.8720672130584717,0.8787777423858643,0.8790877461433411,0.8807375729084015,0.003959266027108123,0.8729022741317749,0.8849552273750305,0.61,0.6,0.15951314818673862,0.4,1.0,10,10,10,452.1,1.0,1.0,1,0.1,0.9602425985866123,0.025595100129374042,45
medaibase/medgemma1.5:4b,q77,0.0,0.0,0.0,0.0,0.0,0.0,0.0,0.0,0.0,0.0,0.14684251606898446,0.14287739192062365,0.0122217554027209,0.13157894736842105,0.17391304347826086,0.18645607917354826,0.2286899566679751,0.07045334212486147,0.07916666666666666,0.25316455696202533,0.005729079303980741,0.005735011222329649,0.0006545961022150944,0.005107786384598448,0.007232031895361329,0.09272103347297109,0.10128205128205128,0.03075375379746121,0.048192771084337345,0.12987012987012989,0.8499035000801086,0.8488284349441528,0.005088508272457022,0.8460877537727356,0.8624958395957947,0.8580130994319916,0.8555209338665009,0.004851224308783892,0.853357195854187,0.8658864498138428,0.853932797908783,0.8525298833847046,0.004332343777648747,0.8501636385917664,0.863452136516571,0.41111111111111115,0.4,0.19649710204252657,0.0,0.6,10,9,9,335.7,0.9,0.9,2,0.2,0.9409600655237834,0.03128797953566869,45
medaibase/medgemma1.5:4b,q79,0.0,0.0,0.0,0.0,0.0,0.0,0.0,0.0,0.0,0.0,0.2618810654557742,0.25806451612903225,0.014580853577827535,0.23999999999999996,0.2916666666666667,0.009489460727085045,0.009860478682892838,0.0005443505218015981,0.008823529411764706,0.01,0.006628623275985993,0.006891482381683139,0.0004825943553466922,0.006074215910478497,0.007263709682489322,0.14550935710681867,0.14526881720430107,0.010268643933177382,0.13043478260869565,0.16666666666666669,0.8690312325954437,0.8694795668125153,0.007266666100789096,0.8605908751487732,0.8779062032699585,0.8643099069595337,0.8642894327640533,0.0034640389907847845,0.8614246845245361,0.8731817007064819,0.866657304763794,0.8668977618217468,0.005066301987442913,0.8610075116157532,0.8755375742912292,0.9550000000000001,0.95,0.049721446300587654,0.85,1.0,10,7,7,356.0,0.7,0.7,2,0.2,0.9667901966306899,0.021571575820319336,45
