model,question_id,exact_match_mean,exact_match_median,exact_match_std,exact_match_min,exact_match_max,normalized_exact_match_mean,normalized_exact_match_median,normalized_exact_match_std,normalized_exact_match_min,normalized_exact_match_max,token_f1_mean,token_f1_median,token_f1_std,token_f1_min,token_f1_max,string_similarity_mean,string_similarity_median,string_similarity_std,string_similarity_min,string_similarity_max,bleu_mean,bleu_median,bleu_std,bleu_min,bleu_max,rouge_l_mean,rouge_l_median,rouge_l_std,rouge_l_min,rouge_l_max,bertscore_precision_mean,bertscore_precision_median,bertscore_precision_std,bertscore_precision_min,bertscore_precision_max,bertscore_recall_mean,bertscore_recall_median,bertscore_recall_std,bertscore_recall_min,bertscore_recall_max,bertscore_f1_mean,bertscore_f1_median,bertscore_f1_std,bertscore_f1_min,bertscore_f1_max,judge_score_mean,judge_score_median,judge_score_std,judge_score_min,judge_score_max,n_runs,unique_responses,unique_normalized_responses,avg_response_length,response_uniqueness_rate,normalized_response_uniqueness_rate,modal_normalized_response_count,normalized_self_agreement_rate,semantic_self_similarity_mean,semantic_self_similarity_std,n_semantic_pairs
gemma3:12b,q10088,0.0,0.0,0.0,0.0,0.0,0.0,0.0,0.0,0.0,0.0,0.2683302800190793,0.26934100167745023,0.00860111576763401,0.25559105431309903,0.28391167192429023,0.039548806607266264,0.03802282227741616,0.00396025799683053,0.037122969837587005,0.049951969260326606,0.005883808218306378,0.005957795895646449,0.0004966569190916447,0.004802867609012727,0.006658321703006861,0.1394714945153076,0.13622291021671828,0.006224578396053939,0.134185303514377,0.15141955835962145,0.8410167157649994,0.8400792181491852,0.00357128346861047,0.8371015191078186,0.8493325114250183,0.8127250611782074,0.8119079768657684,0.003250733153886068,0.8084415197372437,0.8203713893890381,0.8266244113445282,0.8265599608421326,0.0027341604037202545,0.8231889605522156,0.831784188747406,0.4125,0.4,0.083452296039628,0.3,0.6,10,10,10,665.1,1.0,1.0,1,0.1,0.9665058228704665,0.012145129893010333,45
gemma3:12b,q10280,0.0,0.0,0.0,0.0,0.0,0.0,0.0,0.0,0.0,0.0,0.16614256656477952,0.16545094713033645,0.021226888908657402,0.1343283582089552,0.20833333333333334,0.013024229460408423,0.01253138450502152,0.0015551555116690462,0.011494252873563218,0.015665796344647518,0.008834226830244435,0.009028965392102427,0.0008884687788603386,0.007452869940273089,0.009715634675637531,0.10503031909143816,0.10687022900763359,0.01161536709735978,0.08888888888888889,0.12030075187969924,0.843227618932724,0.842240184545517,0.006394606996958918,0.8321793079376221,0.8532027006149292,0.8435594499111175,0.8416360914707184,0.0045713665090544465,0.8391764163970947,0.85135817527771,0.8433798968791961,0.8415727913379669,0.004262826629232379,0.8380172848701477,0.8509522676467896,0.77,1.0,0.4164666186436128,0.0,1.0,10,9,9,571.8,0.9,0.9,2,0.2,0.9376071731249491,0.02693808077145859,45
gemma3:12b,q1035,0.0,0.0,0.0,0.0,0.0,0.0,0.0,0.0,0.0,0.0,0.11752738981836366,0.1146694214876033,0.013018660447086834,0.09698996655518394,0.1342062193126023,0.006898987544133249,0.0065453585231773775,0.0013616191188725111,0.005815490351572826,0.010655301012253596,0.0006832230500307147,0.0006533164083280759,0.00022585364305188898,0.00036021859434904083,0.0010378342742074418,0.07091844863280648,0.07101710171017102,0.007360089430612708,0.05980066445182724,0.08130081300813008,0.8173173546791077,0.8190465569496155,0.0051483397875734735,0.8096506595611572,0.8239954710006714,0.7445523083209992,0.7432769536972046,0.007483375124029965,0.7377017736434937,0.7648338079452515,0.7792091250419617,0.7796370089054108,0.004051089551047213,0.7735342383384705,0.7879243493080139,0.5357142857142857,0.6,0.2173980330221614,0.3,0.9,10,10,10,761.6,1.0,1.0,1,0.1,0.9266525533464219,0.01887515748045919,45
gemma3:12b,q10548,0.0,0.0,0.0,0.0,0.0,0.0,0.0,0.0,0.0,0.0,0.2215709205396288,0.22277055455379458,0.015709317158667538,0.1976284584980237,0.24505928853754938,0.010101764577524019,0.010120985181307048,0.00012142453962140589,0.009884678747940691,0.010279840091376356,0.029802143406853478,0.03003178053863966,0.00206451136298454,0.02674915811222019,0.032882263614829065,0.14698683184186076,0.1495249289842296,0.013072834296460388,0.1245136186770428,0.16,0.850459098815918,0.8510721325874329,0.0022952961130511965,0.8460434675216675,0.8529020547866821,0.82794029712677,0.8283876478672028,0.002780050762980391,0.8227307796478271,0.8313667178153992,0.8390465199947357,0.8392402827739716,0.0021417370291132243,0.8358600735664368,0.8419046998023987,0.0,0.0,0.0,0.0,0.0,10,10,10,651.6,1.0,1.0,1,0.1,0.961513798766666,0.018524245895542295,45
gemma3:12b,q10910,0.0,0.0,0.0,0.0,0.0,0.0,0.0,0.0,0.0,0.0,0.22321250530611328,0.22873563218390802,0.019359360548586075,0.19130434782608696,0.25,0.010869285809585752,0.01070668720883313,0.00031250045048684786,0.010559662090813094,0.011363636363636364,0.010445762219966823,0.010388454084214713,0.0002003335452491,0.010209252789314834,0.010739475834068942,0.11859718793006942,0.11765536723163841,0.0026598456894104516,0.11475409836065574,0.1217391304347826,0.8598297715187073,0.8601929247379303,0.0014733325524045877,0.8574152588844299,0.8620562553405762,0.8310581982135773,0.8311893045902252,0.0012341808511233013,0.8282632827758789,0.8325341939926147,0.8451988995075226,0.8457420766353607,0.0012400678611481936,0.8425872325897217,0.8466689586639404,0.9650000000000001,1.0,0.05296749527356902,0.85,1.0,10,9,9,539.1,0.9,0.9,2,0.2,0.9733666128582424,0.01298167563579014,45
gemma3:12b,q11229,0.0,0.0,0.0,0.0,0.0,0.0,0.0,0.0,0.0,0.0,0.28419477800171566,0.2748252247110857,0.04522722382425655,0.22641509433962265,0.3707865168539326,0.08071201299313344,0.08464944419326173,0.008501467114515292,0.06716417910447761,0.09237379162191192,0.015682358226161743,0.009511313662158068,0.009338255382732955,0.007193454810072521,0.029798053682912485,0.16254051751307358,0.16474576271186442,0.026229686460651814,0.12578616352201258,0.21348314606741572,0.8697910904884338,0.8688920736312866,0.008373544329336534,0.8535407781600952,0.8804970979690552,0.8873000741004944,0.8871687054634094,0.005465142295335094,0.879730224609375,0.8991807699203491,0.8784303724765777,0.8789215087890625,0.004832255869209076,0.8694954514503479,0.8849775195121765,0.42500000000000004,0.4,0.23145502494313785,0.2,0.9,10,10,10,540.3,1.0,1.0,1,0.1,0.9291292256779141,0.019460102713285667,45
gemma3:12b,q11246,0.0,0.0,0.0,0.0,0.0,0.0,0.0,0.0,0.0,0.0,0.21998494975792654,0.22222346418671202,0.01410602215976412,0.18571428571428575,0.23584905660377362,0.03700150382680247,0.03599428435341748,0.0032120172120953866,0.033192090395480225,0.04426002766251729,0.003190057521217754,0.0022607682692295916,0.0016176403202226995,0.0016515080006859145,0.005449282671327438,0.1305858691069976,0.1322330638416504,0.004900468032378615,0.11904761904761907,0.13679245283018868,0.8567062675952911,0.8581462204456329,0.006316176939587484,0.8442304134368896,0.8638367652893066,0.8036835312843322,0.8034256398677826,0.0025479134542587037,0.7997453212738037,0.8085944652557373,0.8293436229228973,0.8299742639064789,0.00417511009104956,0.8213860392570496,0.8348470330238342,0.5111111111111111,0.55,0.12444320435890065,0.3,0.7,10,10,10,655.2,1.0,1.0,1,0.1,0.9469612969292535,0.02858718802483972,45
gemma3:12b,q12052,0.0,0.0,0.0,0.0,0.0,0.0,0.0,0.0,0.0,0.0,0.14521914083533732,0.14457831325301204,0.007032898015579296,0.1348314606741573,0.16216216216216214,0.16482769325415925,0.16666666666666666,0.00784277088494768,0.1526479750778816,0.1801470588235294,0.026155833590960458,0.02542252764476899,0.011365638575519954,0.014571154104442598,0.04081462921322397,0.14521914083533732,0.14457831325301204,0.007032898015579296,0.1348314606741573,0.16216216216216214,0.8234463036060333,0.8240092396736145,0.0025756510544152527,0.8199058771133423,0.8259741067886353,0.9330174386501312,0.9336130917072296,0.0029257505387547747,0.929719865322113,0.9373291730880737,0.8748068988323212,0.8746911585330963,0.0005917932296804656,0.874123215675354,0.876360297203064,0.04,0.0,0.0843274042711568,0.0,0.2,10,9,9,555.0,0.9,0.9,2,0.2,0.9528942743937174,0.02331218968814434,45
gemma3:12b,q124,0.0,0.0,0.0,0.0,0.0,0.0,0.0,0.0,0.0,0.0,0.2672070401505359,0.2723223698081383,0.01879960108576746,0.24,0.2971014492753623,0.026034724254440134,0.025253928737198075,0.0018118827270754293,0.0241977906365071,0.02936378466557912,0.006076045306838939,0.006281603851708617,0.002412861192651584,0.003507807817034582,0.008736325535644516,0.14005560507997777,0.14022331154684095,0.006481110370056015,0.12903225806451615,0.15217391304347827,0.8485709846019744,0.8460158407688141,0.004076523748824678,0.8448712825775146,0.8566757440567017,0.8043336749076844,0.8047462701797485,0.00159288258006226,0.8006397485733032,0.8065170049667358,0.8258564889430999,0.8247906565666199,0.002339947794922483,0.8227679133415222,0.8308400511741638,0.51,0.4,0.18529256146249726,0.4,0.9,10,9,9,703.3,0.9,0.9,2,0.2,0.9661267783906725,0.016058009766330546,45
gemma3:12b,q13034,0.0,0.0,0.0,0.0,0.0,0.0,0.0,0.0,0.0,0.0,0.388280315713944,0.3893805309734513,0.00347918613651628,0.37837837837837834,0.3893805309734513,0.03718205404142787,0.037089871611982884,0.00029150643729392825,0.037089871611982884,0.038011695906432746,0.06381009175213323,0.06366847879573324,0.00044781948841406144,0.06366847879573324,0.06508460835973306,0.26596508012437214,0.26548672566371684,0.0015126896245722691,0.26548672566371684,0.27027027027027023,0.8742125272750855,0.8729498386383057,0.002960598902590593,0.8729498386383057,0.8820120096206665,0.9039686739444732,0.9029847383499146,0.003028591844068798,0.9029847383499146,0.9125855565071106,0.8888413310050964,0.8877133131027222,0.002944948801139208,0.8877133131027222,0.8970383405685425,1.0,1.0,0.0,1.0,1.0,10,3,2,410.3,0.3,0.2,9,0.9,0.9924596640798781,0.013559637858789103,45
gemma3:12b,q13067,0.0,0.0,0.0,0.0,0.0,0.0,0.0,0.0,0.0,0.0,0.16843065302843757,0.17084316037735847,0.01348398364764454,0.13793103448275865,0.18348623853211007,0.01659415061905992,0.016324263241817495,0.0027693190741464725,0.010610079575596816,0.01977401129943503,0.003986127298984714,0.0038924450969001776,0.00047239694042792307,0.003356216817257841,0.004632339441587861,0.095070689777975,0.09404481132075472,0.006331363663105585,0.08620689655172414,0.10687022900763359,0.8181993782520294,0.8187812566757202,0.012309123499021895,0.8016079068183899,0.8334475159645081,0.8577195882797242,0.8573159575462341,0.0050187185389168176,0.8520424962043762,0.8674596548080444,0.837474662065506,0.836929440498352,0.008689505930107113,0.8268445730209351,0.8501135110855103,0.08,0.05,0.09189365834726815,0.0,0.2,10,10,10,606.2,1.0,1.0,1,0.1,0.9296286622683207,0.03472963008708988,45
gemma3:12b,q13944,0.0,0.0,0.0,0.0,0.0,0.0,0.0,0.0,0.0,0.0,0.22087013335427605,0.22894002507380595,0.02351412304861081,0.19016393442622953,0.25766871165644173,0.05000588001363369,0.04994903160040775,0.00774524254119281,0.03401700850425213,0.058451047247929856,0.005933506646290627,0.004067555497004888,0.005031493850242576,0.0021953979288624028,0.01610630637776575,0.12256708614731568,0.12464083249204007,0.010910178205146918,0.1096774193548387,0.14057507987220447,0.8686175107955932,0.8700544834136963,0.004899080242707227,0.8575735688209534,0.8733246922492981,0.8059323370456696,0.8087133467197418,0.009534947523615412,0.7924821376800537,0.8173362016677856,0.836065411567688,0.8356652557849884,0.005298016047622446,0.8300221562385559,0.8429002165794373,0.8111111111111111,0.85,0.10240171439537091,0.65,0.95,10,9,9,555.5,0.9,0.9,2,0.2,0.9423285669750637,0.020540151882085335,45
gemma3:12b,q14403,0.0,0.0,0.0,0.0,0.0,0.0,0.0,0.0,0.0,0.0,0.19199723261617122,0.18390901788356656,0.03261588166076815,0.16289592760180996,0.26605504587155965,0.02455486283893663,0.01813769288118305,0.010057677650282678,0.017639077340569877,0.04148783977110158,0.010562916495484177,0.009512149484840617,0.001958675789232116,0.00914330573549567,0.014670648562024755,0.12532119504714445,0.11954086162431826,0.02260267092546952,0.10091743119266056,0.1743119266055046,0.8440280437469483,0.8389268517494202,0.008869853473562627,0.8370344638824463,0.8624926209449768,0.8447248458862304,0.8390706479549408,0.008590040354899754,0.837663471698761,0.8572858572006226,0.8443733215332031,0.8389987051486969,0.008562859223989808,0.8373488783836365,0.8587860465049744,0.0,0.0,0.0,0.0,0.0,10,10,10,609.9,1.0,1.0,1,0.1,0.960783823331197,0.022233910150017813,45
gemma3:12b,q14662,0.0,0.0,0.0,0.0,0.0,0.0,0.0,0.0,0.0,0.0,0.281958083235594,0.2992537313432836,0.024987596564434666,0.23880597014925373,0.30000000000000004,0.28531610043316075,0.2926163529625371,0.025011339595501492,0.24669603524229075,0.3080684596577017,0.02719813815949902,0.028718715608862,0.0020736976925759664,0.02417396906483826,0.028814963358243115,0.2089188111829144,0.21836158192090394,0.026691741663487856,0.1791044776119403,0.23333333333333334,0.8680876433849335,0.8696168065071106,0.006036000575346416,0.8589262366294861,0.8739426136016846,0.9335851013660431,0.9341029226779938,0.003128667832831735,0.9293560981750488,0.9365357160568237,0.8996429920196534,0.9007352292537689,0.004674423509567325,0.8927542567253113,0.9040995836257935,0.06000000000000001,0.0,0.09660917830792959,0.0,0.2,10,7,7,349.6,0.7,0.7,3,0.3,0.9691434330410428,0.017833886446838847,45
gemma3:12b,q14698,0.0,0.0,0.0,0.0,0.0,0.0,0.0,0.0,0.0,0.0,0.28413429220923714,0.284735953701471,0.009713724317577579,0.2638888888888889,0.2945205479452055,0.07197675280068043,0.06862745098039216,0.007285502324363616,0.06688963210702341,0.08582721626199886,0.025529772134703956,0.025097110835227164,0.001668033256496199,0.022612499205350058,0.02875062401164405,0.20758099664021187,0.2068965517241379,0.006385708428897701,0.19795221843003413,0.2206896551724138,0.8765285551548004,0.8764886558055878,0.005853995222721868,0.8694981336593628,0.8841608762741089,0.8408150851726532,0.8426094055175781,0.0032755922520019205,0.8329054713249207,0.8438171744346619,0.8582903385162354,0.8575366139411926,0.0034842320609894876,0.8521987199783325,0.8629999756813049,0.47000000000000003,0.45,0.10593499054713801,0.3,0.6,10,9,9,560.5,0.9,0.9,2,0.2,0.9718867116504245,0.010685037063872133,45
gemma3:12b,q14779,0.0,0.0,0.0,0.0,0.0,0.0,0.0,0.0,0.0,0.0,0.2615526101965077,0.2556535504296698,0.01866789025670531,0.24060150375939854,0.29310344827586204,0.0347420124881236,0.03359387370269609,0.0024547286729417325,0.03192702394526796,0.038834951456310676,0.04763301816419378,0.04546490317190927,0.005429593644075521,0.04223604573063158,0.05687296077209306,0.19184037471065724,0.18324881972372795,0.018705967956653923,0.17391304347826086,0.22413793103448276,0.8538284540176392,0.8534296452999115,0.005206951071394069,0.8475807905197144,0.8619751930236816,0.8943719387054443,0.8943048417568207,0.0005346029908625031,0.8936141729354858,0.89513099193573,0.8736235678195954,0.873240739107132,0.0028891049046192293,0.8703864216804504,0.8782177567481995,0.0,0.0,0.0,0.0,0.0,10,10,10,524.9,1.0,1.0,1,0.1,0.9704192241032918,0.010618876835911232,45
gemma3:12b,q14872,0.0,0.0,0.0,0.0,0.0,0.0,0.0,0.0,0.0,0.0,0.2406840257586526,0.23880597014925373,0.004804116477262226,0.23880597014925373,0.25396825396825395,0.2537191394372253,0.25013997942627963,0.028126308750529266,0.22727272727272727,0.2914798206278027,0.021565291144391298,0.02134981592741103,0.0014564560283186877,0.020268665836794264,0.02417396906483826,0.19567314940449268,0.19402985074626863,0.01787996074637501,0.17910447761194026,0.22222222222222224,0.8612305760383606,0.8620000183582306,0.002743897020312584,0.8561429977416992,0.8646558523178101,0.9564199686050415,0.9578635692596436,0.0038308760462880268,0.9456297159194946,0.9583683013916016,0.9063310980796814,0.9073681235313416,0.0029903236292084007,0.8986641764640808,0.9091034531593323,0.13999999999999999,0.2,0.12649110640673517,0.0,0.3,10,7,7,415.0,0.7,0.7,3,0.3,0.946389553281996,0.03830737492092777,45
gemma3:12b,q150,0.0,0.0,0.0,0.0,0.0,0.0,0.0,0.0,0.0,0.0,0.07017377840786754,0.06720836735695576,0.00745886618377897,0.0625,0.085419734904271,0.01329655067304997,0.012016175781438562,0.0031971298417861125,0.010991527364323335,0.01943502824858757,9.433050153089021e-06,4.905485939707006e-06,9.282907524050079e-06,2.9494589751898894e-06,2.7412281857467363e-05,0.049074231953674954,0.050447880136752596,0.00545667863238107,0.038690476190476185,0.055964653902798235,0.8332003772258758,0.8333321213722229,0.003984979108908341,0.8268287777900696,0.8378334045410156,0.7535313785076141,0.7544892728328705,0.0019844035209307547,0.7500478625297546,0.7559293508529663,0.7913642942905426,0.7924424409866333,0.0027846427840800213,0.7865690588951111,0.7942179441452026,0.74,0.725,0.05163977794943225,0.7,0.85,10,10,10,547.0,1.0,1.0,1,0.1,0.9540426095326742,0.02152257240415073,45
gemma3:12b,q15239,0.0,0.0,0.0,0.0,0.0,0.0,0.0,0.0,0.0,0.0,0.2236956441738724,0.23530683968640173,0.025319207221878057,0.19402985074626866,0.24817518248175183,0.012140932219619763,0.012127587862198572,0.00013387427119655303,0.011916583912611719,0.012358393408856848,0.008150553632837728,0.008280485237927048,0.00033251898074639053,0.007753828263803874,0.008469631938944488,0.13397104935261753,0.13815719877287636,0.012954440201690664,0.11940298507462686,0.14814814814814817,0.8612321019172668,0.8617570400238037,0.001392364954998246,0.8588775992393494,0.8628630638122559,0.7913853108882904,0.7917726933956146,0.0009860572825364964,0.7901273965835571,0.7925945520401001,0.8248324394226074,0.8255631625652313,0.0010851792142154012,0.8231611251831055,0.8258349895477295,0.945,0.95,0.028382310609877313,0.9,1.0,10,8,8,473.1,0.8,0.8,3,0.3,0.9792886800236172,0.012479447510684269,45
gemma3:12b,q15500,0.0,0.0,0.0,0.0,0.0,0.0,0.0,0.0,0.0,0.0,0.2889301995780865,0.291970802919708,0.010566741908475548,0.27536231884057966,0.3055555555555556,0.10465659332629462,0.10514899947214357,0.0016763962784520907,0.1014799154334038,0.10654827968923418,0.05120509242279071,0.052200422746883524,0.001870839655207053,0.04843669930944198,0.05334859729731445,0.18440510421390144,0.18841569080502021,0.007897902643613022,0.17391304347826086,0.19444444444444442,0.8751432597637177,0.8760255575180054,0.004945504237118676,0.8630611896514893,0.879228413105011,0.8443487823009491,0.8442465662956238,0.0013388324822741135,0.842603325843811,0.846987783908844,0.8594659447669983,0.8598568141460419,0.0029065445249333993,0.8527095317840576,0.862807035446167,0.37,0.35,0.10593499054713804,0.2,0.5,10,10,10,540.0,1.0,1.0,1,0.1,0.9829877614974976,0.013468736883633071,45
gemma3:12b,q15638,0.0,0.0,0.0,0.0,0.0,0.0,0.0,0.0,0.0,0.0,0.268025909308631,0.2735242548217417,0.020605782672782035,0.22807017543859648,0.2857142857142857,0.02174246169367621,0.02162181660774836,0.0002862260869729501,0.021505376344086023,0.0224159402241594,0.010661005069687993,0.01068111996665171,0.00015633224362356324,0.010375311352879425,0.010981325962272834,0.13407215006953904,0.13445378151260504,0.008506883093353021,0.11864406779661019,0.15000000000000002,0.8263018548488616,0.8264390230178833,0.004094365752213198,0.8188151717185974,0.8341459035873413,0.6770666778087616,0.6781062483787537,0.0020516688225671615,0.6741872429847717,0.6799177527427673,0.7442744612693787,0.7449606657028198,0.0025761055308492434,0.7396504878997803,0.7486147284507751,0.6000000000000001,0.6,0.11989578808281798,0.4,0.75,10,7,7,532.0,0.7,0.7,4,0.4,0.9763897127575345,0.014910125062834685,45
gemma3:12b,q1581,0.0,0.0,0.0,0.0,0.0,0.0,0.0,0.0,0.0,0.0,0.2581939768001883,0.24893119303057187,0.025313934075649948,0.23199999999999998,0.3023255813953488,0.03154645560966478,0.03069107210893074,0.0018350569085444854,0.02977346278317152,0.033942558746736295,0.005103795710184482,0.004089061555675814,0.0023727372773174023,0.0034955594586881314,0.009802723766315932,0.11077038895926457,0.10839719286924256,0.014420401301241845,0.088,0.13178294573643412,0.8663734257221222,0.8668525815010071,0.004395321343610278,0.8609870672225952,0.8727051019668579,0.8129591286182404,0.8129149079322815,0.002854840936485854,0.8096665143966675,0.8161944150924683,0.8388149857521057,0.8388271331787109,0.0033978781382181223,0.8348531126976013,0.8435043096542358,0.9499999999999998,0.95,0.03535533905932737,0.9,1.0,10,9,9,596.4,0.9,0.9,2,0.2,0.9569718546337551,0.015299159873243534,45
gemma3:12b,q15840,0.0,0.0,0.0,0.0,0.0,0.0,0.0,0.0,0.0,0.0,0.19840623126125254,0.2027979516735139,0.03813511584921371,0.1142857142857143,0.2551928783382789,0.027636903913288435,0.029790527118590295,0.005915124383625487,0.011247443762781187,0.031313131313131314,0.012058177846888082,0.012567142995808935,0.004970527219255041,0.0005059920788550715,0.01879009290156665,0.11874766695898895,0.12113638869491711,0.015438979534376928,0.08253968253968254,0.1364985163204748,0.8447970569133758,0.8424139022827148,0.005909234836729524,0.836747944355011,0.8548046350479126,0.8302025198936462,0.8321219086647034,0.007826862397399855,0.8132457733154297,0.8389029502868652,0.83741974234581,0.8380265235900879,0.005756113184920296,0.8248295187950134,0.8455326557159424,0.8833333333333333,0.9,0.08660254037844385,0.7,0.95,10,10,10,619.4,1.0,1.0,1,0.1,0.9355173852708605,0.019974448591706863,45
gemma3:12b,q15842,0.0,0.0,0.0,0.0,0.0,0.0,0.0,0.0,0.0,0.0,0.251073376916898,0.2534920634920635,0.01696260627400931,0.22459893048128343,0.27932960893854747,0.02828023713999565,0.027642568762707518,0.001798741055968983,0.02633744855967078,0.031413612565445025,0.0050857594636292405,0.004948670499880089,0.00048560277201758204,0.0044059092057124665,0.006026038922779114,0.11771746551398037,0.11733416770963703,0.011895954302031884,0.1,0.13333333333333333,0.8522925615310669,0.8524569272994995,0.003738244443146437,0.8452006578445435,0.8572139143943787,0.8056354284286499,0.8043317496776581,0.004184696342114531,0.8011957406997681,0.8141955733299255,0.8282939970493317,0.8278636038303375,0.0018685248230152242,0.8264417052268982,0.8318204879760742,0.85,0.875,0.11303883305208776,0.6,1.0,10,10,10,494.3,1.0,1.0,1,0.1,0.950194141599867,0.01604602736297417,45
gemma3:12b,q15996,0.0,0.0,0.0,0.0,0.0,0.0,0.0,0.0,0.0,0.0,0.13616073212498814,0.1401308615049073,0.011522800822369342,0.12145748987854252,0.15037593984962405,0.02491704473971098,0.023677387709340622,0.004241256119363474,0.0228310502283105,0.03686635944700461,0.001665910335777919,0.0018330515718026049,0.0003834295200709448,0.000921909416887176,0.0020564974933837896,0.09463354860063766,0.09574718045112782,0.009851757691564825,0.07662835249042146,0.10727969348659003,0.8301535487174988,0.829702228307724,0.003051386629449448,0.8251707553863525,0.8349477052688599,0.7794314444065094,0.7792766392230988,0.0025825686918807605,0.7750985622406006,0.783556342124939,0.803987729549408,0.80377396941185,0.001706813646478058,0.8012329936027527,0.8071249723434448,0.18000000000000002,0.1,0.3011090610836324,0.0,1.0,10,10,10,525.3,1.0,1.0,1,0.1,0.953727314207289,0.018915848347448926,45
gemma3:12b,q16182,0.0,0.0,0.0,0.0,0.0,0.0,0.0,0.0,0.0,0.0,0.2722988641042744,0.2730923694779116,0.0062652630872990665,0.25984251968503935,0.2777777777777778,0.047786099512642025,0.04392922513727883,0.007004108854355262,0.041463414634146344,0.06503067484662577,0.005939464771824254,0.006197886506771683,0.0009999486574950535,0.00328344795064005,0.006687700506542869,0.1433179123481314,0.14314171883893,0.0009616010982159228,0.14173228346456693,0.14457831325301207,0.8812942266464233,0.8816079795360565,0.003563607327991693,0.8762655258178711,0.8850678205490112,0.8207857608795166,0.819843053817749,0.0015256526176662185,0.8194392323493958,0.8227103352546692,0.8499585747718811,0.8502927720546722,0.0011995839248705972,0.8472565412521362,0.8510656356811523,0.635,0.6,0.11316163464511972,0.5,0.85,10,7,7,509.8,0.7,0.7,2,0.2,0.9874125732315912,0.007309116043139212,45
gemma3:12b,q16186,0.0,0.0,0.0,0.0,0.0,0.0,0.0,0.0,0.0,0.0,0.13067676476726697,0.13084112149532712,0.008162004300834016,0.11501597444089459,0.14420062695924765,0.011637989726203194,0.011821614943131109,0.0018906020153244359,0.007526881720430108,0.015435501653803748,0.0009553545134583421,0.0009833625905531025,0.00012013910591295036,0.0007254623606029525,0.0011831015630146535,0.08300322397856993,0.0809968847352025,0.005574841946884813,0.07667731629392971,0.0970873786407767,0.8173335015773773,0.8165051341056824,0.0026636661756762837,0.8155105113983154,0.8244506120681763,0.7591924071311951,0.7595923542976379,0.00193536379529584,0.7553215026855469,0.7620515823364258,0.7871890842914582,0.7868781089782715,0.001928264187506668,0.7849407196044922,0.7920240163803101,0.96,0.95,0.0316227766016838,0.9,1.0,10,9,9,556.7,0.9,0.9,2,0.2,0.9743855953216553,0.016701000267600137,45
gemma3:12b,q1625,0.0,0.0,0.0,0.0,0.0,0.0,0.0,0.0,0.0,0.0,0.285984944471648,0.28519332037960066,0.01584269698000809,0.2627737226277372,0.31205673758865243,0.039309919957700896,0.03922707899059439,0.0008635506873520079,0.0379041248606466,0.04047619047619048,0.0034869701376894365,0.0032797375898561574,0.0005037749911329233,0.003042969957924208,0.004419460099018902,0.14423434069865482,0.13455353952435778,0.017449069171883443,0.12408759124087591,0.16541353383458646,0.8644963681697846,0.8622243702411652,0.003906495741987967,0.8594907522201538,0.8695705533027649,0.8062948167324067,0.8056787848472595,0.003165015570780267,0.8021121025085449,0.8124982118606567,0.8343760430812835,0.8331215083599091,0.0026425779526675036,0.8317611217498779,0.8380566239356995,0.85,0.85,0.07071067811865471,0.75,0.95,10,9,9,544.9,0.9,0.9,2,0.2,0.9759179883533053,0.012413492747224236,45
gemma3:12b,q16323,0.0,0.0,0.0,0.0,0.0,0.0,0.0,0.0,0.0,0.0,0.19591389874100823,0.19840050790530023,0.017020832017275403,0.17049180327868851,0.22222222222222224,0.02693555440292253,0.02703162605539438,0.0012427476296291672,0.02446808510638298,0.02892768079800499,0.0021742413545737488,0.0022342070656191223,0.0006589028505728124,0.0007771672179080354,0.003003121239114269,0.09170092049879194,0.08861558184021553,0.007972564345622529,0.08333333333333334,0.10691823899371068,0.839841216802597,0.8402505815029144,0.0020035710261433718,0.8366496562957764,0.8426012992858887,0.7232172667980195,0.7228952646255493,0.001573467554569032,0.7204023003578186,0.7253313660621643,0.7771771788597107,0.7777584791183472,0.001427681181919055,0.7748546004295349,0.7787731289863586,0.5111111111111111,0.6,0.13642254619787417,0.3,0.6,10,10,10,610.5,1.0,1.0,1,0.1,0.9704183684455023,0.017952282972102676,45
gemma3:12b,q2381,0.0,0.0,0.0,0.0,0.0,0.0,0.0,0.0,0.0,0.0,0.24857654211757102,0.25,0.008801307786612974,0.22775800711743774,0.25806451612903225,0.03959824620367838,0.03958092144292963,0.00039314780373881313,0.0389908256880734,0.040236686390532544,0.021639664771299635,0.02235020283135499,0.002747658571167314,0.013934673896624354,0.023228189605259544,0.1728522733852127,0.17235244062814264,0.004166007236878602,0.16370106761565834,0.1779359430604982,0.853056538105011,0.8524658679962158,0.002314753807385915,0.8487294912338257,0.8569443225860596,0.8043379783630371,0.804336816072464,0.0010006760324344265,0.8028256893157959,0.806699275970459,0.8279789984226227,0.827781468629837,0.000970157292336944,0.8265644311904907,0.83000248670578,0.925,0.925,0.02635231383473647,0.9,0.95,10,9,9,652.4,0.9,0.9,2,0.2,0.9890832198990716,0.010247391459007521,45
gemma3:12b,q2519,0.0,0.0,0.0,0.0,0.0,0.0,0.0,0.0,0.0,0.0,0.14473174994405405,0.14679848155011427,0.01321457769730078,0.1234567901234568,0.15789473684210528,0.017524682896456235,0.017857158630680287,0.0021717755097344494,0.014821676702176934,0.022072936660268713,0.0012575705704125698,0.0010145254170368834,0.0008115513656924245,0.0005005185020041886,0.0030617256789788896,0.08986925463335842,0.09496886916241756,0.00976707823259556,0.07361963190184048,0.0975609756097561,0.8286381542682648,0.8292399644851685,0.006500556957710233,0.8190929889678955,0.837843656539917,0.7761669218540191,0.7773578763008118,0.004789238407019212,0.7683943510055542,0.781343936920166,0.8015114426612854,0.801674485206604,0.0014570832238469057,0.7987486720085144,0.8036849498748779,0.0,0.0,0.0,0.0,0.0,10,10,10,535.9,1.0,1.0,1,0.1,0.9131341218948364,0.03314176512303778,45
gemma3:12b,q2989,0.0,0.0,0.0,0.0,0.0,0.0,0.0,0.0,0.0,0.0,0.1638145632397814,0.1678403185857899,0.016415459887961354,0.1329479768786127,0.1843575418994413,0.018477867408848984,0.018214996682149966,0.0015035061704670022,0.01620891490319676,0.021917808219178082,0.0013940344428666476,0.001336952875992203,0.0002208178010495606,0.001157292899780584,0.001925188647873067,0.09805356630636691,0.09714365015224613,0.009574355900158713,0.07514450867052025,0.11173184357541899,0.8283937215805054,0.8288511037826538,0.0023174616372880963,0.8237708806991577,0.8313753604888916,0.7725378453731537,0.7740763127803802,0.004132629649563365,0.7621987462043762,0.7761268615722656,0.7994877576828003,0.8004741668701172,0.0029482018094844978,0.7927700281143188,0.8017910718917847,0.1,0.1,0.08164965809277261,0.0,0.2,10,10,10,570.0,1.0,1.0,1,0.1,0.9356005761358474,0.03608394075036776,45
gemma3:12b,q3155,0.0,0.0,0.0,0.0,0.0,0.0,0.0,0.0,0.0,0.0,0.2808746135167756,0.29201421068890954,0.03579192204299471,0.2251655629139073,0.3421052631578947,0.07261717490833919,0.07168854733696232,0.005846190569920135,0.06761565836298933,0.08776844070961717,0.07406891301222818,0.06972251474851249,0.019581414752460505,0.06341608929536295,0.1288724681577849,0.21735033238506163,0.21426160337552744,0.019782541341761654,0.19753086419753085,0.2631578947368421,0.8813945591449738,0.8816038966178894,0.003209042991106354,0.8763397336006165,0.8862904906272888,0.889001590013504,0.888520747423172,0.00291529836875446,0.8860629796981812,0.8959405422210693,0.8851795792579651,0.8846954703330994,0.0027030552861360448,0.882131814956665,0.8904061317443848,0.2,0.2,0.09428090415820632,0.1,0.4,10,10,10,594.6,1.0,1.0,1,0.1,0.9674804475572374,0.010921623838705341,45
gemma3:12b,q3456,0.0,0.0,0.0,0.0,0.0,0.0,0.0,0.0,0.0,0.0,0.2790611949711205,0.2805704099821747,0.01983381445801188,0.2528735632183908,0.313953488372093,0.05501710543607855,0.05427635249601834,0.00697203495243219,0.04837364470391994,0.06844741235392321,0.04721224544925093,0.04684219155865983,0.0013687855656449926,0.0458758640038847,0.05035010543144255,0.1806176973790696,0.1812429455826521,0.0122949750642456,0.16279069767441862,0.19767441860465115,0.8738238990306855,0.8749214708805084,0.0057222612238263006,0.8627192974090576,0.8820506930351257,0.8625178456306457,0.8594560623168945,0.007430697818784776,0.8568623661994934,0.8791120648384094,0.8681191384792328,0.867119699716568,0.005456335566262966,0.8624004125595093,0.880578875541687,0.01,0.0,0.03162277660168379,0.0,0.1,10,10,10,573.2,1.0,1.0,1,0.1,0.9283231960402595,0.023444206051008817,45
gemma3:12b,q3838,0.0,0.0,0.0,0.0,0.0,0.0,0.0,0.0,0.0,0.0,0.40620318375820785,0.4357622243528284,0.06653464298227522,0.30434782608695654,0.472972972972973,0.023004014994553425,0.021472534058689288,0.01226913948543471,0.012917115177610334,0.046296296296296294,0.1197113262592789,0.12747132070762668,0.01760374601190726,0.09735981717515908,0.14292664282557463,0.25335719010809665,0.25694980694980696,0.020201562866886468,0.22972972972972974,0.2818791946308725,0.869372409582138,0.8739890158176422,0.008442849235386714,0.8583636283874512,0.8795938491821289,0.892736691236496,0.8969742357730865,0.006497363780126629,0.8824788331985474,0.8984358310699463,0.8808976590633393,0.8854028880596161,0.007444155608900994,0.8702541589736938,0.8885999321937561,0.02,0.0,0.04216370213557839,0.0,0.1,10,10,10,538.4,1.0,1.0,1,0.1,0.9460825085639953,0.021826560280753107,45
gemma3:12b,q4150,0.0,0.0,0.0,0.0,0.0,0.0,0.0,0.0,0.0,0.0,0.16726450954326447,0.16207167439772557,0.013634729865580158,0.1519756838905775,0.19767441860465115,0.02324005163205587,0.023920763273863006,0.0035564819862563706,0.017194570135746608,0.029051293690422152,0.000550883325534584,0.0003726096031444885,0.00042210507406162905,0.0003013209975248967,0.0016593870249857036,0.08456886410083889,0.08257893161753703,0.00609632506836459,0.07831325301204821,0.09302325581395349,0.8402297675609589,0.8397608697414398,0.0024198270511782798,0.8367278575897217,0.8434933423995972,0.7646482348442077,0.7636103630065918,0.0016492540614667867,0.7628296613693237,0.7668877243995667,0.8006580531597137,0.7999691665172577,0.0017485025626403613,0.7984434962272644,0.8033104538917542,0.61,0.6,0.11972189997378645,0.4,0.8,10,10,10,440.9,1.0,1.0,1,0.1,0.971111183696323,0.014986177005423092,45
gemma3:12b,q5023,0.0,0.0,0.0,0.0,0.0,0.0,0.0,0.0,0.0,0.0,0.34204075373833714,0.34783950617283954,0.015055942624649179,0.31404958677685946,0.35684647302904565,0.11589796351116137,0.11579430898346328,0.0014262211724469854,0.11385199240986717,0.11904761904761904,0.0745984506157768,0.07556507817569477,0.003431195926931033,0.06920865854402229,0.0780870015228839,0.19263793960513304,0.1908713692946058,0.004668488340671705,0.18930041152263377,0.20168067226890754,0.8904381394386292,0.889660656452179,0.0021582351051531914,0.8887470364570618,0.8953198194503784,0.873570841550827,0.8734381198883057,0.001755899672764299,0.8716114163398743,0.8755239248275757,0.8819229781627655,0.8818024694919586,0.0017320318710304663,0.8800958395004272,0.8852840065956116,0.9099999999999999,0.9,0.021081851067789165,0.9,0.95,10,9,9,652.4,0.9,0.9,2,0.2,0.9625932428571913,0.02282495817511834,45
gemma3:12b,q5872,0.0,0.0,0.0,0.0,0.0,0.0,0.0,0.0,0.0,0.0,0.2453046521576893,0.2396476265290091,0.02374496975624791,0.22222222222222224,0.28148148148148144,0.03875354330813936,0.04100591653793205,0.003716907415959998,0.032,0.04149377593360996,0.011652499038039648,0.011303310046923821,0.0009303138600592808,0.010544268311066333,0.013067980026657253,0.1551361790283871,0.15037593984962405,0.017307037749235036,0.13432835820895522,0.18300653594771243,0.8780314743518829,0.878204345703125,0.005599009786845222,0.8667089939117432,0.8861644864082336,0.8797401547431946,0.8783673644065857,0.004128556226649078,0.8735602498054504,0.8863427639007568,0.878883320093155,0.8778963983058929,0.0047542841497874334,0.8701211810112,0.8857920169830322,0.9299999999999999,0.95,0.04472135954999578,0.85,0.95,10,9,9,547.3,0.9,0.9,2,0.2,0.95730635854933,0.025980180296985393,45
gemma3:12b,q6028,0.0,0.0,0.0,0.0,0.0,0.0,0.0,0.0,0.0,0.0,0.3200157365286264,0.3205128205128205,0.0076146185493020865,0.3096774193548387,0.3333333333333333,0.052421726871739,0.05254258148899274,0.014831113516884646,0.03784295175023652,0.06653992395437262,0.03796582863325051,0.031099160625067557,0.01747181853521207,0.027206721382486452,0.07136728664126542,0.21973774889920844,0.21794871794871795,0.01299759274403496,0.2064516129032258,0.24358974358974364,0.8695995509624481,0.8701270222663879,0.0009388730007179706,0.8679341077804565,0.8706058263778687,0.897188925743103,0.8965784907341003,0.0032337360660755566,0.8942714929580688,0.9030168056488037,0.8831770956516266,0.8831547498703003,0.001933760298926558,0.8809162974357605,0.8864888548851013,0.9555555555555555,0.95,0.016666666666666677,0.95,1.0,10,7,7,671.5,0.7,0.7,4,0.4,0.9914712535010444,0.006691697610102342,45
gemma3:12b,q6235,0.0,0.0,0.0,0.0,0.0,0.0,0.0,0.0,0.0,0.0,0.3339324241486312,0.33165829145728637,0.01290456310251835,0.31155778894472363,0.35714285714285715,0.06694319502857735,0.06698607712500901,0.0016955298329150343,0.0636237897648686,0.06980273141122914,0.03295895758511672,0.032356472482915344,0.0014114188667219835,0.031406831016107944,0.03567810505348405,0.18259227811727707,0.18090452261306533,0.01121570484907664,0.16346153846153846,0.2,0.8874765336513519,0.8877501487731934,0.004590114730446926,0.8812230825424194,0.8947038650512695,0.8672436535358429,0.8668768405914307,0.0013982873064956303,0.8653289675712585,0.8702303171157837,0.877240389585495,0.8771417737007141,0.0028670790678829695,0.8735869526863098,0.8822973966598511,0.9099999999999999,0.9,0.031622776601683764,0.85,0.95,10,9,9,572.8,0.9,0.9,2,0.2,0.9700721767213609,0.017613063321474064,45
gemma3:12b,q6245,0.0,0.0,0.0,0.0,0.0,0.0,0.0,0.0,0.0,0.0,0.32388456822005407,0.32341148784101803,0.012610347175591733,0.30555555555555564,0.33986928104575165,0.04745190052759925,0.04554342072571324,0.006098575434654008,0.044444444444444446,0.06464250734573947,0.011171107069943917,0.010690170157317165,0.0010910466644327784,0.009952308098778997,0.012638352201600917,0.22461609781504316,0.22444444444444445,0.007067908548042559,0.2097902097902098,0.2361111111111111,0.8871696531772614,0.8877013325691223,0.002929657545059486,0.8804060816764832,0.8910239934921265,0.8863495826721192,0.886215090751648,0.0018993814515474731,0.8834657669067383,0.8890072107315063,0.8867580115795135,0.8870696425437927,0.0021722057104571757,0.8823780417442322,0.889329731464386,0.9549999999999998,0.95,0.028382310609877344,0.9,1.0,10,9,9,607.2,0.9,0.9,2,0.2,0.9552238292164272,0.020233432625662195,45
gemma3:12b,q6483,0.0,0.0,0.0,0.0,0.0,0.0,0.0,0.0,0.0,0.0,0.2276498024991808,0.2158004158004158,0.019534265523010196,0.21538461538461537,0.2758620689655173,0.04595401053709827,0.0462046204620462,0.0005999402801612331,0.044823906083244394,0.04640883977900553,0.01033522132440963,0.010144989297245895,0.0009593231702353536,0.008851468653165157,0.011976575877820392,0.1382492906336003,0.13488268488268487,0.008972071252010898,0.13076923076923075,0.1532567049808429,0.859710693359375,0.8570417165756226,0.004133769294158269,0.8568902611732483,0.8685641288757324,0.8376858651638031,0.8367246389389038,0.0015987895486252203,0.8366581201553345,0.8405488729476929,0.848552817106247,0.8468466401100159,0.002668880682869623,0.8466873168945312,0.8532267212867737,0.705,0.725,0.14990737881179242,0.5,0.9,10,5,5,651.7,0.5,0.5,5,0.5,0.976141545507643,0.027180755521985685,45
gemma3:12b,q7773,0.0,0.0,0.0,0.0,0.0,0.0,0.0,0.0,0.0,0.0,0.3276559039503864,0.33613445378151263,0.023421119792751008,0.2821576763485477,0.35294117647058826,0.08324312861619258,0.08809307132441699,0.03681196803603627,0.04399748585795098,0.14267185473411154,0.026634829483193324,0.027601341176585133,0.013593308974896216,0.010729442108106562,0.040801825095328696,0.22656200689137193,0.2310924369747899,0.027334731733824082,0.18257261410788383,0.26050420168067223,0.8963319182395935,0.8970688879489899,0.006313021497851134,0.8870261311531067,0.9032493829727173,0.8593533456325531,0.859010249376297,0.006367369387024827,0.8498548269271851,0.8693426251411438,0.8774488508701325,0.8786851465702057,0.006001003787346201,0.8699802160263062,0.88597172498703,0.9199999999999999,0.95,0.04472135954999577,0.85,0.95,10,10,10,558.0,1.0,1.0,1,0.1,0.9427118248409695,0.023106271891700038,45
gemma3:12b,q7888,0.0,0.0,0.0,0.0,0.0,0.0,0.0,0.0,0.0,0.0,0.11444913735993648,0.11928434661935461,0.009835067116415021,0.09782608695652174,0.1241743725231176,0.015090439928198784,0.015361083507491952,0.002849986489511833,0.009435897435897437,0.018744906275468622,1.179009431056875e-05,1.4109843680507238e-05,7.913491047518164e-06,5.671476771139171e-07,1.9849700228760865e-05,0.06599004205855849,0.07114624505928853,0.007999088532964618,0.05434782608695653,0.07446808510638296,0.8362113952636718,0.8372265100479126,0.003491603371497945,0.8275750279426575,0.8392874002456665,0.7937219858169555,0.7935552895069122,0.001972467554506644,0.7907931804656982,0.7970157861709595,0.8144080817699433,0.8140774369239807,0.001849761828877529,0.8109799027442932,0.817279577255249,0.75,0.8,0.07071067811865478,0.6,0.8,10,9,9,584.0,0.9,0.9,2,0.2,0.9693278974956936,0.01686093893580741,45
gemma3:12b,q7954,0.0,0.0,0.0,0.0,0.0,0.0,0.0,0.0,0.0,0.0,0.1972894323293758,0.1997513468711148,0.016879192401339928,0.17054263565891473,0.21705426356589147,0.006322868659186151,0.0062992282205424285,0.00018735948674938538,0.005946481665014866,0.006593406593406593,0.004432203262526917,0.004438901479549614,0.00021448098833121946,0.003949634057859822,0.004680528823003358,0.11386538896354288,0.11575620229007633,0.01914933840234887,0.0851063829787234,0.13533834586466162,0.8211885511875152,0.8211937546730042,0.0009805964012014694,0.8195734024047852,0.822516918182373,0.8377430021762848,0.8388925492763519,0.0025409681023662494,0.8329684734344482,0.8404039740562439,0.8293805181980133,0.8296495079994202,0.001090377051617749,0.8274096250534058,0.8309140801429749,0.9277777777777777,0.95,0.04409585518440983,0.85,1.0,10,8,8,634.4,0.8,0.8,3,0.3,0.9735902190208435,0.013288939786932633,45
gemma3:12b,q8831,0.0,0.0,0.0,0.0,0.0,0.0,0.0,0.0,0.0,0.0,0.30862679367161094,0.3022222222222222,0.022493868978801408,0.27192982456140347,0.34632034632034636,0.01944269704804872,0.019217570350034317,0.0008923028108794163,0.018995929443690638,0.02196293754289636,0.02212819082835804,0.022805482832166983,0.018014669689850476,0.005767351158916755,0.054136110832611876,0.19385615161161013,0.19555555555555554,0.02208460735400785,0.16666666666666666,0.23376623376623376,0.874635499715805,0.8756369054317474,0.007980702221772192,0.8644537925720215,0.8906965255737305,0.8501968324184418,0.8492728769779205,0.004049478026983791,0.8464761972427368,0.8581958413124084,0.8622375011444092,0.8622527122497559,0.005807842423216819,0.8553879261016846,0.8741442561149597,0.9055555555555556,0.9,0.03004626062886656,0.85,0.95,10,9,9,563.0,0.9,0.9,2,0.2,0.9579567458894518,0.01912114676302889,45
gemma3:12b,q8903,0.0,0.0,0.0,0.0,0.0,0.0,0.0,0.0,0.0,0.0,0.29154791270422825,0.2925764192139738,0.01750053336172584,0.26785714285714285,0.30837004405286345,0.042343528269648545,0.03819918144611187,0.009547617566896817,0.03296703296703297,0.05394470667565745,0.012307041974474069,0.01252799403947336,0.0007033606892032936,0.011062953235049168,0.013058394724863887,0.16878420542579978,0.1674008810572687,0.007093343190787937,0.15454545454545454,0.17857142857142855,0.8743642807006836,0.8719801604747772,0.0049060364800489606,0.8705993890762329,0.8833910226821899,0.8462235450744628,0.8460294008255005,0.0019521712997604091,0.8438723683357239,0.8485469222068787,0.8600605845451355,0.8583770394325256,0.0032185059537145257,0.8570846915245056,0.8654326796531677,0.8277777777777778,0.9,0.20327184862750783,0.3,0.95,10,8,7,617.9,0.8,0.7,2,0.2,0.9579951736662123,0.02002010219037351,45
gemma3:12b,q8995,0.0,0.0,0.0,0.0,0.0,0.0,0.0,0.0,0.0,0.0,0.2768722634970111,0.2798440437234561,0.03274291385826994,0.21292775665399238,0.32209737827715357,0.015726826572563975,0.01285007507973629,0.00602464160539559,0.009793253536452665,0.02693965517241379,0.008004698145840813,0.008074725342356578,0.0010156393341576068,0.006743132126334033,0.009629752379471087,0.16340456738600215,0.16409994900560937,0.01400436155608544,0.13688212927756654,0.17977528089887643,0.8593995273113251,0.859973669052124,0.005717234262248722,0.8491992354393005,0.8677937388420105,0.8420875072479248,0.8440198004245758,0.007761869115009889,0.8236923217773438,0.8507447242736816,0.8506502389907837,0.8520142734050751,0.006487188623258037,0.8362512588500977,0.8591846227645874,0.58125,0.55,0.19628241315585487,0.3,0.9,10,10,10,660.2,1.0,1.0,1,0.1,0.9573429756694369,0.012700653968479499,45
gemma3:12b,q9738,0.0,0.0,0.0,0.0,0.0,0.0,0.0,0.0,0.0,0.0,0.21099127872724194,0.20118343195266275,0.019078574040531624,0.18497109826589597,0.24043715846994534,0.012288332041253062,0.012337597866366075,0.0005926818463113616,0.011477761836441894,0.013071895424836602,0.008913914940216715,0.008232665562268718,0.003079049540298251,0.00689223462327267,0.017305314208991097,0.12644789287120917,0.12680220583349944,0.018384513232875363,0.09467455621301775,0.15300546448087432,0.8402653574943543,0.8406485021114349,0.0021434027670226975,0.8352994918823242,0.8431477546691895,0.8595532774925232,0.8595256209373474,0.0018952119029736066,0.8556450605392456,0.8628564476966858,0.8497992157936096,0.8502599596977234,0.001867411635456061,0.845349907875061,0.852321207523346,0.75,0.75,0.19202864369671516,0.4,0.95,10,9,9,674.3,0.9,0.9,2,0.2,0.9575270043479072,0.014115095718733177,45
gemma3:12b,q9855,0.0,0.0,0.0,0.0,0.0,0.0,0.0,0.0,0.0,0.0,0.15427949786735046,0.1557009572276748,0.022346386180885858,0.11023622047244094,0.19858156028368795,0.015521820040631401,0.0155717798430698,0.00047900074471813404,0.014585232452142206,0.0163098878695209,0.010060408051143332,0.009874069004525409,0.000812021773698054,0.008775614907790908,0.011584671534637221,0.09312089718596467,0.0902459711620017,0.011253705813722365,0.07692307692307691,0.11111111111111112,0.838584554195404,0.838371604681015,0.0023736725071172244,0.834774374961853,0.8415287733078003,0.8173601448535919,0.8178848922252655,0.002019613378836365,0.8138568997383118,0.8195030689239502,0.8278334379196167,0.8278111219406128,0.0014694698529262458,0.8260577321052551,0.8301478624343872,0.9,1.0,0.248327740429189,0.2,1.0,10,10,10,482.3,1.0,1.0,1,0.1,0.9406654768519931,0.017117658355705757,45
gemma3:4b,q10088,0.0,0.0,0.0,0.0,0.0,0.0,0.0,0.0,0.0,0.0,0.23596638767511902,0.23824451410658304,0.010936173918266486,0.21221864951768488,0.25236593059936907,0.017575804508497057,0.016346153846153847,0.0036142883058923824,0.01603017444601603,0.027817745803357313,0.012817818857101279,0.0141363307806648,0.005652160447984306,0.006343550870021784,0.021776984844293235,0.12802354031648103,0.1291218602436411,0.007658164075512096,0.11912225705329152,0.138801261829653,0.8507904827594757,0.8522688746452332,0.0037054859117368203,0.841801106929779,0.8546018600463867,0.8135723233222961,0.8127110302448273,0.0022458876900187563,0.811103343963623,0.8191553354263306,0.8317592144012451,0.8321738243103027,0.0018787947802152026,0.8270061612129211,0.8339264392852783,0.02,0.0,0.0421637021355784,0.0,0.1,10,9,9,652.5,0.9,0.9,2,0.2,0.9602560533417596,0.025171013934753607,45
gemma3:4b,q10280,0.0,0.0,0.0,0.0,0.0,0.0,0.0,0.0,0.0,0.0,0.20490381493794918,0.20204081632653062,0.01973817196541943,0.1793103448275862,0.2451612903225806,0.012247460032867436,0.011815880767151536,0.0033069848007727855,0.00796812749003984,0.018018018018018018,0.007135178133978082,0.007150944167634117,0.0003121894191466326,0.006613357551093677,0.007506115991671958,0.1147304099553359,0.11267605633802817,0.0074826740278666135,0.10457516339869283,0.12738853503184713,0.8479960799217224,0.8494676351547241,0.006206046318784407,0.8324521780014038,0.8551899790763855,0.8482090651988983,0.8462339341640472,0.007864530354846239,0.8404032588005066,0.8626844882965088,0.8480818331241607,0.8459526002407074,0.005554949966913744,0.8410911560058594,0.8589208126068115,0.8699999999999999,1.0,0.3198958163736021,0.0,1.0,10,9,9,690.9,0.9,0.9,2,0.2,0.9559023751152886,0.019636452590991525,45
gemma3:4b,q1035,0.0,0.0,0.0,0.0,0.0,0.0,0.0,0.0,0.0,0.0,0.18671366140239137,0.1843754501353763,0.01873776552368759,0.165625,0.22318840579710145,0.015604821785668788,0.016119693449374275,0.0016170342963642405,0.012944983818770227,0.017552413456850317,0.0034206762959564383,0.0026101718170498892,0.0015443757168806993,0.002075942929922426,0.006680272652565245,0.10170667608530418,0.10335621662852783,0.0047264119042616844,0.09508716323296354,0.10641627543035995,0.8282707989215851,0.8289726972579956,0.00260818776812578,0.823819637298584,0.831997275352478,0.7843544185161591,0.7833302021026611,0.0036462944145188017,0.7798670530319214,0.7914488911628723,0.8057044088840485,0.8056697249412537,0.0010822738641679648,0.8036961555480957,0.8073099255561829,0.175,0.2,0.15811388300841897,0.0,0.4,10,10,10,987.5,1.0,1.0,1,0.1,0.9596243275536431,0.014333527879590578,45
gemma3:4b,q10548,0.0,0.0,0.0,0.0,0.0,0.0,0.0,0.0,0.0,0.0,0.19199311414885015,0.19214289767890586,0.013316837134004236,0.17293233082706766,0.20610687022900767,0.010452689295735057,0.010723937668909205,0.0007272538154616035,0.009508716323296355,0.011745862253069941,0.012074052687746265,0.011567854775043783,0.0010716494982954796,0.01088241958130707,0.013993823084712437,0.12061932902648742,0.1209868778409903,0.004971383740207339,0.11406844106463877,0.12781954887218044,0.847057431936264,0.8466224074363708,0.0015534047880251523,0.8448724150657654,0.8492087721824646,0.8223511219024658,0.8228660225868225,0.0019462958639767977,0.8176769018173218,0.8240443468093872,0.8345198392868042,0.8344668745994568,0.001276423072674893,0.8317058682441711,0.8359113335609436,0.0,0.0,0.0,0.0,0.0,10,10,10,725.1,1.0,1.0,1,0.1,0.9474866933292813,0.02399506843406066,45
gemma3:4b,q10910,0.0,0.0,0.0,0.0,0.0,0.0,0.0,0.0,0.0,0.0,0.13629799189422667,0.13803607977533439,0.01652483659368386,0.11920529801324502,0.16783216783216784,0.008866565440856867,0.008699712708921767,0.0004724511018800193,0.008090614886731391,0.009633911368015413,0.005888654007135527,0.005899147072771146,0.00044110311824416704,0.0053966087699825645,0.006427282727151879,0.09821744528665546,0.09733957800202792,0.019883428158299372,0.07947019867549669,0.13986013986013984,0.8427646338939667,0.8397631049156189,0.007100443363162897,0.8355979919433594,0.8525339365005493,0.8411648213863373,0.8401709794998169,0.0018133326528443734,0.839818000793457,0.8442462086677551,0.8419560432434082,0.8399189114570618,0.004397396316124793,0.837757408618927,0.8480492830276489,0.8699999999999999,1.0,0.2551687894533951,0.2,1.0,10,9,9,760.6,0.9,0.9,2,0.2,0.9605939149856567,0.021056131089215054,45
gemma3:4b,q11229,0.0,0.0,0.0,0.0,0.0,0.0,0.0,0.0,0.0,0.0,0.3141877509617966,0.3358864892014063,0.05317097835685611,0.22988505747126436,0.3711340206185567,0.023245538747401085,0.017629681888745752,0.013238759457050048,0.0071174377224199285,0.05232067510548523,0.012548453982145736,0.011468293356315995,0.004857912156052835,0.0076413936368664595,0.021648864713721485,0.17661093451175952,0.1777832649155838,0.03149328200121591,0.12643678160919541,0.2371134020618557,0.8630870521068573,0.866938591003418,0.00997066346096764,0.8440936803817749,0.8715724945068359,0.8826701879501343,0.8842302560806274,0.009565469479457642,0.8680433034896851,0.9000135660171509,0.8727602601051331,0.8757647275924683,0.009346053874874858,0.8571569323539734,0.8855646848678589,0.32857142857142857,0.2,0.33022358947782493,0.0,1.0,10,10,10,663.4,1.0,1.0,1,0.1,0.9222620619667901,0.019054405634820516,45
gemma3:4b,q11246,0.0,0.0,0.0,0.0,0.0,0.0,0.0,0.0,0.0,0.0,0.24483444046585387,0.24225701791507973,0.013860131864221161,0.22488038277511965,0.273972602739726,0.03819026681957725,0.03913502109704642,0.0018932596763446587,0.034829202947086406,0.039603960396039604,0.004948895110779124,0.004644680589230872,0.0012574586928948634,0.003653757217315662,0.007737014189486169,0.14834477956728667,0.14903846153846154,0.004514266448909554,0.13875598086124402,0.15602836879432624,0.8635587453842163,0.864782989025116,0.0024699312139725266,0.8594232797622681,0.8663160800933838,0.7934203624725342,0.7926419377326965,0.0017086263448599197,0.7919385433197021,0.797497034072876,0.8270017445087433,0.8272514343261719,0.001114739467957254,0.8247174620628357,0.8285616040229797,0.46111111111111114,0.4,0.10540925533894598,0.3,0.6,10,8,8,665.4,0.8,0.8,3,0.3,0.9796255217658149,0.012770803877615188,45
gemma3:4b,q12052,0.0,0.0,0.0,0.0,0.0,0.0,0.0,0.0,0.0,0.0,0.14114230782584042,0.1341158841158841,0.01573439769861045,0.1276595744680851,0.1714285714285714,0.1738566433034332,0.16883828800337342,0.015972718299095485,0.15600624024961,0.20920502092050208,0.03491331083716035,0.032916641978599046,0.004431650125900205,0.031152407883075005,0.04351401055112558,0.14114230782584042,0.1341158841158841,0.01573439769861045,0.1276595744680851,0.1714285714285714,0.8341619372367859,0.8319053947925568,0.007132849906938112,0.8259738683700562,0.8450541496276855,0.9352740526199341,0.9355400204658508,0.0007920710270343983,0.933910608291626,0.9361377954483032,0.8818149268627167,0.8803332149982452,0.004052757117800142,0.8774216771125793,0.8881209492683411,0.01,0.0,0.0316227766016838,0.0,0.1,10,10,10,539.8,1.0,1.0,1,0.1,0.9541596187485589,0.019743396749746542,45
gemma3:4b,q124,0.0,0.0,0.0,0.0,0.0,0.0,0.0,0.0,0.0,0.0,0.27412308990165213,0.26815575728619206,0.01639165206050656,0.25625000000000003,0.303951367781155,0.0170995843908947,0.017029362582616597,0.00032554423602419177,0.01652892561983471,0.017664376840039256,0.007835086526746743,0.005841884321226254,0.0041175211344592405,0.0024991207493410086,0.014487133764529914,0.13490663656703406,0.13593514328808445,0.0075050284867276265,0.125,0.1458966565349544,0.8350700438022614,0.8346908688545227,0.0026226127284888,0.8317842483520508,0.8392218351364136,0.8229940593242645,0.8227359652519226,0.002245130047835095,0.8193652629852295,0.8270220756530762,0.8289863884449005,0.8279857635498047,0.0020940193188311194,0.8270313143730164,0.8328201770782471,0.27,0.25,0.13374935098492588,0.1,0.5,10,10,10,983.6,1.0,1.0,1,0.1,0.9599776281250848,0.01302463482347188,45
gemma3:4b,q13034,0.0,0.0,0.0,0.0,0.0,0.0,0.0,0.0,0.0,0.0,0.4533804026457576,0.45945945945945943,0.012509371528375364,0.42857142857142866,0.4657534246575342,0.01724225538363773,0.01737244176176554,0.000350049606820366,0.016632016632016633,0.017777777777777778,0.14543969142964988,0.1472310059150102,0.004278020292025847,0.13766840743261044,0.1505686881679005,0.3356277534858162,0.3388535594417947,0.008146574180199396,0.3178807947019867,0.3424657534246575,0.8637168109416962,0.8638860881328583,0.0020354796388340085,0.8604114651679993,0.8676539063453674,0.9323671162128448,0.9325258135795593,0.0005038327923909027,0.9313900470733643,0.9332621693611145,0.8967290699481965,0.8970683217048645,0.0012362704196148158,0.8946797847747803,0.8989350199699402,0.7388888888888889,0.75,0.08936504412303008,0.6,0.85,10,9,9,650.1,0.9,0.9,2,0.2,0.9793081230587429,0.016192034430954995,45
gemma3:4b,q13067,0.0,0.0,0.0,0.0,0.0,0.0,0.0,0.0,0.0,0.0,0.1281507858666699,0.12097560975609756,0.020437513534166122,0.11042944785276074,0.1641025641025641,0.006489995056839984,0.005542726355727825,0.00346190521307055,0.00452147701582517,0.016260162601626018,0.003139309032569755,0.0025588309881627446,0.0010298889197041675,0.0024543366706713974,0.005096049946124379,0.06775387161149933,0.06271133128882597,0.010206523510774038,0.06097560975609756,0.09230769230769231,0.7824319362640381,0.783423125743866,0.008107130481817713,0.7685912847518921,0.7954379320144653,0.8443672835826874,0.8425801694393158,0.003475046745293985,0.8411387205123901,0.849872350692749,0.8121935844421386,0.8113462924957275,0.0042383267443432135,0.8068326115608215,0.8208699226379395,0.0,0.0,0.0,0.0,0.0,10,10,10,923.4,1.0,1.0,1,0.1,0.9434158510631985,0.03275576107724488,45
gemma3:4b,q13944,0.0,0.0,0.0,0.0,0.0,0.0,0.0,0.0,0.0,0.0,0.21375004185115304,0.21485045721359264,0.013366119264893525,0.1853035143769968,0.23124999999999998,0.04165783467047464,0.04372128257591312,0.004656385519759434,0.0328484279680901,0.04433497536945813,0.009346394339948237,0.010588845169305444,0.0040180541170988775,0.0026593533994688084,0.015999281804404717,0.12946820495211095,0.13014382036060917,0.01344125061700947,0.09584664536741214,0.14375000000000002,0.8657774746417999,0.8653455972671509,0.00165379697303319,0.864006519317627,0.8686975836753845,0.8138408601284027,0.8156732618808746,0.006755483388590753,0.795867919921875,0.8194202184677124,0.838994300365448,0.8394280970096588,0.003935087448806261,0.8292161822319031,0.8433396816253662,0.4,0.4,0.09428090415820635,0.3,0.6,10,7,6,593.8,0.7,0.6,2,0.2,0.9697339627477858,0.022239523429286215,45
gemma3:4b,q14403,0.0,0.0,0.0,0.0,0.0,0.0,0.0,0.0,0.0,0.0,0.3536018286656603,0.3472463768115942,0.026298064894968824,0.31775700934579443,0.4,0.008861435605406373,0.008275866005168137,0.0013924137265622471,0.007978723404255319,0.012578616352201259,0.06281414191778965,0.062093658076323284,0.0046917327611289,0.054817366448214916,0.07075463750181686,0.18000325490547014,0.17398684045094504,0.013457734504617914,0.16521739130434782,0.20175438596491224,0.8638410151004792,0.8631959557533264,0.004938716287185405,0.8573011159896851,0.8731760382652283,0.86190544962883,0.8627690076828003,0.002516332453871007,0.8577896356582642,0.8643805384635925,0.8628674745559692,0.8621920049190521,0.003291571975333665,0.8588595390319824,0.8681235909461975,0.0,0.0,0.0,0.0,0.0,10,10,9,618.7,1.0,0.9,2,0.2,0.9505465163124932,0.019921605736394003,45
gemma3:4b,q14662,0.0,0.0,0.0,0.0,0.0,0.0,0.0,0.0,0.0,0.0,0.21962200814576952,0.221001221001221,0.009243862979893576,0.1956521739130435,0.23255813953488372,0.19217049223562307,0.19215680241234478,0.004096311522059918,0.18404907975460122,0.20100502512562815,0.0187693354002269,0.018859115109993857,0.0008101868430689179,0.01675814312150803,0.02006229000081011,0.15525714483247346,0.1547008547008547,0.0028786670290943304,0.15217391304347827,0.16279069767441862,0.8546695053577423,0.8547350168228149,0.0016683713479331691,0.8513234853744507,0.8581600189208984,0.9351800799369812,0.9351799488067627,0.0002844569498318483,0.9348020553588867,0.9356471300125122,0.8931133866310119,0.8931106925010681,0.000987563245827604,0.8911245465278625,0.8952299356460571,0.09,0.0,0.11972189997378647,0.0,0.3,10,8,8,549.2,0.8,0.8,2,0.2,0.9915958656205072,0.008330957569292424,45
gemma3:4b,q14698,0.0,0.0,0.0,0.0,0.0,0.0,0.0,0.0,0.0,0.0,0.27072234287268304,0.2693602693602693,0.007814181743546292,0.2558922558922559,0.2857142857142857,0.03027655805369304,0.030023484380472497,0.00047646865640874276,0.029914529914529916,0.031199569661108123,0.0273782887036287,0.02815084385176831,0.0016566760658130444,0.024316579481842356,0.029038956492079358,0.20934156867562784,0.20946185013981622,0.0053052838382131665,0.19999999999999998,0.21548821548821545,0.865276437997818,0.8678580522537231,0.005254757513093756,0.8552455902099609,0.8688554167747498,0.8260297656059266,0.826010137796402,0.0014160829524126472,0.8235665559768677,0.8290137648582458,0.8451922953128814,0.8466531336307526,0.002982174212433082,0.8393758535385132,0.8469539880752563,0.0,0.0,0.0,0.0,0.0,10,9,9,619.7,0.9,0.9,2,0.2,0.9753454062673781,0.01921767213681321,45
gemma3:4b,q14779,0.0,0.0,0.0,0.0,0.0,0.0,0.0,0.0,0.0,0.0,0.2874926172602814,0.28571428571428575,0.013360926822091439,0.272108843537415,0.31724137931034485,0.02841472202626899,0.029020022385275464,0.002068325666200616,0.02531645569620253,0.030373831775700934,0.059725748561359204,0.060703639004540164,0.006392102867002524,0.049362306555156166,0.06896918240190887,0.19259495205386373,0.1872927031509121,0.015094267984889352,0.1804511278195489,0.22377622377622378,0.8437179863452912,0.8445987701416016,0.003263339350414289,0.8367751836776733,0.848402738571167,0.8855707049369812,0.8871285319328308,0.0026158453945941637,0.88088059425354,0.8883272409439087,0.8641362369060517,0.8649144470691681,0.002701755545007378,0.8582615852355957,0.867241621017456,0.08,0.1,0.07888106377466154,0.0,0.2,10,8,7,623.4,0.8,0.7,4,0.4,0.9647965709368388,0.017960658886743704,45
gemma3:4b,q14872,0.0,0.0,0.0,0.0,0.0,0.0,0.0,0.0,0.0,0.0,0.1872673095243419,0.18286311389759669,0.02592619325289051,0.14953271028037382,0.24324324324324326,0.21344989637895934,0.21136923076923075,0.017249457603527557,0.1883656509695291,0.24528301886792453,0.017086873807873708,0.01737830787801726,0.002355285430536637,0.013034044634357492,0.022042716406087945,0.18226575624692656,0.18286311389759669,0.018648990626846766,0.14953271028037382,0.21621621621621623,0.8334904968738556,0.8331639468669891,0.007672777757912214,0.8199740052223206,0.849079430103302,0.9526479244232178,0.9492732584476471,0.009333282339547598,0.9416446089744568,0.9685344696044922,0.8890821814537049,0.8874368667602539,0.007671604651504197,0.8777530193328857,0.9048816561698914,0.01,0.0,0.03162277660168379,0.0,0.1,10,10,10,577.6,1.0,1.0,1,0.1,0.9326987266540527,0.021989827993983458,45
gemma3:4b,q150,0.0,0.0,0.0,0.0,0.0,0.0,0.0,0.0,0.0,0.0,0.09641342800240907,0.09406657018813315,0.006578634606521313,0.09011627906976745,0.11271676300578035,0.016871264152906833,0.015773579168509508,0.004626952829629003,0.01342882721575649,0.0294314381270903,0.00017108595238000138,0.00023094225998641273,0.00012135040435321665,2.8514529894252333e-05,0.0002895454724075807,0.06495540030168967,0.06349259232266863,0.00478456160784468,0.061046511627906974,0.07803468208092484,0.8333225846290588,0.8335649371147156,0.0026355610947532363,0.8291073441505432,0.8363574743270874,0.7608571171760559,0.7609603703022003,0.001678906500816657,0.7580883502960205,0.7636155486106873,0.7954393267631531,0.7955633699893951,0.0012325485419212357,0.793439507484436,0.7969397306442261,0.55,0.6,0.14337208778404376,0.3,0.7,10,10,10,672.8,1.0,1.0,1,0.1,0.9376171575652228,0.02980656129101085,45
gemma3:4b,q15239,0.0,0.0,0.0,0.0,0.0,0.0,0.0,0.0,0.0,0.0,0.24877190813618721,0.24418199250414013,0.02698797756341999,0.1923076923076923,0.2894736842105263,0.013646491026934108,0.01312705398699867,0.0012781233061776936,0.012704174228675136,0.016245487364620937,0.010424585603725296,0.010398602341485834,0.0010456350445984415,0.007928612872452796,0.012206421209998092,0.1368533935877527,0.1352326165365475,0.018289092517976797,0.11538461538461539,0.15789473684210525,0.8648806393146515,0.865617960691452,0.0018850105166518677,0.860948920249939,0.8666077256202698,0.8337290823459625,0.834252268075943,0.0025844608627041015,0.8293879628181458,0.8362613916397095,0.8490174412727356,0.8491944372653961,0.0018825222881612284,0.8448737859725952,0.8508250117301941,0.8150000000000001,0.8,0.07090682462060884,0.7,0.9,10,9,9,570.5,0.9,0.9,2,0.2,0.9635596553484599,0.02361052156912558,45
gemma3:4b,q15500,0.0,0.0,0.0,0.0,0.0,0.0,0.0,0.0,0.0,0.0,0.1755770702084066,0.17567567567567566,0.019313504934475582,0.15,0.2040816326530612,0.07848169938533325,0.07807049200048118,0.006768780162807716,0.06910167818361303,0.08893709327548807,0.03637669554635029,0.03636229679886446,0.003685011168961538,0.030827032052912647,0.0429443542918316,0.1420179907069308,0.14575289575289574,0.01420900701561819,0.125,0.16326530612244894,0.8404638826847076,0.8412782847881317,0.006495346601173948,0.8309862017631531,0.8484077453613281,0.8217025101184845,0.8225541412830353,0.006884343562141442,0.8139265775680542,0.8353028297424316,0.8309567332267761,0.8319618105888367,0.005075098073512572,0.8227133750915527,0.8368282318115234,0.02,0.0,0.0421637021355784,0.0,0.1,10,9,9,590.4,0.9,0.9,2,0.2,0.9288724687364366,0.022081204348239604,45
gemma3:4b,q15638,0.0,0.0,0.0,0.0,0.0,0.0,0.0,0.0,0.0,0.0,0.19989320849048858,0.1839107457428068,0.032511169888454955,0.17777777777777778,0.2615384615384615,0.025334082032606953,0.02557278775630691,0.0015373313749309672,0.022792022792022793,0.02841530054644809,0.017603388843935662,0.017695712024551766,0.0015774337080941476,0.01530762525390752,0.021197280612385294,0.13342044772442632,0.12213740458015267,0.027306304976444585,0.11851851851851852,0.2054794520547945,0.8267395913600921,0.8268769383430481,0.002096581250499982,0.8232131600379944,0.8303616642951965,0.6918546557426453,0.6848956644535065,0.013836300926519407,0.6808479428291321,0.7133394479751587,0.7532371997833252,0.7492507100105286,0.008102736014011477,0.7466810941696167,0.766369104385376,0.48,0.5,0.07888106377466153,0.4,0.6,10,10,10,674.5,1.0,1.0,1,0.1,0.9575384073787265,0.027885826176227115,45
gemma3:4b,q1581,0.0,0.0,0.0,0.0,0.0,0.0,0.0,0.0,0.0,0.0,0.2890948589671022,0.2947482236638863,0.014379820547621467,0.2509803921568628,0.29838709677419356,0.041748094345658224,0.0426098535286285,0.0015747226713936843,0.03861517976031957,0.0431266846361186,0.004776044942634624,0.004743869326839164,0.00025485514142204087,0.004392626881891073,0.005289799287623929,0.14176758499688388,0.14457831325301204,0.008628421079809092,0.11764705882352942,0.14615384615384616,0.8696213304996491,0.8708025217056274,0.0021786956741600837,0.8653733134269714,0.8716804385185242,0.8176819860935212,0.8171044588088989,0.0024897426469052257,0.8133310675621033,0.8220169544219971,0.8428490996360779,0.8430993556976318,0.0016124167990134465,0.8385455012321472,0.8447486758232117,0.885,0.9,0.052967495273569,0.8,0.95,10,7,7,586.0,0.7,0.7,4,0.4,0.9737795154253642,0.02122967367378032,45
gemma3:4b,q15840,0.0,0.0,0.0,0.0,0.0,0.0,0.0,0.0,0.0,0.0,0.2592801228865076,0.2525360568628804,0.0215748840983961,0.22740524781341107,0.30113636363636365,0.020880907851491753,0.021718564495078217,0.0031961485324608838,0.015377222489187891,0.02551521099116781,0.008250665717115059,0.007523738169648509,0.002715032767729731,0.005480127892053605,0.015067654680532321,0.1326686215545311,0.13220137420718817,0.004559142833200488,0.12462908011869436,0.13994169096209913,0.8517356991767884,0.8513966202735901,0.0034594266659517332,0.8466989994049072,0.8566321730613708,0.8472901880741119,0.8469060361385345,0.0031164181730637245,0.8435752391815186,0.8540400266647339,0.8495007157325745,0.8498914241790771,0.0021771327255136917,0.8451738953590393,0.8529485464096069,0.8333333333333334,0.9,0.11180339887498951,0.6,0.9,10,10,10,675.6,1.0,1.0,1,0.1,0.9478877279493544,0.018130134450533197,45
gemma3:4b,q15842,0.0,0.0,0.0,0.0,0.0,0.0,0.0,0.0,0.0,0.0,0.2596425543334419,0.2532026441759745,0.02860744539949789,0.22549019607843138,0.318407960199005,0.023028447211906576,0.023013307542319845,0.002771832448103482,0.019345238095238096,0.02948021722265322,0.007351372753194384,0.007128511295115034,0.0005647873702379702,0.006823446034134694,0.008705079479133132,0.11634644937141517,0.11091753774680603,0.018572802154025698,0.09803921568627451,0.15841584158415842,0.84539914727211,0.844867467880249,0.004566752407368204,0.8374680280685425,0.8550168871879578,0.8165879845619202,0.8149527907371521,0.004457578622616853,0.8108638525009155,0.8239246606826782,0.8307326972484589,0.8311924040317535,0.0031604719585028307,0.823951244354248,0.8348274230957031,0.75,0.725,0.11303883305208784,0.6,0.95,10,10,10,675.8,1.0,1.0,1,0.1,0.9467015438609653,0.027819972967861574,45
gemma3:4b,q15996,0.0,0.0,0.0,0.0,0.0,0.0,0.0,0.0,0.0,0.0,0.1760992303699144,0.16904761904761903,0.0189956707110462,0.15384615384615385,0.21352313167259787,0.014422225453172347,0.014305417561985098,0.0004141285253198766,0.014138118542686243,0.015546918378678512,0.002727245875672908,0.0026207411410480944,0.00035995395299208237,0.0022876146003945616,0.0032378317976003023,0.11578825764651635,0.116162015442591,0.007114298151125701,0.10714285714285714,0.12811387900355875,0.8376650869846344,0.8359619081020355,0.0038129025424076457,0.833191990852356,0.8436208963394165,0.7691288888454437,0.7672181725502014,0.005344648773035462,0.7624815106391907,0.7778722047805786,0.8019335210323334,0.7996858656406403,0.004579606691659269,0.7971550226211548,0.8094135522842407,0.06,0.0,0.107496769977314,0.0,0.3,10,9,9,638.0,0.9,0.9,2,0.2,0.9753300335672167,0.010861148615364519,45
gemma3:4b,q16182,0.0,0.0,0.0,0.0,0.0,0.0,0.0,0.0,0.0,0.0,0.2396519496790735,0.24072651448639154,0.012548020399692796,0.21621621621621626,0.25641025641025644,0.03691256549909276,0.03472197863442734,0.005486444904522039,0.03269447576099211,0.050647820965842166,0.0058680936556228976,0.004527878276450008,0.0025597930444352874,0.0035872375707026822,0.011120827157895351,0.15117786773726363,0.15301003344481606,0.006994435691862046,0.14074074074074075,0.16117216117216115,0.8657300412654877,0.8672164976596832,0.007126942355697813,0.8548862338066101,0.8751340508460999,0.8351163029670715,0.8348795473575592,0.005201581100349073,0.8280574679374695,0.8423010110855103,0.8501394152641296,0.8527195751667023,0.005519525052943128,0.8412984609603882,0.8566409349441528,0.6499999999999999,0.6,0.06123724356957945,0.6,0.75,10,10,10,644.2,1.0,1.0,1,0.1,0.9562867244084676,0.013781307970930232,45
gemma3:4b,q16186,0.0,0.0,0.0,0.0,0.0,0.0,0.0,0.0,0.0,0.0,0.23573258394582952,0.23185117967332125,0.019007289080676993,0.20420420420420418,0.2696629213483146,0.01898780331018162,0.018650316856658616,0.004473668301459815,0.012121212121212121,0.026041666666666668,0.00331987996094276,0.0026522632884964092,0.0016182586508811706,0.0019514138385083382,0.006798418540488592,0.11581407463324353,0.11302681992337163,0.00956458085901414,0.10210210210210209,0.1348314606741573,0.8271338462829589,0.8273953795433044,0.0037096555891797953,0.8207465410232544,0.831741988658905,0.7810692369937897,0.7802774906158447,0.0039415634254474485,0.7745552062988281,0.7880420684814453,0.803437227010727,0.8027961552143097,0.0032697675791189323,0.7991804480552673,0.8089733123779297,0.925,0.9,0.0634647758821992,0.8,1.0,10,10,10,691.0,1.0,1.0,1,0.1,0.9654069794548883,0.012365429476498064,45
gemma3:4b,q1625,0.0,0.0,0.0,0.0,0.0,0.0,0.0,0.0,0.0,0.0,0.3269432885624398,0.3298529057149747,0.0074937248353456574,0.3098591549295775,0.33217993079584773,0.0421637020108887,0.03849495991962762,0.010901666470258847,0.03756906077348066,0.07295173961840629,0.009013132175138902,0.009193469200465633,0.0004291559166037944,0.008072578817495167,0.009411530934969414,0.1506385469784598,0.15172413793103448,0.002999806568302541,0.14634146341463417,0.15492957746478875,0.8769121289253234,0.8779451847076416,0.0028270754338209376,0.8712866902351379,0.8796724081039429,0.8171631634235382,0.8183274865150452,0.0031305877333440276,0.8101089000701904,0.8211750984191895,0.8459816873073578,0.847018837928772,0.002620822842998178,0.8395848870277405,0.8494178056716919,0.8099999999999999,0.825,0.09944289260117532,0.55,0.9,10,8,8,609.1,0.8,0.8,3,0.3,0.9845169968075222,0.013158267983007225,45
gemma3:4b,q16323,0.0,0.0,0.0,0.0,0.0,0.0,0.0,0.0,0.0,0.0,0.19381041276858593,0.1978736026399214,0.009265101718463106,0.1696969696969697,0.19939577039274922,0.024063102356162692,0.022824650997712755,0.0035453038810676395,0.020050125313283207,0.031173891865562593,0.0020838378128793375,0.0020919522503567794,0.0003528975193498508,0.001274364645987571,0.002682712217255633,0.09527290396699549,0.09522011628785018,0.007556733577944654,0.08695652173913043,0.10843373493975905,0.8450787603855133,0.8447504341602325,0.002440710811038112,0.84075927734375,0.8480287194252014,0.7626387298107147,0.7621845304965973,0.0020434103332076722,0.7605574131011963,0.7677732706069946,0.8017400443553925,0.8018051981925964,0.0006954982064635802,0.800713300704956,0.802610456943512,0.71,0.7,0.08432740427115679,0.55,0.8,10,9,7,707.6,0.9,0.7,3,0.3,0.9530468781789144,0.02341527953890178,45
gemma3:4b,q2381,0.0,0.0,0.0,0.0,0.0,0.0,0.0,0.0,0.0,0.0,0.23503313288009237,0.2278801763337846,0.016229198686696023,0.2214532871972318,0.2733333333333333,0.036912003201310765,0.0369468118710165,0.0003853128718363929,0.03636363636363636,0.0374037403740374,0.017902248349292403,0.01750721269457724,0.0014952735234978203,0.015903879379777566,0.02111485801639342,0.1553855564797594,0.15330407727314943,0.008552901361638249,0.1423728813559322,0.1733333333333333,0.8482577443122864,0.8479152619838715,0.002260785015914898,0.8457383513450623,0.8520117402076721,0.8143148183822632,0.8120864927768707,0.0054587893846283824,0.8087929487228394,0.8267694711685181,0.8309321463108063,0.829774796962738,0.00332630709721536,0.8268531560897827,0.8368518352508545,0.9055555555555556,0.9,0.04639803635691683,0.8,0.95,10,9,9,776.2,0.9,0.9,2,0.2,0.9728124340375265,0.010003163473980368,45
gemma3:4b,q2519,0.0,0.0,0.0,0.0,0.0,0.0,0.0,0.0,0.0,0.0,0.14666235565086694,0.142433234421365,0.011999729148645898,0.1345029239766082,0.17714285714285716,0.012777743454537114,0.01269553976499457,0.0016988841399776294,0.009649122807017544,0.01676963812886143,0.00113826682022124,0.0011848697056695502,0.0002570189590065658,0.0006862789931052703,0.0015165449624836317,0.07298930421373898,0.07100653869383683,0.009369268448147448,0.05952380952380953,0.09142857142857144,0.831799453496933,0.8325071036815643,0.0030070011684632746,0.8243833184242249,0.8343944549560547,0.7743022799491882,0.7726049423217773,0.005848106946121681,0.7694115042686462,0.7880944013595581,0.8020024120807647,0.8014382421970367,0.0023887900249232926,0.7987228035926819,0.8063663244247437,0.04,0.0,0.09660917830792959,0.0,0.3,10,10,10,643.8,1.0,1.0,1,0.1,0.9456670602162679,0.027581160590842684,45
gemma3:4b,q2989,0.0,0.0,0.0,0.0,0.0,0.0,0.0,0.0,0.0,0.0,0.15911945275800132,0.1641589939366719,0.009987153864803387,0.1392757660167131,0.16986301369863016,0.010613263497720094,0.010681075877980947,0.0022287896417339647,0.008424599831508003,0.01288659793814433,0.0014733717833237073,0.0014775136411397571,5.664541646960003e-05,0.0013850939529897986,0.001561557097925015,0.07989553641226138,0.07692307692307691,0.006284947263366102,0.07103825136612021,0.0934065934065934,0.8303199052810669,0.830944150686264,0.0018144266445611046,0.8259525895118713,0.8316166400909424,0.7780285000801086,0.7780987620353699,0.0012658320318773557,0.7759320735931396,0.7804547548294067,0.8033233642578125,0.803496927022934,0.0012965679183680287,0.8001613616943359,0.8047718405723572,0.0,0.0,0.0,0.0,0.0,10,9,9,709.8,0.9,0.9,2,0.2,0.9714576456281874,0.01668065177088901,45
gemma3:4b,q3155,0.0,0.0,0.0,0.0,0.0,0.0,0.0,0.0,0.0,0.0,0.2904875086960412,0.29203682765304473,0.008732723429067429,0.2758620689655173,0.304635761589404,0.07254043247102682,0.07427560608198804,0.003039582536873461,0.06766169154228856,0.07529843893480258,0.012631283279315694,0.012544524182445687,0.0008123572236746575,0.011194759109832184,0.013951220505531832,0.21524667511846993,0.21571636246163783,0.007233228508147724,0.20481927710843373,0.22485207100591717,0.8839280068874359,0.8851510882377625,0.005219965978469082,0.8702479004859924,0.8888452053070068,0.8856283187866211,0.8857060074806213,0.0017354324569119918,0.8819397687911987,0.8887135982513428,0.8847736060619354,0.8852244019508362,0.003399638550913633,0.8760548233985901,0.88877934217453,0.6900000000000001,0.75,0.18378731669453627,0.4,0.9,10,9,9,606.5,0.9,0.9,2,0.2,0.9666400339868334,0.020001229282200786,45
gemma3:4b,q3456,0.0,0.0,0.0,0.0,0.0,0.0,0.0,0.0,0.0,0.0,0.27934335922231573,0.27855369335816266,0.019889845762304556,0.25414364640883974,0.3068181818181818,0.05353516002503136,0.0541192775144226,0.0038657437145185455,0.04282315622521808,0.05605935696619951,0.03956572516428431,0.0395185833416049,0.0009168461062414382,0.03870332924673701,0.041720186121230164,0.181742832356454,0.1888888888888889,0.01335423473854773,0.16574585635359115,0.19653179190751444,0.8720054864883423,0.8726947009563446,0.0027100385617636114,0.8679596185684204,0.8746727108955383,0.8587322294712066,0.8596651256084442,0.0022320189299969927,0.85551917552948,0.8611029982566833,0.8653176307678223,0.866224855184555,0.0024106369375006516,0.8617786169052124,0.8675878047943115,0.04,0.0,0.06992058987801011,0.0,0.2,10,9,9,623.7,0.9,0.9,2,0.2,0.9719982610808479,0.01501875795818772,45
gemma3:4b,q3838,0.0,0.0,0.0,0.0,0.0,0.0,0.0,0.0,0.0,0.0,0.28429246492680826,0.2875449288951399,0.013610424810584918,0.2533333333333333,0.3037974683544304,0.008699277168927808,0.008004020028068125,0.0019068140198075206,0.007476635514018692,0.013579049466537343,0.04242311669518896,0.042572873403314365,0.0021737961881048208,0.039393439109174685,0.044986293749818426,0.1887997029365825,0.18521341463414634,0.012597154752697147,0.17283950617283952,0.20253164556962022,0.8587784588336944,0.8566408157348633,0.005696389666920224,0.8495842218399048,0.8669504523277283,0.8857151091098785,0.8862373232841492,0.0036142255367511322,0.8769911527633667,0.8901475071907043,0.8720338702201843,0.8710829317569733,0.004294850615056128,0.866254985332489,0.8783958554267883,0.05,0.0,0.07071067811865477,0.0,0.2,10,10,10,644.1,1.0,1.0,1,0.1,0.9352664166026645,0.02417512749650748,45
gemma3:4b,q4150,0.0,0.0,0.0,0.0,0.0,0.0,0.0,0.0,0.0,0.0,0.20063270956128104,0.19997530787987283,0.011772622856077889,0.1859154929577465,0.2142857142857143,0.022617595653985433,0.021050914950438766,0.0031652882809138573,0.01948051948051948,0.028075970272502065,0.0014449825126481221,0.0015103164542426104,0.00024465733354575293,0.0010853758706477255,0.0017106816264226613,0.10532837628039063,0.10512259328415317,0.008650471150286635,0.08815426997245178,0.12154696132596685,0.8404628515243531,0.8403884768486023,0.003434554399027061,0.834763765335083,0.8462482690811157,0.7733343720436097,0.7732036709785461,0.003316621179229994,0.7691107988357544,0.7776064276695251,0.8055001080036164,0.805324912071228,0.003055335801399031,0.801349401473999,0.8093639612197876,0.6199999999999999,0.6,0.14757295747452437,0.3,0.9,10,10,9,659.7,1.0,0.9,2,0.2,0.9583002130190531,0.016187686909266138,45
gemma3:4b,q5023,0.0,0.0,0.0,0.0,0.0,0.0,0.0,0.0,0.0,0.0,0.3785778585881076,0.3861788617886179,0.02456839211854466,0.3333333333333333,0.41269841269841273,0.1289187105847779,0.1259450338754865,0.006596025175970013,0.12128418549346016,0.1419200954084675,0.07890018084446764,0.07678270215487326,0.006110391681143605,0.07186121294648856,0.09096384473440756,0.23928480469591884,0.24161252863823246,0.008745027571042825,0.21666666666666667,0.24615384615384617,0.8902932286262513,0.8896187543869019,0.001936723792385665,0.888001561164856,0.8931960463523865,0.8798892140388489,0.8807722330093384,0.0028610320570147795,0.8719453811645508,0.8818690776824951,0.885056096315384,0.8849908113479614,0.0012525524236408382,0.8824427723884583,0.8868371844291687,0.3,0.3,0.04714045207910316,0.2,0.4,10,10,10,716.8,1.0,1.0,1,0.1,0.9720487912495931,0.015618280014709659,45
gemma3:4b,q5872,0.0,0.0,0.0,0.0,0.0,0.0,0.0,0.0,0.0,0.0,0.19234086627312483,0.1927055702917772,0.02082492861543242,0.16455696202531644,0.2361111111111111,0.017112793656817747,0.016700705261328656,0.0017503898099459174,0.0158311345646438,0.02164111812443643,0.008039668291482761,0.008244859244312217,0.0007288888417585257,0.006709600972208151,0.008712483501534696,0.12458152088466334,0.12046736502820307,0.016301512217565182,0.1095890410958904,0.16666666666666666,0.8715827405452728,0.8710725903511047,0.0060912195136529415,0.8616968393325806,0.8815244436264038,0.8716109454631805,0.8695068955421448,0.007228460308449148,0.8638020753860474,0.8880515694618225,0.8715901851654053,0.8701852858066559,0.006182405523907409,0.8651036024093628,0.8847759366035461,0.45,0.45,0.1643167672515498,0.2,0.7,10,10,10,635.3,1.0,1.0,1,0.1,0.940716814994812,0.018606875933831882,45
gemma3:4b,q6028,0.0,0.0,0.0,0.0,0.0,0.0,0.0,0.0,0.0,0.0,0.34166593834498077,0.3460664877142267,0.0186086603178288,0.31446540880503143,0.36601307189542487,0.04397276373701865,0.043874443280062875,0.0018236894151919827,0.04144144144144144,0.047471620227038186,0.026830343912256194,0.026810280940518513,0.0028815597357940764,0.022863751616818112,0.031627668729686184,0.20421827111687824,0.20306222997043888,0.008614316073867017,0.1935483870967742,0.2222222222222222,0.865603768825531,0.8646927773952484,0.005731323577530472,0.8574135303497314,0.8775635361671448,0.8959918200969696,0.8985021114349365,0.004383859801900129,0.8876899480819702,0.8993865251541138,0.8805299997329712,0.8813586831092834,0.004557462073077692,0.8722891211509705,0.8875364661216736,0.95,0.975,0.07071067811865474,0.8,1.0,10,10,10,670.0,1.0,1.0,1,0.1,0.9671818680233426,0.014650880008150145,45
gemma3:4b,q6235,0.0,0.0,0.0,0.0,0.0,0.0,0.0,0.0,0.0,0.0,0.32154873798454325,0.31293977340488965,0.0406810297507359,0.2745098039215686,0.3962264150943396,0.055334215440401645,0.055558238786047986,0.0011666552949963383,0.05342465753424658,0.05672727272727273,0.04306029853306539,0.039479808022854106,0.010933248713500049,0.033237967854369416,0.06792332949678655,0.2103272021378631,0.2126923076923077,0.025428699520433574,0.1747572815533981,0.2547169811320755,0.8806239783763885,0.8757130801677704,0.008954624491533785,0.8723685145378113,0.894661009311676,0.8669232130050659,0.8667421936988831,0.0070126904004669185,0.8578513860702515,0.8758368492126465,0.8737123072147369,0.8701780736446381,0.007544623592778035,0.8657643795013428,0.8846560716629028,0.5833333333333334,0.4,0.25,0.3,0.9,10,10,10,603.8,1.0,1.0,1,0.1,0.941830559571584,0.016295633814507576,45
gemma3:4b,q6245,0.0,0.0,0.0,0.0,0.0,0.0,0.0,0.0,0.0,0.0,0.3720037999367524,0.3717948717948718,0.008279916005543026,0.358974358974359,0.38926174496644295,0.051611235704621394,0.05151811368820167,0.0008551807766616838,0.050359712230215826,0.05348615090735435,0.022975125582935275,0.022693158215354954,0.0007803158732848351,0.02205125900598574,0.02454809671160698,0.25751507895332965,0.25641025641025644,0.002815577879965914,0.25316455696202533,0.26206896551724135,0.8920979857444763,0.8908261656761169,0.002874918640197541,0.8898333311080933,0.898926854133606,0.8936009883880616,0.893792450428009,0.0010473086656193461,0.8917542099952698,0.8950808644294739,0.8928467810153962,0.8922236561775208,0.001615883190431831,0.891008734703064,0.8964917063713074,0.95,0.95,0.040824829046386284,0.9,1.0,10,10,10,642.1,1.0,1.0,1,0.1,0.9836947308646308,0.008848818158921263,45
gemma3:4b,q6483,0.0,0.0,0.0,0.0,0.0,0.0,0.0,0.0,0.0,0.0,0.2808315455293886,0.27682754112648433,0.033919099257252776,0.23255813953488372,0.3405797101449275,0.008159323312697041,0.004891127895099807,0.010410686674911525,0.003236245954692557,0.03747323340471092,0.0080382584312631,0.005153568813962067,0.007607411833268602,0.0038600774282346135,0.029095961995305154,0.15100307981565383,0.14962105322034847,0.02114724591062472,0.12121212121212123,0.18320610687022898,0.859544426202774,0.8601224422454834,0.007072557004694004,0.8437104821205139,0.8679834604263306,0.841106915473938,0.8425453007221222,0.004663696267262437,0.831392765045166,0.845565140247345,0.8502069592475892,0.8503846228122711,0.004233040442518018,0.8430221080780029,0.8557671308517456,0.2611111111111111,0.3,0.1536590742882148,0.1,0.55,10,10,10,675.3,1.0,1.0,1,0.1,0.9182172735532125,0.022729605150567708,45
gemma3:4b,q7773,0.0,0.0,0.0,0.0,0.0,0.0,0.0,0.0,0.0,0.0,0.2770570286211175,0.28047994446923497,0.019691844923030583,0.2510121457489879,0.3052208835341365,0.04826723238449678,0.04771415959895324,0.001959076736823936,0.046341463414634146,0.05242463958060288,0.029265269329138626,0.028280966323765373,0.005123302951237943,0.025137143411589433,0.043139340121921534,0.20134338379114528,0.20211332529607828,0.0069787280202335605,0.18930041152263377,0.20883534136546184,0.8928314924240113,0.8925467133522034,0.0019539167791515722,0.8894622921943665,0.8956117630004883,0.8572540163993836,0.8576572239398956,0.0017592877243795555,0.8537603616714478,0.859602153301239,0.8746794641017914,0.8748315870761871,0.001349048341214496,0.8724021315574646,0.8765512108802795,0.8625,0.85,0.05175491695067655,0.8,0.95,10,10,10,623.2,1.0,1.0,1,0.1,0.9559481289651659,0.014635483702904158,45
gemma3:4b,q7888,0.0,0.0,0.0,0.0,0.0,0.0,0.0,0.0,0.0,0.0,0.12490818640023318,0.125,0.006507873449691009,0.11518324607329844,0.13577023498694518,0.01073685765975552,0.010695234004303954,0.0028041325103754576,0.00724200362100181,0.017269076305220885,7.755933999784415e-05,8.304414283830515e-05,1.609352106655645e-05,4.6740367466260115e-05,9.167017449439292e-05,0.07003741484760376,0.06936677631578947,0.002372829282228688,0.06770833333333334,0.07320261437908497,0.8466520309448242,0.8477573394775391,0.002877866347751835,0.8423292636871338,0.8506588339805603,0.8000344574451447,0.801426500082016,0.0037860269538498937,0.7941871881484985,0.8043989539146423,0.8226826548576355,0.8242409527301788,0.0033060003612771097,0.8175501227378845,0.8268823623657227,0.73,0.7,0.16193277068654824,0.5,1.0,10,9,9,677.5,0.9,0.9,2,0.2,0.9659205542670356,0.0184147532832985,45
gemma3:4b,q7954,0.0,0.0,0.0,0.0,0.0,0.0,0.0,0.0,0.0,0.0,0.23996035543403965,0.23940298507462687,0.013328442052063866,0.2255639097744361,0.25563909774436094,0.006498175929037858,0.006497176466173878,0.00011652750051550815,0.006376195536663124,0.006741573033707865,0.004615135924194905,0.004587740320890519,0.00015560563508743618,0.004516128720933481,0.0050360985107338165,0.12833289601207903,0.1311641791044776,0.012813509149034483,0.1044776119402985,0.15037593984962405,0.8247421085834503,0.8237428665161133,0.00284128881632842,0.8215445280075073,0.8297585844993591,0.8342018127441406,0.8329288959503174,0.009302674199666206,0.8233269453048706,0.8491572141647339,0.8294268429279328,0.8294160068035126,0.0054606639040837065,0.8225308060646057,0.8393458724021912,0.75,0.85,0.2410912690248239,0.3,1.0,10,9,9,608.7,0.9,0.9,2,0.2,0.9676037629445394,0.013171948823283644,45
gemma3:4b,q8831,0.0,0.0,0.0,0.0,0.0,0.0,0.0,0.0,0.0,0.0,0.3323855160844387,0.33541366337329914,0.022381197014343834,0.301255230125523,0.36507936507936506,0.03645130770267114,0.03632088665495957,0.0016387244135127493,0.034394904458598725,0.03924133420536298,0.05774901364149536,0.06081405926411247,0.017292970796473312,0.027145869263503822,0.07906660107403252,0.2027797003493023,0.20296799570892185,0.022745496510312595,0.1506276150627615,0.23015873015873015,0.8770861685276031,0.8778820633888245,0.006667690718207667,0.8609412908554077,0.8842354416847229,0.8643896877765656,0.8663293123245239,0.00736869598553158,0.8446808457374573,0.8702572584152222,0.8706878244876861,0.8730130195617676,0.006766901678895029,0.8527334928512573,0.8756651878356934,0.7071428571428572,0.8,0.17895197546774813,0.4,0.9,10,10,10,653.9,1.0,1.0,1,0.1,0.9433821267551846,0.01716876315935147,45
gemma3:4b,q8903,0.0,0.0,0.0,0.0,0.0,0.0,0.0,0.0,0.0,0.0,0.30287780638923945,0.298957557706627,0.01740511187943432,0.28448275862068967,0.33333333333333326,0.03889625056377438,0.037363744381877353,0.009740894502646993,0.031229668184775537,0.06377204884667571,0.025439827166411893,0.02019243135189415,0.010723192730486183,0.016564702038555607,0.042745866333297806,0.1784973859753968,0.17518768151679545,0.011011229418159461,0.16521739130434782,0.1991341991341991,0.8778344988822937,0.8767502009868622,0.003652505150610283,0.8734153509140015,0.8849402070045471,0.846814626455307,0.8455833494663239,0.002988174478479548,0.8443844318389893,0.8540817499160767,0.8620406091213226,0.8613796830177307,0.002489600738453978,0.8587040305137634,0.8656421303749084,0.8055555555555556,0.8,0.0682112730989371,0.7,0.9,10,10,10,635.1,1.0,1.0,1,0.1,0.9581366631719801,0.01596215698910737,45
gemma3:4b,q8995,0.0,0.0,0.0,0.0,0.0,0.0,0.0,0.0,0.0,0.0,0.37306443011432944,0.37250490516677565,0.020285878395437763,0.33691756272401435,0.4083044982698961,0.04476584406682867,0.04283875168715767,0.004569785461501082,0.039959016393442626,0.05595116988809766,0.03200953300621114,0.0342120041077482,0.011535384588091934,0.016652429633866626,0.05073426530130754,0.2259835603369448,0.22419405915510798,0.011465805468313996,0.20788530465949823,0.2517985611510791,0.8737002074718475,0.8729481101036072,0.005242180436668717,0.867296576499939,0.8838229179382324,0.8526750385761261,0.8529668748378754,0.0036096477272696435,0.8466857671737671,0.8595240712165833,0.8630551695823669,0.8624761700630188,0.003967320376206029,0.8576326370239258,0.8689677119255066,0.7555555555555555,0.8,0.14240006242195885,0.4,0.9,10,10,10,759.2,1.0,1.0,1,0.1,0.9521862970458137,0.01258141962970416,45
gemma3:4b,q9738,0.0,0.0,0.0,0.0,0.0,0.0,0.0,0.0,0.0,0.0,0.26951603246387046,0.2627752782382193,0.0288533910111555,0.23414634146341462,0.32512315270935965,0.013899094783221164,0.013755164690662524,0.000317117807854023,0.013596193065941536,0.014619883040935672,0.007824273196149551,0.007757863955058239,0.0011091487725183044,0.006334506181555768,0.00954147242537698,0.16456689593506502,0.1576507705375561,0.01579990762298289,0.14583333333333334,0.19999999999999998,0.8487560391426087,0.8484509885311127,0.0013603267660057847,0.8472038507461548,0.8515324592590332,0.8634629786014557,0.8629608154296875,0.0020036777550427386,0.8613016605377197,0.8678001761436462,0.8560452222824096,0.85566845536232,0.0013542300527438333,0.8544750809669495,0.8584246635437012,0.26,0.25,0.11737877907772672,0.1,0.4,10,10,10,814.9,1.0,1.0,1,0.1,0.952604595820109,0.025663840220742324,45
gemma3:4b,q9855,0.0,0.0,0.0,0.0,0.0,0.0,0.0,0.0,0.0,0.0,0.11695988602878589,0.10961242246367761,0.018383355747580536,0.1038961038961039,0.15789473684210528,0.012436745811126717,0.01019139335749071,0.005918482349828972,0.010067114093959731,0.028960817717206135,0.006765280056195188,0.006526130577639758,0.0005194691307453421,0.00640665958336191,0.00801081479608248,0.08839105953346094,0.0909090909090909,0.01024874547518965,0.06369426751592355,0.10191082802547773,0.8409846365451813,0.8404775261878967,0.0015421832441902708,0.839797854423523,0.8451400995254517,0.8256352424621582,0.8210172951221466,0.007034208540525749,0.8185553550720215,0.8380736708641052,0.8332281827926635,0.8305130004882812,0.004032511064338084,0.8294379115104675,0.839841365814209,0.47000000000000003,0.44999999999999996,0.36832956257496713,0.0,1.0,10,8,8,626.9,0.8,0.8,2,0.2,0.9464381098747253,0.03500323133382312,45
gpt-4.1-nano,q10088,0.0,0.0,0.0,0.0,0.0,0.0,0.0,0.0,0.0,0.0,0.24668434009824386,0.24503579926098923,0.023413810572354754,0.204778156996587,0.2754098360655738,0.021763241545547932,0.02147789553182576,0.0008847254164521274,0.021222839818089943,0.02422327540810953,0.016660424584608795,0.01696407726245692,0.003119300359514497,0.01125389763162197,0.020246606325353557,0.1536411204106689,0.15877201995638823,0.016298145625456676,0.11604095563139932,0.17049180327868851,0.8750819385051727,0.8745310604572296,0.003998718912871995,0.8695095777511597,0.8798917531967163,0.8265947520732879,0.8275027573108673,0.004159373134486503,0.8189445734024048,0.8311316967010498,0.8501419603824616,0.8496174216270447,0.003389755036338225,0.8457069993019104,0.854743242263794,0.9199999999999999,0.9,0.04216370213557838,0.85,1.0,10,10,10,507.3,1.0,1.0,1,0.1,0.9743085106213888,0.011377309945567345,45
gpt-4.1-nano,q10280,0.0,0.0,0.0,0.0,0.0,0.0,0.0,0.0,0.0,0.0,0.18449350942688733,0.18544061302681994,0.02368174333606577,0.15037593984962405,0.23448275862068962,0.017749919883102903,0.016460936323950022,0.0027479734344594887,0.014705882352941176,0.02201524132091448,0.007925551179955866,0.007868703878488374,0.0005606387949541196,0.007134790889479469,0.009037556812690173,0.10756545933439814,0.10487038491751768,0.012573263705470123,0.08955223880597014,0.13793103448275862,0.8569660484790802,0.8575317859649658,0.002950937094302241,0.8521847724914551,0.8607397675514221,0.8432173490524292,0.8429924249649048,0.0026768379144215424,0.8390483856201172,0.8488985896110535,0.8500336289405823,0.8498072326183319,0.002361257463884653,0.8471316695213318,0.853248655796051,0.8,1.0,0.4216370213557839,0.0,1.0,10,9,9,615.5,0.9,0.9,2,0.2,0.9564982957310146,0.013809404456024044,45
gpt-4.1-nano,q1035,0.0,0.0,0.0,0.0,0.0,0.0,0.0,0.0,0.0,0.0,0.13012970830726092,0.1297439245968658,0.012371662774410923,0.11205432937181664,0.14593698175787728,0.010856782142056123,0.010365598131352936,0.0010904088379610876,0.009297238173366147,0.012920592193808884,0.0004889932577447675,0.00034234783182966993,0.0003788554991877456,0.00020719241050100377,0.001482657481511753,0.07541139167025088,0.07530451249985992,0.006695672486058047,0.06722689075630253,0.09046849757673668,0.8273250102996826,0.8255829215049744,0.006006335205137759,0.8188501000404358,0.8352681994438171,0.7395717442035675,0.7394416034221649,0.002971400862978361,0.7359869480133057,0.7439814209938049,0.7809776902198792,0.7810250818729401,0.0029561467297836005,0.7771632671356201,0.7857822775840759,0.4666666666666666,0.45,0.12110601416389966,0.3,0.6,10,10,10,649.5,1.0,1.0,1,0.1,0.9505585683716669,0.017150057508415025,45
gpt-4.1-nano,q10548,0.0,0.0,0.0,0.0,0.0,0.0,0.0,0.0,0.0,0.0,0.23653140145610235,0.25000000000000006,0.020883730690784672,0.20325203252032523,0.2545454545454546,0.011277735372691167,0.011385199240986717,0.00041371560490543547,0.010392609699769052,0.01159047005795235,0.013952951399179422,0.0172434125125469,0.006387317933526089,0.005240209523162443,0.020301254364425106,0.14816425999759242,0.16071428571428573,0.01993028205856616,0.10569105691056911,0.16363636363636364,0.8715343654155732,0.8751811385154724,0.007045865789974456,0.8549048900604248,0.876613438129425,0.8298283278942108,0.831222653388977,0.006769136966528349,0.8117159605026245,0.8355647921562195,0.8501645267009735,0.8533148169517517,0.006507901435980726,0.8327507972717285,0.8537048101425171,0.595,0.975,0.5123204292454305,0.0,1.0,10,6,6,455.6,0.6,0.6,3,0.3,0.9730185190836589,0.026036442450987858,45
gpt-4.1-nano,q10910,0.0,0.0,0.0,0.0,0.0,0.0,0.0,0.0,0.0,0.0,0.220418042564482,0.2204861111111111,0.019514134003404997,0.1896551724137931,0.25196850393700787,0.010580209288221617,0.010504213270837677,0.00043529178023813715,0.01001001001001001,0.011185682326621925,0.009631989544430236,0.009520546261536068,0.0007069219237253846,0.008656239711695676,0.010580328490428169,0.11853139253024461,0.12017388741526673,0.009283147383870939,0.10447761194029852,0.13445378151260506,0.8589991509914399,0.8593976199626923,0.0030758509706079605,0.8538385629653931,0.8641234636306763,0.8307553172111511,0.831021249294281,0.0014570782110946898,0.8275858163833618,0.8326202034950256,0.8446395516395568,0.8451954424381256,0.002015639878949984,0.8414309620857239,0.8472251296043396,0.9550000000000001,1.0,0.06851601597031486,0.8,1.0,10,10,10,568.4,1.0,1.0,1,0.1,0.958224172062344,0.017076839005748648,45
gpt-4.1-nano,q11229,0.0,0.0,0.0,0.0,0.0,0.0,0.0,0.0,0.0,0.0,0.2682917879991377,0.2768898651719437,0.05209844978170288,0.1904761904761905,0.34090909090909094,0.08170681457521857,0.08022747156605425,0.010910651670145445,0.07121057985757884,0.10916179337231968,0.035923633722482216,0.03963071838574579,0.01731912527244265,0.010252280544746898,0.05726936626028448,0.14891431051281773,0.1454598883338231,0.016062577403601307,0.12578616352201258,0.17045454545454547,0.8709116816520691,0.8703722357749939,0.0023109350476240124,0.8673912286758423,0.874031662940979,0.8843029737472534,0.8854114413261414,0.004091838291807541,0.8773653507232666,0.8889750242233276,0.8775528550148011,0.8772788047790527,0.002761327313085547,0.873499870300293,0.8813493847846985,0.7222222222222222,0.7,0.26705700598270105,0.3,1.0,10,9,9,494.0,0.9,0.9,2,0.2,0.9599725643793742,0.014405204357815152,45
gpt-4.1-nano,q11246,0.0,0.0,0.0,0.0,0.0,0.0,0.0,0.0,0.0,0.0,0.24641448536407218,0.2497216035634744,0.01368862616995539,0.2154566744730679,0.26636568848758463,0.03519074144307337,0.033678755277386854,0.0039961554512541134,0.030921052631578946,0.04193881058783087,0.003594457707358526,0.0032617118784495974,0.0007857030301681913,0.002662420086716881,0.004693271431820867,0.13913988682524975,0.14011317324290368,0.004345274823266115,0.13114754098360656,0.14446952595936793,0.8636777341365814,0.8639255166053772,0.001725292355749698,0.8613113164901733,0.8668069243431091,0.8172924160957337,0.8206769526004791,0.007641917290980557,0.801713228225708,0.8245960474014282,0.8398294568061828,0.8411357700824738,0.004317576594383867,0.8304443955421448,0.8443084359169006,0.75,0.8,0.15986105077709067,0.4,0.9,10,10,10,780.5,1.0,1.0,1,0.1,0.9547638932863871,0.02425309125272126,45
gpt-4.1-nano,q12052,0.0,0.0,0.0,0.0,0.0,0.0,0.0,0.0,0.0,0.0,0.22420346678411196,0.22020202020202018,0.024223252692678537,0.19999999999999998,0.28571428571428575,0.20408873770957317,0.20822074100762628,0.018997253832546915,0.17494089834515367,0.23493975903614459,0.023351044667090655,0.022762355860208215,0.002913942218155158,0.020723887289296177,0.03048820182892172,0.1486789844393531,0.14415584415584415,0.021234905892012518,0.12903225806451613,0.20408163265306123,0.8493102192878723,0.8498813211917877,0.0024240579042736363,0.8463820815086365,0.8535138964653015,0.9540667831897736,0.9532033205032349,0.0031081032282676323,0.95035719871521,0.9617862105369568,0.8986444115638733,0.8979573249816895,0.002456764950492824,0.8965540528297424,0.9044210910797119,0.08,0.0,0.13165611772087665,0.0,0.3,10,10,10,326.4,1.0,1.0,1,0.1,0.9761719465255737,0.01518479552798506,45
gpt-4.1-nano,q124,0.0,0.0,0.0,0.0,0.0,0.0,0.0,0.0,0.0,0.0,0.29627212082873816,0.29406804226948113,0.014949415615924817,0.2773722627737226,0.3247232472324723,0.0345747815824479,0.0343585718155234,0.0007440751984177318,0.033787465940054495,0.03648424543946932,0.013241563625664695,0.0095060557785142,0.008161886433994296,0.004743201670417966,0.031501220685265646,0.1561655166891327,0.15642512345336515,0.0047538568825181,0.145985401459854,0.16296296296296298,0.8674502611160279,0.8683165311813354,0.0023197903682199822,0.8631829023361206,0.8705679774284363,0.802141547203064,0.8022190630435944,0.0007672213054888603,0.8003380298614502,0.802969753742218,0.8335178613662719,0.8342064321041107,0.0014365545568279115,0.8305733799934387,0.8353302478790283,0.575,0.55,0.17525491637693283,0.4,0.8,10,10,10,652.6,1.0,1.0,1,0.1,0.9743054217762417,0.009141098092227448,45
gpt-4.1-nano,q13034,0.0,0.0,0.0,0.0,0.0,0.0,0.0,0.0,0.0,0.0,0.5053469390248656,0.5148514851485149,0.03128726518133497,0.42857142857142855,0.5384615384615384,0.040036680770119557,0.038523274478330656,0.002749721077352048,0.037914691943127965,0.04554079696394687,0.11444595666750931,0.11480112666321497,0.04372586069290683,0.044951728314463694,0.1813006566272134,0.3723746820614281,0.37623762376237624,0.02150034316599429,0.32653061224489793,0.40384615384615385,0.8961711049079895,0.8957253098487854,0.003800386763439517,0.8877694606781006,0.9025586843490601,0.9180968463420868,0.9210236668586731,0.006598770838697166,0.9067243337631226,0.9278908967971802,0.9069879412651062,0.908198356628418,0.003854380847217946,0.897939920425415,0.9125065803527832,1.0,1.0,0.0,1.0,1.0,10,6,6,308.5,0.6,0.6,5,0.5,0.9800886644257439,0.016669670166975074,45
gpt-4.1-nano,q13067,0.0,0.0,0.0,0.0,0.0,0.0,0.0,0.0,0.0,0.0,0.18502644274640273,0.18391908328532103,0.022591844393678177,0.1391304347826087,0.21374045801526717,0.018517870865441592,0.009721697221697221,0.019797127663504697,0.007984031936127744,0.07166123778501629,0.006685015437137398,0.006799648485804931,0.0013019897190248112,0.0037880804373367463,0.008352459107774242,0.11347256891031195,0.1180551731732834,0.02204463524483646,0.0813008130081301,0.13953488372093023,0.8228911340236664,0.8207498788833618,0.005752601031621302,0.8156996965408325,0.830941915512085,0.8651355385780335,0.8645922839641571,0.0036907500424163326,0.8599442839622498,0.8724872469902039,0.8434742391109467,0.8412526547908783,0.003780463532907965,0.8394694924354553,0.8503748774528503,0.04,0.0,0.06992058987801011,0.0,0.2,10,10,10,663.4,1.0,1.0,1,0.1,0.9235896150271098,0.021529750337310954,45
gpt-4.1-nano,q13944,0.0,0.0,0.0,0.0,0.0,0.0,0.0,0.0,0.0,0.0,0.23496686126382707,0.23256070640176602,0.014598354981720456,0.21476510067114093,0.26582278481012656,0.04781112672009169,0.045792126737304775,0.009927773676012103,0.036561264822134384,0.06481481481481481,0.003292891322264453,0.0033253096158451056,0.0009461932667536328,0.002093167600387226,0.005485014020801391,0.11588329739290792,0.11400651465798045,0.009020023869367488,0.10596026490066225,0.13291139240506328,0.8672940969467163,0.8664308488368988,0.0048935777032438985,0.8609076738357544,0.8737324476242065,0.8033509135246277,0.802484005689621,0.004991766808550012,0.7973434329032898,0.8127704858779907,0.8340960323810578,0.8332866728305817,0.004693313889718779,0.8284573554992676,0.8421496748924255,0.82,0.85,0.09775252199076792,0.6,0.9,10,9,9,481.2,0.9,0.9,2,0.2,0.9356499486499362,0.022408567386057798,45
gpt-4.1-nano,q14403,0.0,0.0,0.0,0.0,0.0,0.0,0.0,0.0,0.0,0.0,0.3259570889374043,0.3108808290155441,0.03576709146971524,0.3005181347150259,0.4,0.07083146234992493,0.07120257621135448,0.0021016628964598194,0.06787330316742081,0.07517619420516837,0.059613750081191796,0.046700948368344083,0.026827979074828114,0.044664405912024724,0.11306872049211984,0.234093606266193,0.2181832901554404,0.03706015921548549,0.20512820512820512,0.3054187192118226,0.8874431848526001,0.8862802982330322,0.006060795307887791,0.8790947198867798,0.898034930229187,0.8619382977485657,0.8581464886665344,0.007945686187112723,0.8569049835205078,0.8781393766403198,0.8745000958442688,0.8716569244861603,0.006773770913056883,0.8685163855552673,0.8879757523536682,0.95,0.95,0.04714045207910319,0.9,1.0,10,9,9,441.8,0.9,0.9,2,0.2,0.9811961054801941,0.009123413064216311,45
gpt-4.1-nano,q14662,0.0,0.0,0.0,0.0,0.0,0.0,0.0,0.0,0.0,0.0,0.38508910603286123,0.41976790716286516,0.0674870904097117,0.25641025641025644,0.43999999999999995,0.3737993815399411,0.4190733685633526,0.07304214926420587,0.25,0.43312101910828027,0.04423658652834509,0.04924512628133479,0.007978003589787652,0.026912992152558907,0.05023076320278877,0.30108919950331053,0.3397358943577431,0.069217508562815,0.20338983050847456,0.36,0.8875882089138031,0.8905358910560608,0.009989912055781761,0.8635404109954834,0.8951109647750854,0.9449935972690582,0.9487212002277374,0.008208509409096487,0.9324554204940796,0.9526386857032776,0.9153846085071564,0.91887366771698,0.008854751210669413,0.8973718881607056,0.9226469993591309,0.7150000000000001,0.75,0.15643600040343086,0.4,0.9,10,7,7,276.7,0.7,0.7,4,0.4,0.9580867780579461,0.030176861259124537,45
gpt-4.1-nano,q14698,0.0,0.0,0.0,0.0,0.0,0.0,0.0,0.0,0.0,0.0,0.28994571313355466,0.292955056767645,0.01249591043839155,0.2730627306273063,0.30714285714285716,0.09903361257908751,0.09463128132236032,0.00840748258469511,0.0921603830041891,0.11198073449729079,0.023767267423815804,0.023920790369871926,0.003963324178404337,0.01784718669592735,0.030266890372296896,0.2146751343862348,0.21246561556524654,0.010088732783959763,0.2043795620437956,0.2335766423357664,0.89261953830719,0.8932627141475677,0.005710222369969151,0.8843182921409607,0.8996363282203674,0.838725882768631,0.8390174210071564,0.0033539027003053794,0.8324499130249023,0.8432294130325317,0.8648265719413757,0.865054577589035,0.0037372752420037174,0.8582327365875244,0.8703571557998657,0.99,1.0,0.02108185106778922,0.95,1.0,10,9,9,429.8,0.9,0.9,2,0.2,0.9664240969551934,0.009869387839674478,45
gpt-4.1-nano,q14779,0.0,0.0,0.0,0.0,0.0,0.0,0.0,0.0,0.0,0.0,0.16078677328411367,0.16329239960172587,0.02767494012894154,0.13138686131386865,0.203125,0.03224839711549413,0.031076926109151113,0.004840338599637555,0.028811524609843937,0.045662100456621,0.011030348091546545,0.0074366675909872,0.009007414716575016,0.006482491239183015,0.035171792329011665,0.09006630674676375,0.08792270531400967,0.018033510681013113,0.072992700729927,0.125,0.836862325668335,0.8359192609786987,0.004705257910846857,0.8329048156738281,0.848873496055603,0.8643795549869537,0.8635345697402954,0.0039900636780468195,0.8596839308738708,0.8716122508049011,0.8503916919231415,0.8489035069942474,0.003581085447564604,0.847720205783844,0.8588520884513855,0.38,0.4,0.1398411797560202,0.2,0.6,10,10,10,609.2,1.0,1.0,1,0.1,0.9426606363720365,0.023839657555751403,45
gpt-4.1-nano,q14872,0.0,0.0,0.0,0.0,0.0,0.0,0.0,0.0,0.0,0.0,0.30072123419943475,0.31306715063520874,0.05122311949284091,0.2,0.3673469387755102,0.3266176988045499,0.3275361956440199,0.05529825466204165,0.22530329289428075,0.4,0.07990236212032321,0.08337490171633424,0.01644459877902354,0.04884136987081432,0.1022763758993479,0.2673077637328308,0.27828191167574107,0.045531661771414114,0.1777777777777778,0.326530612244898,0.8644697427749634,0.863444060087204,0.013818051091233284,0.8350684642791748,0.8826279640197754,0.9622263789176941,0.9627256393432617,0.0020012798651396608,0.9583122730255127,0.964868426322937,0.9106862127780915,0.910550594329834,0.008220350202532629,0.8939440846443176,0.9215542674064636,0.14,0.2,0.09660917830792962,0.0,0.2,10,10,10,352.0,1.0,1.0,1,0.1,0.960690082444085,0.016095565863347563,45
gpt-4.1-nano,q150,0.0,0.0,0.0,0.0,0.0,0.0,0.0,0.0,0.0,0.0,0.09842673547261495,0.09941541716984963,0.00495234266486714,0.08941877794336811,0.10557184750733138,0.011616663914946824,0.011728327405472048,0.0036051342476274653,0.0059455751200548825,0.017272727272727273,1.674110767355781e-05,1.788900568379361e-05,6.443029761446629e-06,6.932962778489972e-06,2.685538665229005e-05,0.06688761339698998,0.067399303572732,0.004566228165944879,0.05961251862891208,0.07342143906020558,0.8332693099975585,0.8331552743911743,0.002576117247616484,0.8295431137084961,0.837898313999176,0.7497473537921906,0.7501101791858673,0.0032243242802570144,0.744341254234314,0.7548914551734924,0.7893030941486359,0.7897000312805176,0.002688869457674261,0.7846675515174866,0.7942319512367249,0.6649999999999999,0.6,0.10814085465005557,0.55,0.85,10,10,10,539.7,1.0,1.0,1,0.1,0.9361521760622661,0.01798054197775788,45
gpt-4.1-nano,q15239,0.0,0.0,0.0,0.0,0.0,0.0,0.0,0.0,0.0,0.0,0.24432077886323164,0.22918229557389347,0.030363292820167483,0.21666666666666667,0.30656934306569344,0.012652858618469612,0.01054303581630997,0.004656360665565039,0.00999000999000999,0.022396416573348264,0.007117663627637466,0.007500195492353898,0.0023023654882069794,0.004129202683891866,0.011711193039471223,0.13413965822429588,0.12698412698412698,0.02733522752937327,0.0967741935483871,0.1897810218978102,0.8544205963611603,0.8532839715480804,0.004784875744202256,0.8495420813560486,0.8610774874687195,0.7913727521896362,0.7907286584377289,0.0023282655855324953,0.7872951030731201,0.7948518395423889,0.8216820061206818,0.8214438259601593,0.002603948787376342,0.8188297152519226,0.8263283371925354,0.9800000000000001,1.0,0.025819888974716133,0.95,1.0,10,9,9,432.2,0.9,0.9,2,0.2,0.945036870903439,0.021439073039356018,45
gpt-4.1-nano,q15500,0.0,0.0,0.0,0.0,0.0,0.0,0.0,0.0,0.0,0.0,0.30040469778318163,0.29009139009139007,0.026651966044383756,0.26666666666666666,0.3389830508474576,0.12478894337280458,0.11488540974888616,0.026148108590358637,0.0997624703087886,0.17198335644937587,0.05693108600086929,0.054100546638778335,0.008967015891953017,0.046390317066691465,0.0731948396019082,0.21932582806551162,0.20759980759980762,0.027638424529041708,0.1925925925925926,0.2711864406779661,0.8710425913333892,0.8692009150981903,0.004749998732815093,0.8661171793937683,0.8795320987701416,0.8510919511318207,0.8517279028892517,0.0058001281887819925,0.8437750935554504,0.8597521185874939,0.8609427213668823,0.8612423539161682,0.00443531265221014,0.8549464344978333,0.8683289885520935,0.45,0.45,0.13540064007726602,0.2,0.6,10,10,10,454.0,1.0,1.0,1,0.1,0.9496802846590678,0.017155497253903938,45
gpt-4.1-nano,q15638,0.0,0.0,0.0,0.0,0.0,0.0,0.0,0.0,0.0,0.0,0.2690676065549745,0.26621120889300603,0.027266980200546416,0.21666666666666667,0.2992125984251969,0.02623172740443642,0.02195603971849995,0.013218456954411806,0.020905923344947737,0.06375442739079103,0.018310293243246376,0.009720608781889788,0.01886220722928196,0.00828322544671298,0.05409814225248385,0.14402005164649917,0.13655957238921776,0.02561891362782301,0.11666666666666667,0.1889763779527559,0.8293147504329681,0.8306770920753479,0.006037654697457571,0.8188976645469666,0.8381587266921997,0.6830435216426849,0.6819491684436798,0.003988082690012292,0.6781758069992065,0.6903836727142334,0.7490806400775909,0.7489598989486694,0.0017655413766133143,0.747135579586029,0.7531514167785645,0.54,0.5,0.11737877907772667,0.4,0.7,10,10,10,602.5,1.0,1.0,1,0.1,0.9570120175679525,0.012303561085555664,45
gpt-4.1-nano,q1581,0.0,0.0,0.0,0.0,0.0,0.0,0.0,0.0,0.0,0.0,0.2913635870140211,0.2886708387184545,0.025133917047086937,0.26612903225806456,0.3467741935483871,0.030484371623876717,0.030283910476493637,0.003940147819869115,0.02626123013130615,0.039814200398142006,0.005217140147123559,0.004988668678218872,0.0014646455079184856,0.003635254257781965,0.008909755141484645,0.13252047784443455,0.1330567081604426,0.009541504896534452,0.11764705882352941,0.1532258064516129,0.8741047203540802,0.8739193379878998,0.0025154273158373855,0.8692669868469238,0.8786504864692688,0.8126840591430664,0.8130134344100952,0.0040151673230840535,0.8065668940544128,0.8190925121307373,0.8422714412212372,0.843043327331543,0.00271947959547959,0.8367632031440735,0.8452237248420715,0.915,0.9,0.02415229457698239,0.9,0.95,10,10,10,520.0,1.0,1.0,1,0.1,0.931197624736362,0.025511944465412564,45
gpt-4.1-nano,q15840,0.0,0.0,0.0,0.0,0.0,0.0,0.0,0.0,0.0,0.0,0.2181945126368321,0.21603238866396762,0.03297006961887284,0.17283950617283952,0.28653295128939826,0.014178166372580603,0.008243350852046505,0.013247799964936068,0.0058823529411764705,0.043041606886657105,0.006817750531004807,0.0034329488174185832,0.008003720651857721,0.0019246685112448696,0.02736441905283917,0.128439199861692,0.12615384615384617,0.016069999114348935,0.10493827160493827,0.16045845272206305,0.8518041253089905,0.8549235463142395,0.010918968084897257,0.8334712982177734,0.8645357489585876,0.8278486430644989,0.8259705007076263,0.006058200963275149,0.8202203512191772,0.8393566608428955,0.8396161794662476,0.8405141532421112,0.0062960158503291685,0.8280150294303894,0.8493974804878235,0.8388888888888889,0.85,0.048591265790377515,0.75,0.9,10,10,10,630.7,1.0,1.0,1,0.1,0.9176195502281189,0.018117328641575985,45
gpt-4.1-nano,q15842,0.0,0.0,0.0,0.0,0.0,0.0,0.0,0.0,0.0,0.0,0.20267461676866735,0.20638675340035484,0.018433054142094375,0.17341040462427745,0.22485207100591714,0.05203512054700872,0.05202471278849474,0.00854094668100091,0.03185247275775356,0.06306306306306306,0.004419480591747493,0.004413737450182708,0.0006163717605350415,0.0035175252659892164,0.00541863820838027,0.09331746864817561,0.09302640029746814,0.009397604157147067,0.0790960451977401,0.10650887573964497,0.832048523426056,0.8299679458141327,0.004435897368591019,0.8264423608779907,0.8392128348350525,0.8018199980258942,0.8007809519767761,0.002589796369273288,0.7989897131919861,0.8055370450019836,0.8166519463062286,0.8146675825119019,0.0032261144701607436,0.8140676021575928,0.8216971755027771,0.915,0.9,0.0625832778517286,0.8,1.0,10,10,10,457.1,1.0,1.0,1,0.1,0.9624143560727437,0.017228461068481124,45
gpt-4.1-nano,q15996,0.0,0.0,0.0,0.0,0.0,0.0,0.0,0.0,0.0,0.0,0.15814078462448783,0.16347863803947082,0.018289296746381214,0.12096774193548389,0.1811320754716981,0.0293995178554781,0.02810328533246676,0.005446037970734035,0.025099828864803195,0.04446978335233751,0.0028132212922436276,0.00231050951449129,0.0015276078571985878,0.0010313954364934651,0.004996048699515184,0.09837223505260646,0.09848484848484848,0.006938921104196589,0.08870967741935484,0.1081081081081081,0.8268415868282318,0.8277125954627991,0.0034316312774639994,0.8211097717285156,0.8309052586555481,0.7637012600898743,0.7640094459056854,0.003084180979900459,0.7574761509895325,0.7674496173858643,0.7940153419971466,0.7943980693817139,0.0028393518587679087,0.7880104184150696,0.7977553606033325,0.62,0.6499999999999999,0.3823901439919996,0.1,1.0,10,10,10,533.5,1.0,1.0,1,0.1,0.9536800066630046,0.018141707422530583,45
gpt-4.1-nano,q16182,0.0,0.0,0.0,0.0,0.0,0.0,0.0,0.0,0.0,0.0,0.2265163654635483,0.21944777911164465,0.013114941463613024,0.21428571428571427,0.25396825396825395,0.03387593889632391,0.0336071845676775,0.009263465888515687,0.016300940438871474,0.050219711236660386,0.00427018511292166,0.004374003449532768,0.0010784940783122063,0.0019184461879548538,0.005717547253973788,0.1363073718121654,0.1370967741935484,0.013854980169837477,0.11618257261410787,0.15873015873015875,0.8758233308792114,0.8743821978569031,0.005692253106321754,0.8701767325401306,0.8898049592971802,0.8168956339359283,0.8159246146678925,0.0020957456727723565,0.8148708939552307,0.8211356997489929,0.845322597026825,0.8441923260688782,0.0025239119088441013,0.8426645398139954,0.8506909012794495,0.77,0.775,0.07149203529842402,0.6,0.85,10,9,9,469.9,0.9,0.9,2,0.2,0.9481462134255303,0.024252383306884482,45
gpt-4.1-nano,q16186,0.0,0.0,0.0,0.0,0.0,0.0,0.0,0.0,0.0,0.0,0.23629345286721243,0.23493975903614459,0.010203861896377382,0.22006472491909385,0.2588235294117647,0.009224037961490222,0.008035611270617839,0.004343902174847471,0.0032397408207343412,0.01695813460519343,0.0039482185890743595,0.004025885463972241,0.0022906738984478417,0.001473597049750869,0.008849398860788102,0.12269618546761782,0.12030320024603361,0.009902702764022338,0.11343283582089551,0.14117647058823526,0.8321411550045014,0.8321565985679626,0.002829792839227582,0.8270649909973145,0.8355824947357178,0.7732102274894714,0.7740141749382019,0.004104936043307274,0.7646615505218506,0.778354823589325,0.8015841186046601,0.8017023503780365,0.002043897411776397,0.79826819896698,0.8053871989250183,0.9549999999999998,0.95,0.03689323936863109,0.9,1.0,10,10,10,576.0,1.0,1.0,1,0.1,0.9497979203859965,0.013548919132385958,45
gpt-4.1-nano,q1625,0.0,0.0,0.0,0.0,0.0,0.0,0.0,0.0,0.0,0.0,0.30042492383892166,0.3023570632266285,0.012048685691072588,0.2826086956521739,0.3214285714285714,0.045368640949467895,0.042616034474238895,0.011695279936725565,0.03480278422273782,0.06715165081141578,0.0079280914123729,0.0066231354107496795,0.005735278177575231,0.00331907912678392,0.01914496762997201,0.15922277470220575,0.1554945054945055,0.008898225353101452,0.14705882352941177,0.17421602787456447,0.8802975714206696,0.8806359171867371,0.0045606502503881,0.8730711340904236,0.8876830339431763,0.8146706342697143,0.8149625957012177,0.003547852509392723,0.8099592328071594,0.8214383721351624,0.846205472946167,0.8473877608776093,0.0029345625452067113,0.8412145376205444,0.8494841456413269,0.875,0.875,0.04249182927993991,0.8,0.95,10,10,10,544.3,1.0,1.0,1,0.1,0.961320948600769,0.018793510474980114,45
gpt-4.1-nano,q16323,0.0,0.0,0.0,0.0,0.0,0.0,0.0,0.0,0.0,0.0,0.2006480801285356,0.20321362042230806,0.017954082801225527,0.17105263157894737,0.23270440251572325,0.039066271662910775,0.03992110895824326,0.019118694044467074,0.01610468042274786,0.06327800829875518,0.0032133945159101597,0.0029380826187565207,0.0010015879499742063,0.001774582171510924,0.004695251128224888,0.11155527144446922,0.10868055555555556,0.01323498525073002,0.09584664536741215,0.13504823151125403,0.8516543984413147,0.851372629404068,0.0021951390490072115,0.8476389646530151,0.8549396991729736,0.7225221753120422,0.7221151888370514,0.003913208537499948,0.714998722076416,0.7281616926193237,0.781782579421997,0.7814895212650299,0.0018840362728219202,0.7783006429672241,0.7846264839172363,0.7388888888888888,0.7,0.11395661942647786,0.6,0.95,10,10,10,588.2,1.0,1.0,1,0.1,0.9454960187276205,0.013104566574169536,45
gpt-4.1-nano,q2381,0.0,0.0,0.0,0.0,0.0,0.0,0.0,0.0,0.0,0.0,0.2907544892372463,0.28312252964426876,0.014205703967974855,0.27636363636363637,0.31541218637992835,0.04450580863697627,0.044538072044228355,0.00035561103327151877,0.04391691394658754,0.04509445460085314,0.019548302805777313,0.019137337970590154,0.0019931049307493785,0.01714548449445502,0.022752843356980808,0.19269381490256188,0.19529901114424736,0.0068569129386848405,0.18115942028985504,0.2007168458781362,0.8579169332981109,0.8572655320167542,0.0023622427033532117,0.8553332090377808,0.8624297976493835,0.803762799501419,0.8035412430763245,0.0023597473127845944,0.7999567985534668,0.8071066737174988,0.8299553692340851,0.8293555974960327,0.0019229043964453301,0.8273314237594604,0.8334512710571289,0.8666666666666667,0.9,0.05590169943749474,0.75,0.9,10,10,10,591.1,1.0,1.0,1,0.1,0.9794134855270386,0.008630757223837708,45
gpt-4.1-nano,q2519,0.0,0.0,0.0,0.0,0.0,0.0,0.0,0.0,0.0,0.0,0.13655183830214837,0.1292517006802721,0.011283479512994457,0.1283783783783784,0.1563517915309446,0.011286967243017011,0.011117287381878822,0.0008183075642554903,0.010643959552953698,0.013303769401330377,7.159248298275213e-05,3.219182420418675e-05,6.230047142720872e-05,2.6380395362618513e-05,0.00019689942986903658,0.07101464734062204,0.07007917921266868,0.0038853870986807117,0.06644518272425251,0.0781758957654723,0.8613319158554077,0.861842155456543,0.0023481455626326005,0.8551119565963745,0.8628323078155518,0.7541728854179383,0.7537591457366943,0.0012878454468426546,0.7520442008972168,0.7566477060317993,0.8041970014572144,0.8046160936355591,0.0014187883057021817,0.8002731800079346,0.8051086068153381,0.0,0.0,0.0,0.0,0.0,10,6,6,235.7,0.6,0.6,4,0.4,0.9783523400624593,0.013169952123221229,45
gpt-4.1-nano,q2989,0.0,0.0,0.0,0.0,0.0,0.0,0.0,0.0,0.0,0.0,0.16331956002153936,0.16495739844170265,0.013503633680835313,0.1373134328358209,0.18497109826589597,0.024705974338279712,0.025347282683290076,0.004326537674924744,0.01725703905540418,0.03146067415730337,0.0008511052927390881,0.000815811172340029,0.0001955447723852749,0.0005763603098653105,0.0011119911336650978,0.09434022242184541,0.0931683336158671,0.009860696660443579,0.08092485549132948,0.11695906432748537,0.8391169309616089,0.8397642374038696,0.0055791020802629125,0.8286879062652588,0.8456463813781738,0.7711930453777314,0.7713264524936676,0.00462200116496796,0.7630099058151245,0.7784715294837952,0.8037174701690674,0.8042306303977966,0.004620524338065329,0.7944939136505127,0.8090968728065491,0.4,0.35,0.21081851067789195,0.2,0.9,10,10,10,540.6,1.0,1.0,1,0.1,0.9237553596496582,0.024014503508742745,45
gpt-4.1-nano,q3155,0.0,0.0,0.0,0.0,0.0,0.0,0.0,0.0,0.0,0.0,0.4337106107302623,0.4457831325301205,0.029041480604924345,0.3932584269662921,0.4774193548387097,0.11501653500295028,0.11106496565860524,0.012380549873871334,0.10579345088161209,0.14885496183206107,0.16486349575776033,0.16528471923061278,0.01384470465073478,0.1427211443964353,0.18469414690460215,0.26440348842932093,0.2609967573664176,0.0206570912363762,0.23595505617977527,0.29677419354838713,0.8832281470298767,0.8848609924316406,0.006643314114412193,0.8726154565811157,0.8911147117614746,0.9064348638057709,0.9075645804405212,0.0031007999941783044,0.9008051156997681,0.9099162220954895,0.8946771323680878,0.8963050842285156,0.004867215041692918,0.8864862322807312,0.9004173278808594,0.9125,0.9,0.03535533905932736,0.85,0.95,10,10,10,644.7,1.0,1.0,1,0.1,0.9692621019151476,0.01489089539579843,45
gpt-4.1-nano,q3456,0.0,0.0,0.0,0.0,0.0,0.0,0.0,0.0,0.0,0.0,0.4361426512383922,0.44173779882596487,0.02259944832716206,0.3956043956043956,0.46783625730994155,0.0944978110599902,0.09441482203053103,0.0040923636653606805,0.08815028901734104,0.10099337748344371,0.14368703667206315,0.14611606404764493,0.016956662244360318,0.12441020850461275,0.1744582069860488,0.29121036742394946,0.28905597326649957,0.018079331373079918,0.2639593908629442,0.324022346368715,0.9088611304759979,0.906226634979248,0.0052080550129580475,0.9034873247146606,0.9183610081672668,0.8955059945583344,0.8959458768367767,0.00406321685364372,0.8880056142807007,0.9014037847518921,0.90212442278862,0.9022233486175537,0.0034504843138927197,0.8956795930862427,0.9070352911949158,0.875,0.875,0.04249182927993988,0.8,0.95,10,10,10,632.7,1.0,1.0,1,0.1,0.9454993963241577,0.02210747841255689,45
gpt-4.1-nano,q3838,0.0,0.0,0.0,0.0,0.0,0.0,0.0,0.0,0.0,0.0,0.4312088025458013,0.432999432999433,0.023170074408962085,0.38888888888888895,0.4594594594594595,0.03170877834281208,0.03562083895898319,0.012097868532707237,0.015184381778741865,0.045346062052505964,0.11180899830928344,0.1106173318867665,0.009335143036247556,0.0999240155283856,0.13242098117210138,0.279790227534543,0.28474903474903474,0.01942679345084631,0.24489795918367346,0.2978723404255319,0.8955003499984742,0.8962692618370056,0.004891294823713134,0.8884978294372559,0.90265291929245,0.9051956951618194,0.905154675245285,0.004328625031669065,0.898880660533905,0.9109652042388916,0.9003163576126099,0.9018201231956482,0.003974540647104088,0.8936591148376465,0.9042578935623169,0.5555555555555556,0.6,0.16666666666666663,0.3,0.8,10,10,10,529.5,1.0,1.0,1,0.1,0.9524084448814392,0.010943056272075686,45
gpt-4.1-nano,q4150,0.0,0.0,0.0,0.0,0.0,0.0,0.0,0.0,0.0,0.0,0.1865737679622114,0.18740889369072727,0.017921535641976502,0.15789473684210528,0.21142857142857147,0.016173650849748984,0.015838102493589506,0.000782952383062805,0.014866637516397026,0.017391304347826087,0.001674012162877585,0.0015689548413773847,0.0003086160004192343,0.0014435852695857338,0.002355244055113833,0.11312852747851702,0.11747455580472659,0.010012635513520853,0.09941520467836257,0.12316715542521994,0.8399821043014526,0.8402941823005676,0.004070904466385086,0.8332730531692505,0.846430778503418,0.7683367371559143,0.767430305480957,0.005015185796167916,0.7633423805236816,0.7758140563964844,0.8025582611560822,0.8028039634227753,0.004095260678664142,0.7970949411392212,0.8083178400993347,0.6111111111111112,0.6,0.10540925533894599,0.5,0.8,10,10,10,519.3,1.0,1.0,1,0.1,0.9611165550020005,0.016845637314291565,45
gpt-4.1-nano,q5023,0.0,0.0,0.0,0.0,0.0,0.0,0.0,0.0,0.0,0.0,0.37423922418323496,0.37423620611035113,0.011333982283607009,0.35714285714285715,0.3937007874015748,0.16445853053703488,0.16458398359120702,0.0016472116444504056,0.16100178890876565,0.1674937965260546,0.12037621354987808,0.1208028009050359,0.0026864659786206865,0.11646607129764822,0.1255421289966053,0.25099027656324757,0.2558139534883721,0.010173854834930546,0.234375,0.2625482625482625,0.8995997965335846,0.8999308943748474,0.00159869066298251,0.8969982862472534,0.9025145769119263,0.8854704022407531,0.8859691917896271,0.0010906039097598886,0.8838056325912476,0.886601448059082,0.8924788653850555,0.892839103937149,0.0012475966323760564,0.8904685378074646,0.8940622210502625,0.8875,0.9,0.058248237251071776,0.75,0.95,10,10,10,741.1,1.0,1.0,1,0.1,0.9826127476162381,0.008889389898872618,45
gpt-4.1-nano,q5872,0.0,0.0,0.0,0.0,0.0,0.0,0.0,0.0,0.0,0.0,0.27916362740208905,0.28587634713556437,0.0368335650617386,0.21212121212121213,0.3225806451612903,0.030598134784966157,0.025301906009020804,0.01505289347466578,0.013820335636722606,0.05473204104903079,0.014338633172266163,0.014053739215737132,0.0012571102807861906,0.012295410222701867,0.015945478225928292,0.17590614786805853,0.17886178861788618,0.013439929117615235,0.1515151515151515,0.1935483870967742,0.8873934149742126,0.8881064355373383,0.0034981981282906443,0.8813672661781311,0.8910277485847473,0.8756464838981628,0.8753475546836853,0.003059393496200451,0.8709117770195007,0.8797674179077148,0.8814786612987519,0.8823521435260773,0.0029416196147283528,0.8761083483695984,0.8850902318954468,0.96,0.95,0.0316227766016838,0.9,1.0,10,10,10,465.0,1.0,1.0,1,0.1,0.9700632558928596,0.018531561684154884,45
gpt-4.1-nano,q6028,0.0,0.0,0.0,0.0,0.0,0.0,0.0,0.0,0.0,0.0,0.38627707115093657,0.38977374826431427,0.01760444619600953,0.35064935064935066,0.4102564102564103,0.05419138187439092,0.05574254737040451,0.012516359305602727,0.0365296803652968,0.06946983546617916,0.04841512346888536,0.0530298014109101,0.014800479237623548,0.030436525362370556,0.06485847781789836,0.2391706526127591,0.24204803635183386,0.016189596874999775,0.2085889570552147,0.2641509433962264,0.8642582476139069,0.8632684051990509,0.004013825563700614,0.8589687943458557,0.8712843656539917,0.8957978904247283,0.8961741626262665,0.0042162255356387535,0.8890032172203064,0.9014014005661011,0.8797358989715576,0.8803525567054749,0.0027409368958042743,0.8743448853492737,0.883125364780426,0.984,1.0,0.021705094128132957,0.95,1.0,10,10,10,696.7,1.0,1.0,1,0.1,0.9476444866922167,0.01599538411545837,45
gpt-4.1-nano,q6235,0.0,0.0,0.0,0.0,0.0,0.0,0.0,0.0,0.0,0.0,0.3896570310460937,0.39213675213675214,0.01828247204418646,0.3594470046082949,0.4104803493449782,0.06756627828577019,0.06559214005534988,0.011014747393224557,0.05341614906832298,0.0825147347740668,0.06544756324070584,0.0655496789660802,0.004225033238930847,0.05937455181687729,0.0721469396820336,0.22547356308755112,0.22321873442949675,0.008048242733263397,0.21296296296296297,0.23728813559322035,0.8756434381008148,0.8750213384628296,0.003792456688440355,0.8706499338150024,0.8846741914749146,0.8783784627914428,0.8788979053497314,0.0032978393774700495,0.8730920553207397,0.8828655481338501,0.8770045518875123,0.8764986395835876,0.002904254322902499,0.8718692660331726,0.8818235397338867,0.95,0.95,0.033333333333333326,0.9,1.0,10,10,10,769.7,1.0,1.0,1,0.1,0.958183315065172,0.013877746937982119,45
gpt-4.1-nano,q6245,0.0,0.0,0.0,0.0,0.0,0.0,0.0,0.0,0.0,0.0,0.4035680678889104,0.40289855072463765,0.007343628865558537,0.39160839160839156,0.4117647058823529,0.09570161583502008,0.1082769684356573,0.020873389980716254,0.06172839506172839,0.11075612353567625,0.028126643479459736,0.028451509134467444,0.0009962832983936034,0.02632054780919334,0.029091877958483184,0.24591632693255278,0.24727599703797737,0.004473252148056733,0.23776223776223773,0.25,0.8992588818073273,0.8986914753913879,0.0018931491468049608,0.8981311321258545,0.9044078588485718,0.8914223074913025,0.8906953036785126,0.0021245009062366904,0.8899367451667786,0.8968946933746338,0.8953231394290924,0.8945874273777008,0.0019365464740785845,0.8942927122116089,0.9006356000900269,0.99,1.0,0.021081851067789224,0.95,1.0,10,8,8,506.8,0.8,0.8,3,0.3,0.9909480055173238,0.005014024488146551,45
gpt-4.1-nano,q6483,0.0,0.0,0.0,0.0,0.0,0.0,0.0,0.0,0.0,0.0,0.26252660696933683,0.26398893881783614,0.01335178748136351,0.234375,0.2814814814814815,0.01938707826657528,0.021108467447290096,0.0029902430505520028,0.013485477178423237,0.022123893805309734,0.006062313388970178,0.005712648500564774,0.00212869351677024,0.0037122884265264346,0.00898051688717485,0.13607943473156403,0.13205128205128203,0.012673489049721525,0.12260536398467432,0.16296296296296298,0.8683865308761597,0.8689197897911072,0.007622763961200288,0.8562474250793457,0.8792105317115784,0.8426172792911529,0.8425226211547852,0.002583928426404877,0.8388426303863525,0.8470610976219177,0.8552894592285156,0.8551553785800934,0.0037139539072947834,0.8490265607833862,0.8601180911064148,0.75,0.75,0.1247219128924647,0.5,0.9,10,10,10,683.7,1.0,1.0,1,0.1,0.936413127846188,0.02155493941922229,45
gpt-4.1-nano,q7773,0.0,0.0,0.0,0.0,0.0,0.0,0.0,0.0,0.0,0.0,0.30431801179687745,0.30799635147461235,0.009700592696773045,0.28112449799196787,0.312,0.1259230635844359,0.1311949373595999,0.01932505327285426,0.10092807424593968,0.15852885225110971,0.036116190872392887,0.03647850203861806,0.0018508193176273431,0.032575931357541416,0.03843616688803883,0.19185491301613522,0.19523809523809527,0.012335665790490268,0.1739130434782609,0.20920502092050208,0.8840423345565795,0.8844433128833771,0.0018053770648928606,0.8810790181159973,0.887226402759552,0.8588084220886231,0.8590085506439209,0.001814647043868043,0.8561304211616516,0.861136794090271,0.8712416529655457,0.8705452084541321,0.0014996553090116482,0.8697746396064758,0.8739868998527527,0.95,0.95,0.0,0.95,0.95,10,9,9,689.0,0.9,0.9,2,0.2,0.9753589762581719,0.009708019861543769,45
gpt-4.1-nano,q7888,0.0,0.0,0.0,0.0,0.0,0.0,0.0,0.0,0.0,0.0,0.09753980527792486,0.10346112353052395,0.01517170039727053,0.07520891364902507,0.1142857142857143,0.0033636573008414667,0.003185342744758008,0.0006639125327242461,0.002600216684723727,0.004302000430200043,5.334009323533771e-07,2.408949405340201e-07,6.487091884334167e-07,2.5292910278479717e-09,1.5735836033072311e-06,0.06195675697483588,0.06151652426124854,0.005857289629637501,0.052924791086350974,0.07046070460704609,0.8399928271770477,0.8394095599651337,0.0034779610694806967,0.8354679346084595,0.8447926044464111,0.7895282149314881,0.7900972962379456,0.0032876617205326634,0.7840467691421509,0.7938295006752014,0.813975065946579,0.8140020072460175,0.002787721953734753,0.8097438216209412,0.8169838786125183,0.76,0.725,0.11498792207106895,0.6,1.0,10,9,9,408.3,0.9,0.9,2,0.2,0.9621282445059882,0.012347737143273321,45
gpt-4.1-nano,q7954,0.0,0.0,0.0,0.0,0.0,0.0,0.0,0.0,0.0,0.0,0.24334037878361184,0.2479338842975207,0.020334876238418242,0.19858156028368795,0.2635658914728682,0.012705291090735973,0.011236309692895245,0.0036160706158320788,0.009345794392523364,0.018583042973286876,0.004916959187014155,0.00493165034841005,0.0003612655218458714,0.004023490961120583,0.0053437335794352,0.1193989615727249,0.11938970120788303,0.01597823252688629,0.0851063829787234,0.13953488372093023,0.8312821626663208,0.8310577869415283,0.0029142726479499848,0.8275058269500732,0.8358190655708313,0.8253033936023713,0.8241766095161438,0.003087007222235423,0.8214238882064819,0.8307526707649231,0.8282817363739013,0.8274427950382233,0.002964094287611506,0.8245381116867065,0.8332781791687012,0.915,0.975,0.18416478128748356,0.4,1.0,10,10,10,553.5,1.0,1.0,1,0.1,0.9624403357505799,0.015899135823484505,45
gpt-4.1-nano,q8831,0.0,0.0,0.0,0.0,0.0,0.0,0.0,0.0,0.0,0.0,0.30686734520814546,0.30633273573459374,0.02402876664729999,0.26315789473684215,0.34285714285714286,0.03653908443179101,0.03593482239307548,0.00249542072947993,0.03365695792880259,0.03986254295532646,0.0594335715070123,0.06813093888018681,0.023038065048329597,0.02380655747358671,0.08313207696705717,0.19333442304675902,0.20330663911134073,0.026345064482800697,0.14912280701754388,0.2175732217573222,0.8658474326133728,0.865536630153656,0.004668841889491083,0.8582731485366821,0.8740098476409912,0.8510758996009826,0.8511028587818146,0.0062487259143100115,0.8395794630050659,0.8585063219070435,0.858382624387741,0.8578930199146271,0.003985023233074264,0.850492537021637,0.8630045056343079,0.8666666666666667,0.9,0.051639777949432204,0.8,0.9,10,10,10,599.5,1.0,1.0,1,0.1,0.9629992352591621,0.012756933805578238,45
gpt-4.1-nano,q8903,0.0,0.0,0.0,0.0,0.0,0.0,0.0,0.0,0.0,0.0,0.32055747911909166,0.3182221893272149,0.017454603160170133,0.29437229437229434,0.3445378151260505,0.05669891823705664,0.05286898411175134,0.020475810456854128,0.03506493506493506,0.08597603946441155,0.03348754432788046,0.041803217909056944,0.016488565808930492,0.012476549117630725,0.05001532234409639,0.19790501801059351,0.1972108747710945,0.017214327643352585,0.1724137931034483,0.2222222222222222,0.8800128936767578,0.8787343502044678,0.004305360387802956,0.87546706199646,0.8886573910713196,0.8503165543079376,0.8500153422355652,0.002570451266792281,0.8461394309997559,0.8541115522384644,0.8649027705192566,0.8655237257480621,0.002321653311971554,0.8605534434318542,0.8676518797874451,0.7928571428571428,0.9,0.35287931297231,0.0,1.0,10,10,10,634.3,1.0,1.0,1,0.1,0.966342024008433,0.014186445802814562,45
gpt-4.1-nano,q8995,0.0,0.0,0.0,0.0,0.0,0.0,0.0,0.0,0.0,0.0,0.3255755167959899,0.32166518936946953,0.02031770087503729,0.3020408163265306,0.34980988593155893,0.07568328017258417,0.07546743877004516,0.029586958536475846,0.0341221794166208,0.10621348911311737,0.039311585363669375,0.039222119884106815,0.007690173110525489,0.03093811855042021,0.04787647723445878,0.22247390438234027,0.2235075735075735,0.009056972066810744,0.20392156862745095,0.236734693877551,0.8873121321201325,0.8885338008403778,0.005975316002675407,0.8770135641098022,0.8984603881835938,0.8545582711696624,0.854923665523529,0.006229982099922094,0.8473981618881226,0.8608788251876831,0.8706140875816345,0.8731929361820221,0.004960333548050132,0.8631079792976379,0.875314474105835,0.89375,0.9,0.032043497223082786,0.85,0.95,10,9,9,647.5,0.9,0.9,2,0.2,0.9692566315333049,0.015239341318254626,45
gpt-4.1-nano,q9738,0.0,0.0,0.0,0.0,0.0,0.0,0.0,0.0,0.0,0.0,0.21392714115616265,0.21638300636611668,0.019961565302190235,0.18497109826589597,0.24309392265193372,0.015841620749963238,0.015041343904495384,0.004044125608987015,0.011904761904761904,0.025796661608497723,0.009646177405576488,0.009486354234870006,0.0005546048773710251,0.009013881710257743,0.010586002656096723,0.1273790314108891,0.1264409578860446,0.010634888108079665,0.10869565217391304,0.14130434782608695,0.8492579281330108,0.8495272994041443,0.004012450623274279,0.8417029976844788,0.8548343181610107,0.8596321642398834,0.8600461781024933,0.0030355209323893726,0.8542131781578064,0.8639295101165771,0.8544119715690612,0.8547543585300446,0.003347694182269213,0.8479119539260864,0.8583453893661499,0.765,0.8,0.10554093465991714,0.6,0.9,10,10,10,665.1,1.0,1.0,1,0.1,0.9566394488016764,0.01617962004954687,45
gpt-4.1-nano,q9855,0.0,0.0,0.0,0.0,0.0,0.0,0.0,0.0,0.0,0.0,0.10948280556624304,0.1077496891835889,0.018363260808000992,0.09022556390977443,0.13636363636363638,0.018510850739228653,0.018499564287411868,0.00027998019640036433,0.018255578093306288,0.019128586609989374,0.008230813262896753,0.008130517999051196,0.0010593899042775142,0.007162734790293105,0.009490574585599616,0.08063283994805606,0.08339551167996326,0.019043419242033337,0.06015037593984963,0.10606060606060608,0.8431068062782288,0.8433526158332825,0.0025261408479901604,0.8369369506835938,0.8459326028823853,0.8143823623657227,0.8144723176956177,0.00037225400606154594,0.8137586116790771,0.8150541186332703,0.8284940481185913,0.8285738527774811,0.0012700590823010176,0.8254653811454773,0.8299157023429871,0.82,1.0,0.38239014399199966,0.0,1.0,10,9,9,421.0,0.9,0.9,2,0.2,0.9711514459715949,0.015547171016376211,45
llama3.1:8b,q10088,0.0,0.0,0.0,0.0,0.0,0.0,0.0,0.0,0.0,0.0,0.3006101360614204,0.30617855285364015,0.017658450955613126,0.27361563517915305,0.3225806451612903,0.026646127831360195,0.026673146797877037,0.0022095913367331517,0.023441662226957913,0.029697900665642603,0.023198840192372998,0.022679388415842276,0.004234123989681748,0.017210878713742796,0.028805319596336393,0.1833933608592296,0.18604651162790697,0.012927267780319052,0.15894039735099336,0.19935691318327972,0.8657198131084443,0.8682997226715088,0.007382079599574489,0.8530380129814148,0.8752032518386841,0.8286012589931488,0.828114777803421,0.005432455545763089,0.8174754977226257,0.8367363214492798,0.8467203974723816,0.8468626141548157,0.003143408258625735,0.8412435054779053,0.8519635796546936,0.7875,0.9,0.22795676281761354,0.3,0.95,10,10,10,505.8,1.0,1.0,1,0.1,0.9338679975933499,0.01616399482016208,45
llama3.1:8b,q10280,0.0,0.0,0.0,0.0,0.0,0.0,0.0,0.0,0.0,0.0,0.18044747684476062,0.18105550677982635,0.013904535376332034,0.16176470588235295,0.20634920634920637,0.020662509146046323,0.019091941251829052,0.0054607003343457704,0.013307984790874524,0.03189493433395872,0.00551054235407212,0.004324705747504586,0.0021419542132620375,0.003718964249239619,0.009168701224884352,0.11780261884417098,0.11764705882352941,0.00767316130181226,0.1037037037037037,0.12987012987012986,0.8414525270462037,0.8397294580936432,0.0044820594201953915,0.8353109955787659,0.850419819355011,0.8453356206417084,0.8466672301292419,0.0037621693316860967,0.8368442058563232,0.8494887948036194,0.8433817803859711,0.8437196612358093,0.003135420411220974,0.8384437561035156,0.8489425182342529,0.79,1.0,0.41753243386991307,0.0,1.0,10,10,10,556.1,1.0,1.0,1,0.1,0.9506792399618361,0.02007692671638954,45
llama3.1:8b,q1035,0.0,0.0,0.0,0.0,0.0,0.0,0.0,0.0,0.0,0.0,0.21190059789564958,0.2145034684191311,0.009115861330988113,0.19692307692307692,0.2218934911242604,0.02469985371893211,0.026504038431600405,0.006171149462495629,0.017055430147980936,0.03230616302186879,0.004787244823630458,0.00470634023149004,0.0009705453148323257,0.0029387096191046463,0.006278282568461482,0.11716173167393326,0.11720570437672728,0.006538904299433388,0.10510046367851623,0.12721893491124261,0.8129538834095001,0.8124048411846161,0.005837309176732165,0.8036391735076904,0.8208997845649719,0.7606879115104676,0.7602203488349915,0.002410646172654671,0.7576820850372314,0.7653849720954895,0.7859438240528107,0.7853170037269592,0.0032672515179149354,0.7808145880699158,0.7916364073753357,0.4375,0.3,0.3449033681095813,0.2,0.95,10,10,10,1002.3,1.0,1.0,1,0.1,0.9256681336296929,0.013688081406406788,45
llama3.1:8b,q10548,0.0,0.0,0.0,0.0,0.0,0.0,0.0,0.0,0.0,0.0,0.3333083195210885,0.3273779166135407,0.03278610878249063,0.29718875502008035,0.3863636363636364,0.010428546849982859,0.01052649218498583,0.0004359366126403773,0.00974025974025974,0.010982306284319707,0.06739535247555098,0.06181949403187884,0.01554735742184713,0.04934760887648518,0.08991232101853289,0.22609116479274904,0.21954484605087016,0.026664804385159478,0.19166666666666668,0.2781954887218045,0.8680866003036499,0.8715104162693024,0.007136772571110173,0.8554461002349854,0.8756345510482788,0.8464787423610687,0.8444225192070007,0.009695884101816618,0.8303768038749695,0.8604735136032104,0.8571086585521698,0.8583813011646271,0.006118991560393037,0.8483351469039917,0.8664998412132263,0.8222222222222223,0.9,0.19860625479688307,0.5,1.0,10,10,10,591.8,1.0,1.0,1,0.1,0.9324769430690342,0.01622215470395846,45
llama3.1:8b,q10910,0.0,0.0,0.0,0.0,0.0,0.0,0.0,0.0,0.0,0.0,0.2224644427201205,0.20635644768856448,0.02632714097147312,0.20143884892086333,0.2677165354330709,0.010420824369544562,0.010267113612885544,0.0007044398082687108,0.009302325581395349,0.011560693641618497,0.00911767985984609,0.008593351966155831,0.002548120445075338,0.006835068380748585,0.015413516026456322,0.12328822924679086,0.12549212598425197,0.021675915385115624,0.09790209790209792,0.15503875968992248,0.859023779630661,0.8617243766784668,0.009286747145425166,0.8402168154716492,0.8707245588302612,0.8336633265018463,0.8322828710079193,0.0055079711726288005,0.8266923427581787,0.8427547812461853,0.8461225271224976,0.8454914093017578,0.005313604011788973,0.8393862247467041,0.8554103374481201,0.76,0.9,0.3565264521898917,0.0,1.0,10,10,10,584.2,1.0,1.0,1,0.1,0.9389575494660272,0.02094236547557703,45
llama3.1:8b,q11229,0.0,0.0,0.0,0.0,0.0,0.0,0.0,0.0,0.0,0.0,0.4085209728220379,0.4175882643560217,0.037001347917520196,0.3391812865497076,0.45161290322580644,0.10158977429595684,0.1035627408348223,0.01349621691346189,0.08458646616541353,0.1244343891402715,0.06571070475050447,0.0725189874687811,0.03516392614447558,0.011838225019614861,0.11783120433162113,0.22930704263883178,0.2187097026298308,0.039863654695781604,0.18404907975460125,0.3225806451612903,0.8950545012950897,0.8965850472450256,0.010806512969366775,0.8760878443717957,0.9128890037536621,0.8935871422290802,0.8928258419036865,0.00757019793603203,0.8835160732269287,0.9098165035247803,0.8943030357360839,0.8935930132865906,0.00837301462163767,0.8797862529754639,0.9113501310348511,0.5611111111111111,0.6,0.31501763619059664,0.0,0.95,10,10,10,455.0,1.0,1.0,1,0.1,0.9212179091241625,0.01586007391750931,45
llama3.1:8b,q11246,0.0,0.0,0.0,0.0,0.0,0.0,0.0,0.0,0.0,0.0,0.25627992673343825,0.2596657274656621,0.03600624747768392,0.19487179487179485,0.2991071428571429,0.031999271206974926,0.03135907156752016,0.003642433788995457,0.02679491583648231,0.03815469996531391,0.010554050251608807,0.011781402698629824,0.005385304472527152,0.001057825209031992,0.01706184372827442,0.14020693062288564,0.14250700280112044,0.016577976553013254,0.10256410256410256,0.16203703703703706,0.8598471939563751,0.8592897355556488,0.006413874505435623,0.8509052991867065,0.8690669536590576,0.8135845184326171,0.8172946572303772,0.008873913250159661,0.7966063022613525,0.8227832913398743,0.836027079820633,0.8364256918430328,0.0040316149879366416,0.8312605023384094,0.8427190184593201,0.2,0.1,0.22110831935702666,0.0,0.6,10,10,10,675.9,1.0,1.0,1,0.1,0.9091194457477993,0.019418351358320356,45
llama3.1:8b,q12052,0.0,0.0,0.0,0.0,0.0,0.0,0.0,0.0,0.0,0.0,0.25446644199927587,0.24145108534046983,0.04025194967234258,0.20689655172413793,0.32,0.2054544476563136,0.203834326715007,0.023044858655913495,0.17452830188679244,0.24605678233438485,0.048975266418016486,0.05252559033300097,0.01817907038040515,0.012360545410216943,0.06986433942827834,0.15588756833648834,0.14709851551956815,0.02772064824820958,0.11940298507462686,0.19999999999999998,0.8595729351043702,0.8596172630786896,0.007850640860267459,0.8458594083786011,0.8709717988967896,0.9502068638801575,0.9525884985923767,0.009916976657259569,0.9356545209884644,0.9619800448417664,0.90260808467865,0.9053386449813843,0.008101876197311885,0.8931512832641602,0.9132590889930725,0.09,0.0,0.16633299933166198,0.0,0.5,10,10,10,318.4,1.0,1.0,1,0.1,0.930296183956994,0.026050758047614097,45
llama3.1:8b,q124,0.0,0.0,0.0,0.0,0.0,0.0,0.0,0.0,0.0,0.0,0.280167713700713,0.2811910041178334,0.012854997014762113,0.2571428571428572,0.3042071197411003,0.025194315911073926,0.02500880747914578,0.00103421277225141,0.02410901467505241,0.02733485193621868,0.004676225999163386,0.003795711884729049,0.0025978489406830044,0.003352152915227851,0.011998237550495412,0.13420180876599191,0.13479161686190133,0.00397225903678604,0.1285714285714286,0.1413427561837456,0.850011819601059,0.8497426211833954,0.0037918613150063557,0.844127357006073,0.8566789031028748,0.8087301552295685,0.809423416852951,0.004877746012592259,0.8002336025238037,0.8185157775878906,0.8288505434989929,0.8297596871852875,0.0036318436596140743,0.8215945959091187,0.8334590792655945,0.44000000000000006,0.4,0.11737877907772673,0.3,0.7,10,10,10,720.3,1.0,1.0,1,0.1,0.9715403702523974,0.01365124480078379,45
llama3.1:8b,q13034,0.0,0.0,0.0,0.0,0.0,0.0,0.0,0.0,0.0,0.0,0.4686853871899645,0.4666666666666667,0.05976710951945892,0.38775510204081626,0.5737704918032787,0.02764060123258607,0.027298139904372198,0.005083028850701704,0.022377622377622378,0.03793103448275862,0.107607826184752,0.10463191919573542,0.02971715202108078,0.06820312289548258,0.15494273550249943,0.32044208739248126,0.31833333333333336,0.04687307330511213,0.25757575757575757,0.40983606557377045,0.8917036950588226,0.8970037698745728,0.01703424963548998,0.8616544008255005,0.9088931083679199,0.9221941947937011,0.9236827194690704,0.008159004840136558,0.9124680161476135,0.9338436126708984,0.9066450834274292,0.9079819023609161,0.011745280339547491,0.8874585032463074,0.920270562171936,0.97,1.0,0.09486832980505137,0.7,1.0,10,10,10,395.8,1.0,1.0,1,0.1,0.9490157749917773,0.022161723229077526,45
llama3.1:8b,q13067,0.0,0.0,0.0,0.0,0.0,0.0,0.0,0.0,0.0,0.0,0.18324665421136643,0.1900764242704956,0.013450838687118567,0.16176470588235295,0.19672131147540986,0.030213752894462854,0.032258661277119245,0.006550815888296959,0.020385050962627407,0.03800475059382423,0.007135819521185546,0.006959646732125938,0.0023523724072954514,0.003167407052850986,0.012814175010309254,0.09765108074852571,0.09524409448818896,0.012018180723421758,0.08275862068965519,0.12030075187969924,0.7905869364738465,0.7895733714103699,0.004391637148451661,0.7844635844230652,0.7977620363235474,0.8454103291034698,0.8436159193515778,0.0052443487736249985,0.8398045301437378,0.8546373248100281,0.8170753598213196,0.8157181143760681,0.004333540749070995,0.812718391418457,0.8252208828926086,0.0,0.0,0.0,0.0,0.0,10,10,10,696.9,1.0,1.0,1,0.1,0.9607652213838366,0.014253184367180446,45
llama3.1:8b,q13944,0.0,0.0,0.0,0.0,0.0,0.0,0.0,0.0,0.0,0.0,0.27360291303751455,0.2857914524005013,0.02976445785634209,0.22222222222222224,0.31210191082802546,0.04032400582102881,0.040992448759439054,0.0024938263943168524,0.03669724770642202,0.043519394512771994,0.005443121567186995,0.005826950868392692,0.0029429338800503278,0.0012423556992233703,0.008532335182216388,0.15239346412694788,0.14859806947271653,0.02328258341261956,0.12499999999999999,0.1780821917808219,0.8768288731575012,0.8761553466320038,0.010433593869695074,0.8569761514663696,0.8873332738876343,0.8018687665462494,0.8023963570594788,0.01051123155402981,0.7877835035324097,0.8204216957092285,0.837599229812622,0.8404581248760223,0.006288508058070467,0.8272364139556885,0.8428421020507812,0.8,0.8,0.10307764064044153,0.6,0.9,10,10,10,422.9,1.0,1.0,1,0.1,0.9405542214711508,0.031042363808619286,45
llama3.1:8b,q14403,0.0,0.0,0.0,0.0,0.0,0.0,0.0,0.0,0.0,0.0,0.3033786679206766,0.30403972015346425,0.019590048450621782,0.27624309392265195,0.33333333333333337,0.04041314430440735,0.04041117758202878,0.0058882648237176555,0.03064516129032258,0.04878048780487805,0.020316040112512472,0.014352096422936922,0.012344444879743366,0.006795724870792649,0.0370633083757494,0.18785333927706388,0.1898326898326898,0.01682890028713705,0.16113744075829384,0.21538461538461537,0.8689642429351807,0.8682830333709717,0.011127203118310117,0.8542327880859375,0.8881611824035645,0.8556417405605317,0.8572693765163422,0.00530909449273337,0.8446308374404907,0.8623947501182556,0.8622060656547547,0.8604038655757904,0.005605037860322125,0.8553953766822815,0.8739972114562988,0.0,0.0,0.0,0.0,0.0,10,10,10,460.3,1.0,1.0,1,0.1,0.9085130956437852,0.026563417524201185,45
llama3.1:8b,q14662,0.0,0.0,0.0,0.0,0.0,0.0,0.0,0.0,0.0,0.0,0.2969706911175486,0.28174603174603174,0.036752129887543054,0.2608695652173913,0.36065573770491804,0.2742549823614492,0.28090736150343,0.018240505770523573,0.24603174603174602,0.29441624365482233,0.02767711285899895,0.026752894491451386,0.0035632799822476677,0.0235537379004563,0.03310081977507441,0.21046350979881606,0.21216991963260623,0.01775905031396743,0.16666666666666663,0.22950819672131148,0.8654853940010071,0.8654100894927979,0.008759579125507018,0.848436713218689,0.8759559988975525,0.922652131319046,0.9205643832683563,0.008114705487415323,0.9110469818115234,0.9339070916175842,0.8931475520133972,0.8910007774829865,0.008055489330544823,0.8815129995346069,0.9040037989616394,0.06000000000000001,0.0,0.0966091783079296,0.0,0.2,10,9,9,348.0,0.9,0.9,2,0.2,0.9483585993448893,0.02359388920936786,45
llama3.1:8b,q14698,0.0,0.0,0.0,0.0,0.0,0.0,0.0,0.0,0.0,0.0,0.31733207812320247,0.3016167710992496,0.03271032978581342,0.2681992337164751,0.3737704918032787,0.07938736351509663,0.07973972837627158,0.008306959252016138,0.0656891495601173,0.0982367758186398,0.025734954680821338,0.0231737698324188,0.011854616449241398,0.00838621440427657,0.046740105226200104,0.23583045835068844,0.23613671274961595,0.02010293958906898,0.2054794520547945,0.26885245901639343,0.8967191755771637,0.8949988186359406,0.010430932300922333,0.8835411071777344,0.9151260852813721,0.842627614736557,0.8422769010066986,0.006958949836730288,0.829911470413208,0.8527212142944336,0.8687712132930756,0.8699370622634888,0.00408791368256064,0.8603020310401917,0.8735544085502625,0.5700000000000001,0.6,0.14757295747452437,0.3,0.75,10,10,10,454.1,1.0,1.0,1,0.1,0.9480127400822109,0.016002058294839284,45
llama3.1:8b,q14779,0.0,0.0,0.0,0.0,0.0,0.0,0.0,0.0,0.0,0.0,0.44876620033359843,0.4482758620689655,0.05023062986288433,0.34615384615384615,0.5405405405405405,0.042178505320721156,0.029874490807002094,0.022330096217957857,0.02643171806167401,0.07564296520423601,0.15429401290153763,0.15471484743056807,0.03306297263005654,0.11771512174246063,0.20435951442860947,0.3357668370207555,0.3275862068965517,0.045943538766134204,0.2692307692307692,0.39639639639639634,0.8819579601287841,0.8818677663803101,0.005778984439632756,0.8760228157043457,0.8921632766723633,0.9163934171199799,0.9190177917480469,0.01058761805059696,0.9017695188522339,0.9291975498199463,0.8988388776779175,0.9000582695007324,0.007968773102833409,0.8890364766120911,0.9103038907051086,0.5900000000000001,0.95,0.5087020520675907,0.0,1.0,10,8,8,363.9,0.8,0.8,3,0.3,0.9514239350954692,0.020073894004214297,45
llama3.1:8b,q14872,0.0,0.0,0.0,0.0,0.0,0.0,0.0,0.0,0.0,0.0,0.1900883114396828,0.1879279279279279,0.005276249520449047,0.18421052631578946,0.19999999999999998,0.26767102412610166,0.27032765095761857,0.008804271456007868,0.25311203319502074,0.28193832599118945,0.057225550515222504,0.056704944281279,0.0017547994223575687,0.05434912989707719,0.06051834569030964,0.18758831143968283,0.18666666666666665,0.00593918113512564,0.175,0.1971830985915493,0.840033906698227,0.8392652273178101,0.0021464147569460633,0.8374581336975098,0.8444854617118835,0.9321111083030701,0.930502861738205,0.005152730284374836,0.9296307563781738,0.9466466903686523,0.8836706101894378,0.8831472396850586,0.002052711925608671,0.8820786476135254,0.888711154460907,0.02,0.0,0.06324555320336758,0.0,0.2,10,10,10,411.5,1.0,1.0,1,0.1,0.9695334712664286,0.02237638910978009,45
llama3.1:8b,q150,0.0,0.0,0.0,0.0,0.0,0.0,0.0,0.0,0.0,0.0,0.13136053588810878,0.13199670646356526,0.01836282588163206,0.09941520467836257,0.1623931623931624,0.012860706150715256,0.012289056199325635,0.0031544917819731205,0.008226691042047532,0.01799775028121485,0.00016905039793588546,0.00012342758721168396,0.00014237749857795486,3.473373259372795e-05,0.0004700427607857229,0.07709246413791325,0.07916442048517519,0.010564624443555494,0.05555555555555556,0.09116809116809117,0.8456386744976043,0.8432874083518982,0.006698579364555349,0.8370033502578735,0.8586483597755432,0.7609044909477234,0.7614814639091492,0.00707306448113447,0.7486991286277771,0.7713091373443604,0.8010294198989868,0.8010140061378479,0.006447897141942974,0.7908905744552612,0.8126387596130371,0.575,0.6,0.12304019216861166,0.4,0.75,10,10,10,605.8,1.0,1.0,1,0.1,0.9317630820804172,0.013384934315916319,45
llama3.1:8b,q15239,0.0,0.0,0.0,0.0,0.0,0.0,0.0,0.0,0.0,0.0,0.2959185790639006,0.30546523540154114,0.04706175188788547,0.23357664233576644,0.3466666666666667,0.017941115985176774,0.01683382532338147,0.004042552810790045,0.011516314779270634,0.022900763358778626,0.01497224690022847,0.010922466627530093,0.006943834637230207,0.009849158010779912,0.025495397832460624,0.1580145496744717,0.15589616128141398,0.011156400962153645,0.145985401459854,0.1851851851851852,0.8668148279190063,0.8664194643497467,0.0033386609945450156,0.8621125817298889,0.8726010918617249,0.8121624767780304,0.8122990429401398,0.0024224470343461456,0.8085379004478455,0.8157790899276733,0.838595861196518,0.8388210833072662,0.0022754038314314424,0.8344662189483643,0.8411177396774292,0.925,0.95,0.09501461875826152,0.7,1.0,10,10,10,529.8,1.0,1.0,1,0.1,0.9485639638370937,0.02428539079350359,45
llama3.1:8b,q15500,0.0,0.0,0.0,0.0,0.0,0.0,0.0,0.0,0.0,0.0,0.23943378735332904,0.2400926402470407,0.027655804336540444,0.17600000000000002,0.2727272727272727,0.09420265468156866,0.09365256642933595,0.008299042752261046,0.08177570093457943,0.10646387832699619,0.05137421661934651,0.050314488197567425,0.004382197451558913,0.04561282451791942,0.05952523922534138,0.19839092110776302,0.19913584953615454,0.02213871794993938,0.16,0.23636363636363636,0.8648122191429138,0.8649731874465942,0.010348836176784235,0.8461257815361023,0.878350019454956,0.8371831178665161,0.8391147553920746,0.005684668390746654,0.8254499435424805,0.8424586057662964,0.8507574558258056,0.8523947894573212,0.00726306965389811,0.8371143937110901,0.8586031794548035,0.55,0.6,0.2013840995599095,0.0,0.7,10,10,10,380.7,1.0,1.0,1,0.1,0.947817263338301,0.020430205886354982,45
llama3.1:8b,q15638,0.0,0.0,0.0,0.0,0.0,0.0,0.0,0.0,0.0,0.0,0.24499807654998507,0.2391304347826087,0.028386948503915894,0.20512820512820512,0.2962962962962963,0.04520642214215785,0.04394810901550311,0.02035656706490012,0.022748815165876776,0.0718562874251497,0.045196621092131045,0.04875558043848614,0.022582711511840457,0.007267289914371528,0.06884902567331111,0.15277542613396825,0.1565804274465692,0.038720120321380246,0.10256410256410256,0.1956521739130435,0.8155399262905121,0.8186400234699249,0.009097016207522764,0.7999276518821716,0.8255389332771301,0.7049620509147644,0.699599951505661,0.027631329051524937,0.6872278451919556,0.7819209098815918,0.7558659553527832,0.7528256475925446,0.012854506456993467,0.7458274364471436,0.7908217906951904,0.465,0.5,0.16674997917707682,0.2,0.75,10,10,10,535.8,1.0,1.0,1,0.1,0.9253931840260824,0.03030223825689492,45
llama3.1:8b,q1581,0.0,0.0,0.0,0.0,0.0,0.0,0.0,0.0,0.0,0.0,0.29442240085887317,0.30424978602936337,0.03302893169696542,0.21645021645021645,0.3308823529411765,0.03735029381077784,0.03747581865606478,0.003876489349581938,0.03321799307958478,0.0456490727532097,0.005945532523692098,0.005194871378431073,0.0028064507932017294,0.003459902202732038,0.013503165566465457,0.12450945991700854,0.13010064951162675,0.014064614400630728,0.09523809523809522,0.13934426229508196,0.8652505934238434,0.8630853593349457,0.007809496918236853,0.8557080030441284,0.8811283111572266,0.8124389171600341,0.8132234215736389,0.00554451743581966,0.8008142709732056,0.8209868669509888,0.8379829406738282,0.8381984829902649,0.003997776902215465,0.8320904970169067,0.8423762321472168,0.73,0.85,0.26055496327817074,0.3,0.95,10,10,10,492.7,1.0,1.0,1,0.1,0.9254892852571276,0.024522179031227942,45
llama3.1:8b,q15840,0.0,0.0,0.0,0.0,0.0,0.0,0.0,0.0,0.0,0.0,0.24549514483260584,0.24463768115942028,0.02122640456198847,0.21656050955414013,0.2786377708978328,0.025620881570100135,0.01684094862702073,0.012429240051512141,0.015549076773566569,0.04784191367654706,0.008726196575292352,0.0036267998569871627,0.008347480995458883,0.0014448830833754013,0.021347313128666407,0.139008407087173,0.13435897435897437,0.014194838814390784,0.12101910828025476,0.16045845272206305,0.8640507578849792,0.862993061542511,0.009440578518198624,0.8466215133666992,0.8781285285949707,0.8317678093910217,0.8347279131412506,0.006423437921834444,0.8226805925369263,0.8385680913925171,0.8475770115852356,0.8461909294128418,0.006366801250240762,0.840677797794342,0.857085645198822,0.6950000000000001,0.675,0.13006408676751116,0.5,0.9,10,10,10,596.5,1.0,1.0,1,0.1,0.9253774232334561,0.022521713608619376,45
llama3.1:8b,q15842,0.0,0.0,0.0,0.0,0.0,0.0,0.0,0.0,0.0,0.0,0.2957774914318009,0.2951117101238919,0.028579872302152816,0.25999999999999995,0.35467980295566504,0.03982241704958859,0.041025647409738596,0.008176370920924162,0.02313030069390902,0.048818897637795275,0.008346872821095492,0.007983509111294008,0.0007195090735871991,0.007580183270948097,0.00955985767196451,0.13127223970247623,0.13032663316582915,0.011148775169568697,0.11320754716981131,0.14778325123152708,0.847492516040802,0.8477991819381714,0.003668032659188871,0.8425124287605286,0.8547843098640442,0.8236053287982941,0.8251386880874634,0.004600638231617617,0.8166205883026123,0.8300078511238098,0.8353732466697693,0.8354351818561554,0.0035927638583375826,0.8301804065704346,0.8422138690948486,0.8550000000000001,0.875,0.07975657409336934,0.75,0.95,10,10,10,585.0,1.0,1.0,1,0.1,0.9564307928085327,0.013195057909609682,45
llama3.1:8b,q15996,0.0,0.0,0.0,0.0,0.0,0.0,0.0,0.0,0.0,0.0,0.20553272229804084,0.2179813401187447,0.03655596102646216,0.128,0.25087108013937287,0.03814629688634962,0.036987794046278236,0.015808562869154455,0.022181146025878003,0.0784313725490196,0.004028151144209649,0.004161416173776491,0.001749610403926384,0.0013965609067894658,0.006258813169222388,0.10400033241729292,0.10454545454545455,0.010705108727309669,0.088,0.11851851851851851,0.8385995149612426,0.8373869359493256,0.0070410071337245125,0.8289296627044678,0.8496526479721069,0.7687340319156647,0.7683719098567963,0.008700630718025487,0.7519976496696472,0.7804651260375977,0.802104240655899,0.8034220337867737,0.005028312479857169,0.7901486158370972,0.807393491268158,0.31,0.3,0.2330951164939612,0.0,0.8,10,10,10,571.1,1.0,1.0,1,0.1,0.9139380706681146,0.017107996511323626,45
llama3.1:8b,q16182,0.0,0.0,0.0,0.0,0.0,0.0,0.0,0.0,0.0,0.0,0.21691663350662638,0.19008264462809918,0.06349646843067608,0.16806722689075632,0.3758389261744966,0.03339560325046744,0.0362317934763981,0.011683903364871545,0.01881720430107527,0.05257731958762887,0.008339961108614232,0.0026481434389507333,0.014576648394253565,0.0018652428307882212,0.04898568546308907,0.12679363436168914,0.12069189751593185,0.02489934634899998,0.10084033613445377,0.1879194630872483,0.8468044698238373,0.8440033197402954,0.010229947057149287,0.8361808061599731,0.8687598705291748,0.8197636485099793,0.8132218420505524,0.014689592167608964,0.8048369288444519,0.8539859056472778,0.833053719997406,0.8278896510601044,0.012348138968898345,0.8202095627784729,0.8613095283508301,0.6599999999999999,0.6,0.1505545305418162,0.5,1.0,10,10,10,457.3,1.0,1.0,1,0.1,0.9319748640060425,0.02495806208577161,45
llama3.1:8b,q16186,0.0,0.0,0.0,0.0,0.0,0.0,0.0,0.0,0.0,0.0,0.20252342642730076,0.20606249827822112,0.028129234782685034,0.1476510067114094,0.23197492163009403,0.013266415923040776,0.011892103230685907,0.004953853310748836,0.006749156355455568,0.022604951560818085,0.0013713062620118964,0.001407460448419572,0.00043568694946010956,0.0004225373490216213,0.0019251639740476489,0.10372806250456104,0.10498727686868013,0.012027003659037472,0.09003215434083602,0.12539184952978055,0.8149630069732666,0.8166829943656921,0.00679774141625876,0.8024089932441711,0.8240619897842407,0.7691837906837463,0.77010178565979,0.0056724779831939095,0.7581579685211182,0.7806421518325806,0.7913993239402771,0.7920856475830078,0.005244296347686655,0.7796561121940613,0.7989031672477722,0.96,1.0,0.056764621219754674,0.85,1.0,10,10,10,525.6,1.0,1.0,1,0.1,0.9261090808444553,0.021836671171488783,45
llama3.1:8b,q1625,0.0,0.0,0.0,0.0,0.0,0.0,0.0,0.0,0.0,0.0,0.349397236488847,0.35500012355136035,0.024766080678268264,0.30350194552529175,0.37630662020905925,0.044985882912935295,0.043795965618474014,0.006595032819801758,0.03440094899169632,0.053631284916201116,0.029624857566517327,0.03545749688962539,0.013963635718541522,0.007838341184705479,0.04252446269984633,0.2195709071357026,0.22845882033161186,0.021204978599803213,0.1830985915492958,0.23693379790940766,0.879738062620163,0.8830903768539429,0.007047053354333841,0.8616523146629333,0.8857426047325134,0.8242471575736999,0.8254407644271851,0.007765970289892913,0.8088675141334534,0.833207368850708,0.8510590851306915,0.8519245088100433,0.005275726418057354,0.8433172106742859,0.8574309349060059,0.655,0.725,0.1442413101561254,0.4,0.8,10,10,10,592.2,1.0,1.0,1,0.1,0.9482261194123163,0.02179919017459703,45
llama3.1:8b,q16323,0.0,0.0,0.0,0.0,0.0,0.0,0.0,0.0,0.0,0.0,0.25772954700447154,0.26101654323716883,0.017302418669591924,0.2342342342342342,0.27878787878787875,0.017133101555525408,0.016658824659112732,0.0019969984716149657,0.014395886889460155,0.021169354838709676,0.00413107242448381,0.0036404268399068407,0.000985000175895157,0.0029630283153956986,0.005693453455205274,0.11412305936278659,0.11515151515151514,0.007866256240901641,0.0960960960960961,0.12232415902140673,0.8503986895084381,0.8508776426315308,0.0065932543236095625,0.8395618200302124,0.8607795238494873,0.7712660431861877,0.7906457781791687,0.030976485644951278,0.7314382791519165,0.799142599105835,0.808533000946045,0.8144117593765259,0.015763000057158517,0.7875691652297974,0.82381671667099,0.5599999999999999,0.625,0.16964014199999294,0.3,0.75,10,10,10,669.8,1.0,1.0,1,0.1,0.9507701608869764,0.023076890558807385,45
llama3.1:8b,q2381,0.0,0.0,0.0,0.0,0.0,0.0,0.0,0.0,0.0,0.0,0.30629141260730747,0.30803782505910166,0.017005648789733287,0.2777777777777778,0.3355704697986577,0.041449101815081026,0.041880822319270886,0.0015475731211133561,0.03876375065479309,0.04355503237198352,0.023142373683578372,0.023085810850726363,0.0019100002493354494,0.019844816388613788,0.025647223945823996,0.19330316646135318,0.19569284267981335,0.007304633808095352,0.17869415807560135,0.2013888888888889,0.8537787735462189,0.8525034785270691,0.005520818020278886,0.845784604549408,0.8646914958953857,0.8164302051067353,0.8159972429275513,0.004522163889403987,0.8083176016807556,0.8241599798202515,0.8346609473228455,0.8348030745983124,0.0010222918347017513,0.8326264023780823,0.8359978199005127,0.5777777777777778,0.6,0.17159383568311667,0.3,0.8,10,10,10,726.0,1.0,1.0,1,0.1,0.948776031865014,0.016644056912481504,45
llama3.1:8b,q2519,0.0,0.0,0.0,0.0,0.0,0.0,0.0,0.0,0.0,0.0,0.17529124229623877,0.17683091194705486,0.03397355384063602,0.1370716510903427,0.23188405797101452,0.017721119202561704,0.01613050296437603,0.005475943213332402,0.011741682974559686,0.029160382101558573,0.0012256385526317013,0.0008229727738786252,0.0009712297761263703,0.00046129979243651645,0.0036746067762709264,0.08899679244172709,0.09146426480020078,0.01433036843704789,0.06853582554517135,0.12138728323699423,0.8263497292995453,0.8252382874488831,0.004573709045892424,0.8219740390777588,0.838133692741394,0.7784048318862915,0.7787282764911652,0.009950839441550112,0.7640436887741089,0.8003935217857361,0.8016461968421936,0.8016538023948669,0.007095458640005506,0.7928170561790466,0.8188290596008301,0.02,0.0,0.0421637021355784,0.0,0.1,10,10,10,512.6,1.0,1.0,1,0.1,0.9279060853852166,0.02799745001860816,45
llama3.1:8b,q2989,0.0,0.0,0.0,0.0,0.0,0.0,0.0,0.0,0.0,0.0,0.2163642085672493,0.2237697089263626,0.03486120027487391,0.15527950310559005,0.26288659793814434,0.01685500234393165,0.017413971701442245,0.0018505890784558544,0.014457831325301205,0.019090909090909092,0.0017307179414229015,0.001809419026748942,0.0009064952621683286,0.00027853791324395033,0.0031310806328212998,0.10210369084984036,0.10334704839830422,0.012228901599890228,0.0838323353293413,0.12365591397849462,0.8317608892917633,0.831022173166275,0.004559116050292394,0.8253142833709717,0.8388606309890747,0.7876801371574402,0.7902042269706726,0.010993944537515963,0.766444981098175,0.7998242974281311,0.8090636551380157,0.8117231726646423,0.0049469895379930665,0.7998561859130859,0.8137461543083191,0.0,0.0,0.0,0.0,0.0,10,10,10,572.6,1.0,1.0,1,0.1,0.9032471166716681,0.03678260098141066,45
llama3.1:8b,q3155,0.0,0.0,0.0,0.0,0.0,0.0,0.0,0.0,0.0,0.0,0.4003879068122811,0.4000625097671511,0.04188620683406093,0.33557046979865773,0.45614035087719296,0.07625062975017398,0.07627299013667531,0.004070449748261708,0.07168458781362007,0.08386508659981769,0.12238982419089665,0.10538910047417893,0.03169749830167903,0.09655692760052098,0.17011450306326859,0.27977276582945443,0.2699488105992171,0.026034657054868526,0.24489795918367346,0.31578947368421056,0.8569589495658875,0.8561449944972992,0.011593200057561733,0.8401616215705872,0.873108983039856,0.885413259267807,0.8872996866703033,0.0050433907936814504,0.8758508563041687,0.891554594039917,0.8709298312664032,0.8712427318096161,0.007698952125477553,0.8576351404190063,0.8798902630805969,0.6900000000000001,0.6499999999999999,0.13703203194062982,0.5,0.9,10,10,10,569.9,1.0,1.0,1,0.1,0.9325606902440389,0.025091283605356864,45
llama3.1:8b,q3456,0.0,0.0,0.0,0.0,0.0,0.0,0.0,0.0,0.0,0.0,0.3907575297409841,0.3791497543259987,0.03322212058814161,0.348993288590604,0.4519774011299435,0.10292805043755249,0.10241841491841491,0.0039217426041402844,0.09696969696969697,0.10846812559467174,0.09447607335932089,0.0860669077886646,0.023750198219462178,0.07308910760434803,0.15214725909985702,0.23052085798950986,0.22377137908638234,0.024825246292384757,0.1987577639751553,0.27710843373493976,0.9048136234283447,0.9037866592407227,0.008442257187228356,0.8921630382537842,0.9206814765930176,0.8730736613273621,0.870861142873764,0.0074503899285079216,0.8633841872215271,0.8850919604301453,0.8886466205120087,0.8866475522518158,0.007028453961099016,0.8789792656898499,0.9007668495178223,0.45999999999999996,0.5,0.15776212754932306,0.2,0.7,10,10,10,447.6,1.0,1.0,1,0.1,0.9348374022377862,0.019958609937398463,45
llama3.1:8b,q3838,0.0,0.0,0.0,0.0,0.0,0.0,0.0,0.0,0.0,0.0,0.4265700199275971,0.43149038461538464,0.02775863940765132,0.3790849673202614,0.4642857142857143,0.026416962312480002,0.027295577425429804,0.0061269620804586455,0.017448200654307525,0.03474484256243214,0.12623263958308273,0.12883249532761587,0.017736530204083764,0.0912080180708437,0.1453868169590685,0.2516249613676715,0.24840660902041975,0.019816180426420707,0.22485207100591717,0.28205128205128205,0.8783897519111633,0.8792005777359009,0.006392383934152573,0.8664480447769165,0.8872185349464417,0.8974570631980896,0.8967577517032623,0.003409523108191476,0.8917672634124756,0.9017506837844849,0.8878117024898529,0.8890225291252136,0.004186612922196616,0.8803625702857971,0.8920620083808899,0.315,0.3,0.11067971810589329,0.15,0.5,10,10,10,627.2,1.0,1.0,1,0.1,0.9592349926630656,0.013880418413903525,45
llama3.1:8b,q4150,0.0,0.0,0.0,0.0,0.0,0.0,0.0,0.0,0.0,0.0,0.1772365224607358,0.17193301783764106,0.016480280858030442,0.16,0.2023809523809524,0.011231124048833618,0.011816672043006318,0.00239008112048462,0.008,0.013818516812528788,0.0004696506669248802,0.00040595763449539674,0.0002177326374597192,0.00024460319849502004,0.0008501322005350858,0.09768627011463622,0.0923076923076923,0.009468273078973676,0.08955223880597014,0.11764705882352941,0.8284923553466796,0.8278166055679321,0.002811010004395145,0.8258845806121826,0.8357849717140198,0.7735633134841919,0.7721708714962006,0.003496846856681202,0.7717874646186829,0.7832756042480469,0.8000851035118103,0.799149364233017,0.003060558018327844,0.7980960607528687,0.8086788058280945,0.6,0.6,0.08164965809277258,0.4,0.7,10,10,10,435.3,1.0,1.0,1,0.1,0.9608651704258389,0.019516966796176583,45
llama3.1:8b,q5023,0.0,0.0,0.0,0.0,0.0,0.0,0.0,0.0,0.0,0.0,0.42414694787739904,0.4282651543967634,0.021140884038374427,0.39669421487603307,0.4621212121212121,0.13576439508674965,0.13717427577768548,0.005914350771692869,0.12531328320802004,0.143646408839779,0.1009307175393783,0.09582788726705584,0.01722089064008949,0.08544883863581591,0.14477939050826644,0.2468229093395713,0.24180107526881717,0.009442847629114121,0.23931623931623933,0.26515151515151514,0.904447329044342,0.9034251570701599,0.006532561812391453,0.8938277959823608,0.9148241877555847,0.8789509296417236,0.879135012626648,0.002620748275988936,0.8743830919265747,0.8817348480224609,0.8915060460567474,0.8912172913551331,0.0036451980920816796,0.8851611614227295,0.8979527354240417,0.8777777777777778,0.9,0.03632415786283894,0.8,0.9,10,10,10,575.9,1.0,1.0,1,0.1,0.9522423797183567,0.015676278134534354,45
llama3.1:8b,q5872,0.0,0.0,0.0,0.0,0.0,0.0,0.0,0.0,0.0,0.0,0.18991422240553718,0.18139090842329442,0.03994331192354579,0.13605442176870747,0.26035502958579887,0.012981079441635717,0.009605988531814075,0.006560885351105249,0.008319467554076539,0.028789161727349702,0.005730292483574063,0.004049951188015226,0.0025536234192034997,0.0032481682455040317,0.009637879297571083,0.09986823213300478,0.09606609939573313,0.015049730539929806,0.08163265306122448,0.13017751479289943,0.833018159866333,0.8328098356723785,0.009011212489400192,0.8206275701522827,0.8528397083282471,0.8531743049621582,0.8516677618026733,0.005910015212326769,0.8419622778892517,0.8607672452926636,0.84296835064888,0.8424393236637115,0.007197343770555574,0.8311580419540405,0.8567851185798645,0.04,0.0,0.12649110640673517,0.0,0.4,10,10,10,633.5,1.0,1.0,1,0.1,0.9189293212360806,0.0176716734057572,45
llama3.1:8b,q6028,0.0,0.0,0.0,0.0,0.0,0.0,0.0,0.0,0.0,0.0,0.3968084316374092,0.4013781993914445,0.029028086922991154,0.3373493975903615,0.44311377245508976,0.04536840606162681,0.045456143297386606,0.0030247663610963047,0.040780141843971635,0.04962243797195254,0.062371532499552976,0.06573091020906938,0.016580959521852387,0.03313175851660117,0.08701862641313356,0.2511664416835725,0.2509735686469467,0.011214178768948624,0.2289156626506024,0.26490066225165565,0.8681972622871399,0.869329184293747,0.01689585528931206,0.8378806114196777,0.891258180141449,0.8981297612190247,0.898491770029068,0.005877253932304773,0.8907774686813354,0.9077165126800537,0.8828584611415863,0.884742021560669,0.010832270710291263,0.8662167191505432,0.8994120359420776,0.8911111111111111,0.9,0.08038103701191661,0.75,1.0,10,10,10,639.6,1.0,1.0,1,0.1,0.9266667697164748,0.021563710376464942,45
llama3.1:8b,q6235,0.0,0.0,0.0,0.0,0.0,0.0,0.0,0.0,0.0,0.0,0.3556546175980451,0.36744850268305346,0.031569214840579306,0.2980769230769231,0.3842364532019704,0.0502163714847884,0.04842912815329277,0.00718648288216927,0.040376850605652756,0.06516679596586501,0.01716980469040228,0.01823936163653843,0.006181983887372949,0.0080529295136229,0.026669822376526105,0.20630491942269358,0.21142949651934595,0.021884506412661212,0.1743119266055046,0.23834196891191706,0.8718660533428192,0.8707791864871979,0.007083579724983311,0.8596641421318054,0.8845468163490295,0.8676508367061615,0.8696912229061127,0.005598222307299804,0.8572008609771729,0.874602198600769,0.869740891456604,0.8702506422996521,0.005344577041320883,0.8602264523506165,0.8757774233818054,0.825,0.95,0.2104417123236605,0.4,0.95,10,10,10,605.0,1.0,1.0,1,0.1,0.9334077874819438,0.017782900878191395,45
llama3.1:8b,q6245,0.0,0.0,0.0,0.0,0.0,0.0,0.0,0.0,0.0,0.0,0.3691974620125785,0.35915492957746487,0.0443092399061729,0.2916666666666667,0.4507042253521127,0.08674840942039404,0.07928290414878397,0.02565536975347514,0.05377456049638056,0.12705366922234393,0.019484152369231032,0.014613104804916115,0.009139544278428984,0.011959906335826628,0.03800312101415221,0.19871497117173947,0.2000571728048025,0.01708575161740947,0.16666666666666669,0.2237762237762238,0.8965692758560181,0.8968265652656555,0.00877995765166871,0.8810769319534302,0.9109344482421875,0.8999613940715789,0.8987647891044617,0.006756704944187161,0.8904229402542114,0.9102126359939575,0.8982469439506531,0.8991090059280396,0.006790633960448131,0.8857252597808838,0.9052196145057678,0.825,0.875,0.18745369798669984,0.4,1.0,10,10,10,519.3,1.0,1.0,1,0.1,0.9332865860727099,0.016761093579340244,45
llama3.1:8b,q6483,0.0,0.0,0.0,0.0,0.0,0.0,0.0,0.0,0.0,0.0,0.32769172410904845,0.32205004764053957,0.022663968994529705,0.30115830115830117,0.3678929765886288,0.029506558960046853,0.029913723858617812,0.014889850830044226,0.012967581047381545,0.05704697986577181,0.029293775582310035,0.028216907001405233,0.017071114463032725,0.01124761109525721,0.055386514781849715,0.18567110054625977,0.1911928651059086,0.0134014610507224,0.16666666666666666,0.20077220077220082,0.8694001972675324,0.8680232167243958,0.006052152749706684,0.8656426668167114,0.8861014246940613,0.8495587825775146,0.8498898446559906,0.003985254015106771,0.8423117399215698,0.8573251962661743,0.8593486309051513,0.8584759831428528,0.00316953884708391,0.8549284338951111,0.8660363554954529,0.5111111111111111,0.5,0.12692955176439846,0.3,0.7,10,10,10,746.5,1.0,1.0,1,0.1,0.9273382504781087,0.016767546593351283,45
llama3.1:8b,q7773,0.0,0.0,0.0,0.0,0.0,0.0,0.0,0.0,0.0,0.0,0.3516385525071649,0.34573219689951207,0.033489245180551026,0.31007751937984496,0.40293040293040294,0.036351838923594115,0.036218253903267744,0.0015275324616949347,0.03440094899169632,0.03934871099050204,0.03517523360809013,0.032524036914917016,0.012864718753036953,0.020544468417679155,0.06209868299693948,0.21266485650144507,0.20386668590390994,0.027820202783373067,0.17054263565891475,0.2490842490842491,0.8875366091728211,0.887985497713089,0.008647676934166251,0.8718883991241455,0.8995086550712585,0.8580771386623383,0.8548779785633087,0.007728866358373099,0.8491185903549194,0.8721952438354492,0.872544664144516,0.8708152770996094,0.007338760573369816,0.863830029964447,0.8840079307556152,0.93,0.95,0.02738612787525829,0.9,0.95,10,10,10,632.2,1.0,1.0,1,0.1,0.9470785525110033,0.014677776267542695,45
llama3.1:8b,q7888,0.0,0.0,0.0,0.0,0.0,0.0,0.0,0.0,0.0,0.0,0.10632871932998178,0.09677887028122154,0.021169304708693968,0.08767123287671234,0.14002642007926022,0.006465097404353348,0.005299816209890444,0.0036372625968646064,0.002523128679562658,0.01371571072319202,7.063738692863676e-06,6.384902186798638e-07,1.3654940050114123e-05,7.824576925868645e-08,4.372168181997419e-05,0.06904283444065337,0.06666345810325774,0.009505353784002227,0.057692307692307696,0.08718626155878467,0.8283594667911529,0.8226740658283234,0.01347184928367905,0.8152775764465332,0.8515926599502563,0.7940923631191253,0.7946617901325226,0.002661045335677122,0.7890822887420654,0.7972326874732971,0.8108072876930237,0.8089905679225922,0.00610464009084027,0.8035876154899597,0.8230500817298889,0.8555555555555556,0.85,0.0845740963757685,0.7,1.0,10,10,10,471.9,1.0,1.0,1,0.1,0.9238446156183878,0.03272796281300789,45
llama3.1:8b,q7954,0.0,0.0,0.0,0.0,0.0,0.0,0.0,0.0,0.0,0.0,0.24035721760984446,0.24311023622047245,0.02903152317126435,0.1981981981981982,0.2803738317757009,0.010754203385316739,0.008464307245996169,0.0035072018459732564,0.007792207792207792,0.016908212560386472,0.006314836677383136,0.005962847246086335,0.0014166472327903311,0.004895193668220429,0.010093587807011401,0.12623066683080175,0.1308411214953271,0.015434216125124852,0.09174311926605505,0.14285714285714285,0.8303487718105316,0.8301518261432648,0.0053251676307268375,0.8233621120452881,0.8403204083442688,0.8278148412704468,0.8265422582626343,0.003975479057049959,0.8238171339035034,0.8350895643234253,0.8290738224983215,0.8280614912509918,0.004059919146929342,0.8249771595001221,0.8376967906951904,0.8949999999999999,0.95,0.17865236261148817,0.4,1.0,10,10,10,418.6,1.0,1.0,1,0.1,0.930327402220832,0.024271371651540048,45
llama3.1:8b,q8831,0.0,0.0,0.0,0.0,0.0,0.0,0.0,0.0,0.0,0.0,0.4381016839865535,0.44017094017094016,0.02632824989943564,0.3805668016194332,0.4664031620553359,0.1322954202805515,0.14313099041533547,0.024505591554297764,0.08421052631578947,0.1480484522207268,0.13544068322102945,0.14743689062187423,0.031045338492500327,0.07754627984953993,0.16086088578059846,0.2705495514276353,0.2766798418972332,0.017889130230122303,0.22857142857142856,0.288,0.8694596111774444,0.8748658895492554,0.010984629452706552,0.8502317070960999,0.8777779340744019,0.8672212064266205,0.8699605166912079,0.006128646934261223,0.8540913462638855,0.8723540306091309,0.8683239161968231,0.8723355531692505,0.008035442842346219,0.8521571755409241,0.8743445873260498,0.65,0.6499999999999999,0.16256866681058632,0.4,0.85,10,10,10,679.3,1.0,1.0,1,0.1,0.9348565697669983,0.03756728419482117,45
llama3.1:8b,q8903,0.0,0.0,0.0,0.0,0.0,0.0,0.0,0.0,0.0,0.0,0.38523486465509327,0.3885372714486639,0.018993714246087416,0.3577981651376147,0.4066390041493776,0.044753745606682264,0.04403367132236842,0.010853883151646461,0.0345489443378119,0.07183908045977011,0.060810317564588726,0.06414606322535345,0.027078776652914045,0.020906828647234307,0.1019589217191501,0.2224294515290724,0.21835726681541656,0.02874039155105415,0.18867924528301888,0.2738589211618257,0.8898294746875763,0.8967131674289703,0.014538891985689665,0.865028440952301,0.9071687459945679,0.8548949718475342,0.854236364364624,0.0075086221138498405,0.8417391777038574,0.8674079179763794,0.8719511747360229,0.8749007880687714,0.008371783744014568,0.8532249331474304,0.8777836561203003,0.69375,0.7,0.16132819255878902,0.4,0.9,10,10,10,587.8,1.0,1.0,1,0.1,0.9254445221689013,0.024870020874023218,45
llama3.1:8b,q8995,0.0,0.0,0.0,0.0,0.0,0.0,0.0,0.0,0.0,0.0,0.3170442826438101,0.3042574015170052,0.038406881935849756,0.27868852459016397,0.3932203389830509,0.06830445691734235,0.0704954223131176,0.018930348491164477,0.020073956682514528,0.0872093023255814,0.035433802199351556,0.028377427787372452,0.019214022997653853,0.016287382318344902,0.07497173970597966,0.18727932591854268,0.18283582089552242,0.01591346924925274,0.17054263565891473,0.2198581560283688,0.8643930971622467,0.8681752383708954,0.00909227648775933,0.845878005027771,0.873677670955658,0.8411781251430511,0.8384943604469299,0.009441931657283754,0.8321896195411682,0.8585381507873535,0.852591735124588,0.8509184122085571,0.007221740269576313,0.8405060768127441,0.8639925718307495,0.71,0.725,0.161245154965971,0.5,1.0,10,10,10,624.1,1.0,1.0,1,0.1,0.9334619257185194,0.014918730043090153,45
llama3.1:8b,q9738,0.0,0.0,0.0,0.0,0.0,0.0,0.0,0.0,0.0,0.0,0.28207175632491244,0.2811811811811812,0.035473805919250145,0.21568627450980396,0.3524590163934426,0.015899813171856965,0.016135111901746657,0.001366106428308176,0.013036393264530146,0.017857142857142856,0.014912914987513048,0.005817040063780272,0.02062128606046364,0.003288311932427842,0.0542944655926062,0.14686604079292365,0.1430976430976431,0.0174766877333728,0.12745098039215685,0.18852459016393444,0.8188539385795593,0.8203503489494324,0.008521527687995472,0.7980862855911255,0.8320322036743164,0.8548593163490296,0.8524459898471832,0.005820779846343395,0.8490737080574036,0.8660236597061157,0.836450070142746,0.8353808522224426,0.006079407545052712,0.8241499066352844,0.8450211882591248,0.33999999999999997,0.3,0.1140175425099138,0.2,0.5,10,10,10,900.9,1.0,1.0,1,0.1,0.9350769559542338,0.014037235587225118,45
llama3.1:8b,q9855,0.0,0.0,0.0,0.0,0.0,0.0,0.0,0.0,0.0,0.0,0.16697108214255396,0.16292364230298081,0.029921610778033108,0.11347517730496454,0.21839080459770113,0.011511594222852074,0.011438041898665971,0.003544442517541818,0.007213706041478809,0.016728624535315983,0.009990420754625168,0.008612519212930027,0.003990839641469974,0.0064639134478634555,0.01745906615065598,0.10301884146561527,0.10471885487295392,0.012544919987195455,0.0851063829787234,0.1264367816091954,0.8425059080123901,0.8413018584251404,0.005827374874593512,0.8352802395820618,0.8502112030982971,0.8312215805053711,0.8314514756202698,0.005811693731163601,0.8185915350914001,0.8391801118850708,0.8367954373359681,0.8368930220603943,0.0024104706531845508,0.8323103785514832,0.8402965068817139,0.6950000000000001,0.925,0.37598020042431907,0.1,1.0,10,10,10,636.7,1.0,1.0,1,0.1,0.9155255662070381,0.020335322888747984,45
medaibase/medgemma1.5:4b,q10088,0.0,0.0,0.0,0.0,0.0,0.0,0.0,0.0,0.0,0.0,0.26559538550047,0.25650349650349646,0.03058061992570808,0.22516556291390727,0.32238805970149254,0.01931546983471208,0.01965871190073635,0.002448523404210593,0.015281757402101241,0.022587268993839837,0.009362423728384108,0.007791050970816164,0.003891442865928005,0.004892615234312739,0.01689944067545051,0.15599315920538098,0.15674135220125787,0.010413420385771014,0.13538461538461538,0.17058823529411765,0.8508543729782104,0.8513053059577942,0.005014780211300962,0.8432777523994446,0.8594421148300171,0.8174811422824859,0.8159107863903046,0.010299943759909834,0.8037877082824707,0.8375918865203857,0.8338036179542542,0.832778126001358,0.00630582288019219,0.8230593204498291,0.8468691110610962,0.0,0.0,0.0,0.0,0.0,10,10,10,644.9,1.0,1.0,1,0.1,0.9379953914218478,0.014602231830904642,45
medaibase/medgemma1.5:4b,q10280,0.0,0.0,0.0,0.0,0.0,0.0,0.0,0.0,0.0,0.0,0.19980038857373167,0.19774436090225564,0.026601097760436822,0.16260162601626016,0.24193548387096775,0.015338601663635699,0.013739806625657207,0.006322941490888481,0.011661807580174927,0.03282051282051282,0.01096378360735836,0.010864418669149058,0.0006897708192953245,0.009850470636402665,0.012174947256163495,0.11995131005421282,0.11947240983815471,0.008202825839843818,0.1076923076923077,0.12903225806451613,0.8527176558971405,0.8495979011058807,0.01164944221809795,0.8384836912155151,0.8715171813964844,0.8386944174766541,0.8407907485961914,0.0075856201885886295,0.8260513544082642,0.8473944664001465,0.8456376850605011,0.8453527987003326,0.009265822161686652,0.8322210907936096,0.8592865467071533,0.48,0.6,0.3457680661303984,0.0,1.0,10,10,10,516.2,1.0,1.0,1,0.1,0.9386929048432244,0.02306547816643858,45
medaibase/medgemma1.5:4b,q1035,0.0,0.0,0.0,0.0,0.0,0.0,0.0,0.0,0.0,0.0,0.14404800359979747,0.14638528138528137,0.013744111384090379,0.11564625850340135,0.16091954022988506,0.012127150730728311,0.011854081741434715,0.0018515876387873633,0.010114453021027415,0.015461071231363888,0.0006479329151819243,0.0007038828592302541,0.00022451220001655877,0.0001865720926213103,0.001004633532943646,0.08859546581581508,0.08845926800472256,0.004722461647786946,0.08237232289950576,0.09555189456342668,0.8382518231868744,0.8418722748756409,0.009415197635171665,0.8261507749557495,0.8538218140602112,0.74113028049469,0.740463376045227,0.002501098478924369,0.737636923789978,0.7464540004730225,0.786678957939148,0.7873255908489227,0.0042084340030354005,0.7806053757667542,0.792836606502533,0.33999999999999997,0.30000000000000004,0.29135697844549546,0.0,0.9,10,10,10,675.6,1.0,1.0,1,0.1,0.9291312760776944,0.020823072183154434,45
medaibase/medgemma1.5:4b,q10548,0.0,0.0,0.0,0.0,0.0,0.0,0.0,0.0,0.0,0.0,0.16148507769540496,0.16605509157022597,0.0500328089829238,0.05109489051094891,0.2231404958677686,0.01396856068908656,0.010945571610391554,0.00950983880542314,0.00977729494839761,0.040939193257074055,0.008988592496511464,0.006588159354065499,0.006342146392138556,0.005038614153460931,0.026216920846402984,0.09795571702790587,0.10239593537782057,0.03347738451856791,0.0218978102189781,0.1322314049586777,0.8181217074394226,0.8402305245399475,0.06405684049689557,0.6376346349716187,0.8506028652191162,0.8065286695957183,0.8115338385105133,0.013333494147888139,0.7757389545440674,0.8195915222167969,0.8113979697227478,0.8240801095962524,0.039660007071155454,0.6999395489692688,0.8332645893096924,0.0,0.0,0.0,0.0,0.0,10,10,10,589.5,1.0,1.0,1,0.1,0.8906836046112908,0.057562362876135996,45
medaibase/medgemma1.5:4b,q10910,0.0,0.0,0.0,0.0,0.0,0.0,0.0,0.0,0.0,0.0,0.18042670977729852,0.17037770080818077,0.02583166999350951,0.15602836879432624,0.22764227642276422,0.010287839019323536,0.010227044572346406,0.0007069034471504763,0.009328358208955223,0.011534025374855825,0.007544634234333615,0.007113012325971019,0.00122957597404797,0.006294474839033966,0.00989811335029808,0.12573653292265966,0.1226215644820296,0.01127876019307626,0.11347517730496454,0.14634146341463414,0.8588354110717773,0.855650007724762,0.006346977657908251,0.8530504703521729,0.8697550296783447,0.8285650312900543,0.8270716369152069,0.0032854584351379727,0.8257789611816406,0.8367477655410767,0.8434251129627228,0.8410544693470001,0.004622191522074312,0.8399398326873779,0.8529321551322937,0.515,0.575,0.42035038294789795,0.0,1.0,10,10,10,596.0,1.0,1.0,1,0.1,0.9563116113344828,0.01846044585415395,45
medaibase/medgemma1.5:4b,q11229,0.0,0.0,0.0,0.0,0.0,0.0,0.0,0.0,0.0,0.0,0.2718942733744809,0.2761834162871969,0.04744980524614542,0.15748031496062992,0.3333333333333333,0.10561051534726802,0.10543907177643,0.008214030599214673,0.09662921348314607,0.1262135922330097,0.010701683143505638,0.008018502032552006,0.00634003067268715,0.005513339616632456,0.026803745431967108,0.1753467786367658,0.17718208564890486,0.023578070036078085,0.12598425196850394,0.20987654320987653,0.8998692750930786,0.897592157125473,0.006333956520362816,0.8895620107650757,0.9121130704879761,0.8786069095134735,0.8781788945198059,0.009042202352553458,0.8659278750419617,0.90128493309021,0.8890715956687927,0.8881015181541443,0.0047182217236394946,0.8833154439926147,0.8995819687843323,0.01,0.0,0.0316227766016838,0.0,0.1,10,10,10,364.5,1.0,1.0,1,0.1,0.9413922190666199,0.017883259094757093,45
medaibase/medgemma1.5:4b,q11246,0.0,0.0,0.0,0.0,0.0,0.0,0.0,0.0,0.0,0.0,0.23620325541037576,0.2372482579279756,0.006286065688018867,0.2259615384615385,0.24413145539906103,0.03648486307374173,0.03518650581406866,0.0028161636417351472,0.034722222222222224,0.042492917847025496,0.007382980612153893,0.007934138120381198,0.0014732869350703717,0.004274013501817139,0.009196960022755643,0.14955056005112394,0.15165876777251183,0.0033831052669970538,0.14354066985645933,0.15238095238095242,0.8674319982528687,0.8663575351238251,0.0027028449802118815,0.8653891086578369,0.8726353049278259,0.7996558308601379,0.7999490201473236,0.002348152849670926,0.7952764630317688,0.8032547831535339,0.8321629703044892,0.8319832980632782,0.0018342401966622394,0.8288527727127075,0.8363269567489624,0.615,0.6,0.1375378735718517,0.4,0.85,10,8,8,625.4,0.8,0.8,2,0.2,0.9673755553033617,0.036616274192291194,45
medaibase/medgemma1.5:4b,q12052,0.0,0.0,0.0,0.0,0.0,0.0,0.0,0.0,0.0,0.0,0.2648465636154558,0.2746153846153846,0.03441858990783205,0.18181818181818182,0.2978723404255319,0.3048207131316971,0.31982443715521097,0.06227141613113689,0.15513626834381553,0.3684210526315789,0.10382519206723166,0.12386654965875162,0.04299043817173084,0.02792268676050845,0.14362555317755926,0.24003307922750325,0.26424501424501423,0.061465865721614193,0.10389610389610389,0.2978723404255319,0.8640909969806672,0.8599271476268768,0.011771450221007592,0.8517080545425415,0.8811679482460022,0.9665130138397217,0.9709848165512085,0.011631622565439242,0.9456221461296082,0.9781672954559326,0.9123697876930237,0.9116677939891815,0.008411879126630375,0.8962115049362183,0.9257346987724304,0.13,0.0,0.3198958163736021,0.0,1.0,10,10,10,293.2,1.0,1.0,1,0.1,0.917939994070265,0.033829496401283084,45
medaibase/medgemma1.5:4b,q124,0.0,0.0,0.0,0.0,0.0,0.0,0.0,0.0,0.0,0.0,0.23488368421290723,0.22783205309866508,0.01986733904304966,0.21224489795918366,0.2692307692307693,0.03627558923791549,0.0361410698145392,0.0023890342661707564,0.03054989816700611,0.040075140889167186,0.0030137859784016936,0.002385037665250043,0.0018138420407609978,0.0015869233067106327,0.007117525064457257,0.13780981425152034,0.1384635867394488,0.007235103559066461,0.12244897959183672,0.14615384615384616,0.8621130228042603,0.8618358373641968,0.0033289967402912995,0.8572683930397034,0.8668311834335327,0.7942532956600189,0.7940405905246735,0.007650476432654196,0.7829580307006836,0.8136001825332642,0.8267638564109803,0.8261214792728424,0.003265698787052557,0.8227626085281372,0.8349629044532776,0.44000000000000006,0.45,0.1505545305418162,0.2,0.7,10,10,10,573.2,1.0,1.0,1,0.1,0.9536744780010648,0.018297238230573498,45
medaibase/medgemma1.5:4b,q13034,0.0,0.0,0.0,0.0,0.0,0.0,0.0,0.0,0.0,0.0,0.3843679293263012,0.42424242424242425,0.07501317182900319,0.23404255319148937,0.43809523809523804,0.029338813242479767,0.02711864406779661,0.003988782843043053,0.026905829596412557,0.03858520900321544,0.10282748218507934,0.1260135314250528,0.04454468053631902,0.011680106835568986,0.1263109475854477,0.2749215693341503,0.30303030303030304,0.050543892327009,0.17391304347826086,0.3047619047619048,0.8919656813144684,0.8941822648048401,0.004418950123788442,0.8840872049331665,0.895432710647583,0.8979163289070129,0.9018340706825256,0.008021584329875332,0.8813868761062622,0.903326153755188,0.8949263453483581,0.8982138633728027,0.006089139579068803,0.8827349543571472,0.8986220359802246,0.01,0.0,0.03162277660168379,0.0,0.1,10,6,6,300.0,0.6,0.6,4,0.4,0.9750380065706041,0.020793257225648072,45
medaibase/medgemma1.5:4b,q13067,0.0,0.0,0.0,0.0,0.0,0.0,0.0,0.0,0.0,0.0,0.21050282573761483,0.22222222222222224,0.020108682363564986,0.16981132075471697,0.2272727272727273,0.030564032184638816,0.031551295050235045,0.0026786774800918907,0.024896265560165973,0.03345724907063197,0.005776560206725962,0.006024752529730896,0.0006821795003554781,0.004497052066471466,0.0064334678730746785,0.12602316893762727,0.13333333333333333,0.013511608858542327,0.09433962264150943,0.13636363636363638,0.8560256123542785,0.8577477037906647,0.009306834703524107,0.8333166837692261,0.864848792552948,0.857734227180481,0.8582318723201752,0.0016626717691669768,0.8548167943954468,0.8597193956375122,0.8568603754043579,0.8574628233909607,0.005242114372928392,0.8443200588226318,0.8619330525398254,0.06000000000000001,0.0,0.0966091783079296,0.0,0.2,10,9,9,373.4,0.9,0.9,2,0.2,0.9583535644743177,0.02642615460330084,45
medaibase/medgemma1.5:4b,q13944,0.0,0.0,0.0,0.0,0.0,0.0,0.0,0.0,0.0,0.0,0.1787493571751027,0.17573511242895973,0.039539864902641095,0.11428571428571428,0.2345276872964169,0.04084848888621323,0.04075750542231046,0.0030274273414357578,0.03727369542066028,0.04537908135030437,0.0013563604708078324,0.000952443689437793,0.0009362260796780665,0.0003438058726765627,0.002801053204559681,0.09953048726572718,0.10149151380078861,0.017249905569811975,0.07142857142857142,0.12944983818770228,0.8616877555847168,0.8630712330341339,0.008293581520865475,0.8478924036026001,0.8751620054244995,0.789389717578888,0.786548525094986,0.00735672666821961,0.7809942960739136,0.7990971803665161,0.8239295065402985,0.82493856549263,0.00605429576471065,0.8143699765205383,0.833966851234436,0.515,0.45,0.17328524974093373,0.4,0.95,10,10,10,382.2,1.0,1.0,1,0.1,0.9275788320435419,0.017176611655396624,45
medaibase/medgemma1.5:4b,q14403,0.0,0.0,0.0,0.0,0.0,0.0,0.0,0.0,0.0,0.0,0.3164041939294914,0.2976744186046511,0.041421122236875996,0.28169014084507044,0.4,0.02880437830364848,0.02746308893138146,0.010052435759725267,0.0183206106870229,0.04404567699836868,0.022732179554739863,0.014497217485396958,0.015689145742057802,0.01140528807188926,0.049097055860580496,0.2003159006101986,0.20500415282392026,0.010609761701175415,0.1784037558685446,0.213953488372093,0.8721878111362458,0.8721675872802734,0.0026663428296318874,0.8682624101638794,0.8770869374275208,0.8574759900569916,0.8581185042858124,0.0030645264898584296,0.8523228764533997,0.8621758222579956,0.8647673189640045,0.8656647205352783,0.002513727616946037,0.8612291216850281,0.8688673377037048,0.0,0.0,0.0,0.0,0.0,10,9,9,516.1,0.9,0.9,2,0.2,0.9219498819775052,0.02081745134132497,45
medaibase/medgemma1.5:4b,q14662,0.0,0.0,0.0,0.0,0.0,0.0,0.0,0.0,0.0,0.0,0.3102688272179797,0.3205128205128205,0.025825708826724945,0.2711864406779661,0.33333333333333326,0.4212003625555211,0.43719639139486466,0.05108556997704904,0.28865979381443296,0.45454545454545453,0.04921435412548008,0.05296565173786549,0.00934174787756023,0.028622467859480888,0.056586356745712406,0.25290763850085884,0.26709401709401714,0.034514661954839834,0.1694915254237288,0.2777777777777778,0.896232795715332,0.899308443069458,0.009276412107343316,0.8722460269927979,0.9023159742355347,0.9398405134677887,0.9418904185295105,0.0027762604601765674,0.9348534345626831,0.942049503326416,0.917505532503128,0.920142263174057,0.006059730796225825,0.9024651646614075,0.9216786026954651,0.04,0.0,0.0843274042711568,0.0,0.2,10,4,4,184.4,0.4,0.4,5,0.5,0.9829795135392083,0.016253384787283356,45
medaibase/medgemma1.5:4b,q14698,0.0,0.0,0.0,0.0,0.0,0.0,0.0,0.0,0.0,0.0,0.3481013644092529,0.3547230972926083,0.03287391899880913,0.291970802919708,0.39739413680781754,0.07206609171013866,0.06955250178562175,0.009739374385147584,0.061027837259100645,0.08763505402160865,0.03854163483127861,0.04225921308302382,0.011179193245734924,0.019183634783922997,0.052092375177955966,0.2501556986612231,0.24504019470462424,0.014125911730066618,0.2335766423357664,0.2706270627062706,0.8833971798419953,0.883039265871048,0.007577538873451001,0.8731154203414917,0.8986963033676147,0.8370482921600342,0.8365294337272644,0.005310642335290634,0.8296027183532715,0.8459100723266602,0.8595685422420501,0.8596788048744202,0.0036099221912864426,0.8551957011222839,0.8644798994064331,0.1,0.0,0.21602468994692867,0.0,0.6,10,10,10,539.9,1.0,1.0,1,0.1,0.9415304130978055,0.017895437186469035,45
medaibase/medgemma1.5:4b,q14779,0.0,0.0,0.0,0.0,0.0,0.0,0.0,0.0,0.0,0.0,0.2325982682188516,0.23128342245989303,0.018500058311085858,0.20689655172413796,0.25688073394495414,0.029031371123348675,0.030776515151515152,0.00752774144866682,0.010649627263045794,0.03556771545827633,0.007591694119902124,0.0057589205806127764,0.003841158731982906,0.0036858005761649087,0.015313822724490144,0.17806421675094516,0.17739167739167738,0.028645033751878067,0.12080536912751678,0.2201834862385321,0.8580386340618134,0.8594997525215149,0.011799729379332437,0.8308292031288147,0.8721709251403809,0.8783779323101044,0.8775092363357544,0.009073512880203456,0.8573071956634521,0.8896275162696838,0.8680817425251007,0.8684501051902771,0.01023482716344878,0.8438605666160583,0.880526065826416,0.02,0.0,0.04216370213557839,0.0,0.1,10,10,10,470.3,1.0,1.0,1,0.1,0.9200291752815246,0.03371467531281963,45
medaibase/medgemma1.5:4b,q14872,0.0,0.0,0.0,0.0,0.0,0.0,0.0,0.0,0.0,0.0,0.1640109032528228,0.16456766917293233,0.029800606479386777,0.0979020979020979,0.2068965517241379,0.19987312971727458,0.19849140009048633,0.03620452812164766,0.1378579003181336,0.2556390977443609,0.04171797575695384,0.044033690824198946,0.008980036474046247,0.01935986245907871,0.05078250414574542,0.14958832206796707,0.14920634920634918,0.023578607652353794,0.0979020979020979,0.18390804597701152,0.8326474964618683,0.8348668217658997,0.009488101963655918,0.8126013875007629,0.846889078617096,0.930577301979065,0.9271318018436432,0.016256099491868847,0.9025537371635437,0.9494573473930359,0.8788484871387482,0.8824668228626251,0.010965480009189827,0.855218768119812,0.8891881108283997,0.04,0.0,0.051639777949432225,0.0,0.1,10,10,10,586.8,1.0,1.0,1,0.1,0.9550089584456549,0.018274135809747866,45
medaibase/medgemma1.5:4b,q150,0.0,0.0,0.0,0.0,0.0,0.0,0.0,0.0,0.0,0.0,0.09250513412835512,0.09398025258917926,0.012297913170287864,0.07142857142857142,0.10755813953488372,0.012586496339388539,0.0116420701350833,0.003189324886204364,0.009571558796718322,0.019634703196347032,3.2213730536616624e-05,3.044953186302824e-05,2.113957497139983e-05,3.1767316246821097e-06,6.267536850141934e-05,0.06255123117315173,0.06401441288681645,0.010553991896500735,0.04185351270553064,0.0755813953488372,0.8362182021141052,0.8367811441421509,0.004789005071988168,0.8246923685073853,0.8409065008163452,0.7495548963546753,0.7487377226352692,0.0034876549970829277,0.7441603541374207,0.7554824352264404,0.7905144035816193,0.7909074127674103,0.0036435344904495706,0.7823594808578491,0.79488205909729,0.51,0.5,0.13703203194062977,0.3,0.7,10,10,10,542.9,1.0,1.0,1,0.1,0.9257394009166293,0.021259298861241966,45
medaibase/medgemma1.5:4b,q15239,0.0,0.0,0.0,0.0,0.0,0.0,0.0,0.0,0.0,0.0,0.2878694581810409,0.2529160918098583,0.06063552285629422,0.22666666666666668,0.36363636363636365,0.013330283085473644,0.01329683510305599,0.001662955624684763,0.011214953271028037,0.016605166051660517,0.010440676880521822,0.008477940309182985,0.0029894138787287822,0.007685055254463386,0.014337115803361063,0.13897826128565166,0.12068965517241378,0.029452154482487353,0.10666666666666667,0.18181818181818182,0.8668936014175415,0.8636988997459412,0.009983289115150696,0.8533540964126587,0.8812138438224792,0.7933905720710754,0.7942149937152863,0.002854966760925228,0.7898174524307251,0.7977114915847778,0.8284964323043823,0.8261125981807709,0.005554952062727732,0.8231039047241211,0.8359247446060181,0.885,0.875,0.08514693182963201,0.7,1.0,10,8,8,423.1,0.8,0.8,2,0.2,0.9337288167741563,0.030859733459823704,45
medaibase/medgemma1.5:4b,q15500,0.0,0.0,0.0,0.0,0.0,0.0,0.0,0.0,0.0,0.0,0.2910015266765978,0.28886693017127796,0.017862045574831387,0.265625,0.3225806451612903,0.10134292263317794,0.0997654638446975,0.011598980892209333,0.08016032064128256,0.11499436302142052,0.05359405364349129,0.0542200299577941,0.004321644547942188,0.0444319994498825,0.058631017378624854,0.2124423061768176,0.2147562582345191,0.007493847524326788,0.2014388489208633,0.22058823529411764,0.8637979805469513,0.8643810451030731,0.003591490533923112,0.8547899723052979,0.8668818473815918,0.8423184812068939,0.8431510329246521,0.00507817768289682,0.8338342905044556,0.8481318354606628,0.8529108464717865,0.8531382977962494,0.0028528128494849335,0.8487560749053955,0.8566656708717346,0.19,0.2,0.05676462121975467,0.1,0.3,10,10,10,518.0,1.0,1.0,1,0.1,0.9566056728363037,0.01580426202737226,45
medaibase/medgemma1.5:4b,q15638,0.0,0.0,0.0,0.0,0.0,0.0,0.0,0.0,0.0,0.0,0.2874319973195347,0.2937366452991453,0.051454355935472894,0.20689655172413796,0.3584905660377358,0.021616529114566033,0.020752409422697446,0.004805110235612217,0.016666666666666666,0.03048065650644783,0.042892704162301565,0.04145083034257755,0.01666090376284257,0.020111428237972198,0.06930497532321182,0.17484111968866922,0.17347008547008547,0.02961587988903183,0.13636363636363635,0.21875,0.8341490626335144,0.8364045917987823,0.009546973787106422,0.8176246881484985,0.8438180685043335,0.6778154492378234,0.6757441163063049,0.005684867303604822,0.669572114944458,0.687360942363739,0.7478441536426544,0.7474434971809387,0.002896693320490211,0.7447608113288879,0.7541106939315796,0.42000000000000004,0.45,0.16193277068654824,0.1,0.6,10,10,10,534.4,1.0,1.0,1,0.1,0.9275996857219272,0.02173601516434616,45
medaibase/medgemma1.5:4b,q1581,0.0,0.0,0.0,0.0,0.0,0.0,0.0,0.0,0.0,0.0,0.23432943431751344,0.2292062659762732,0.026170791049488145,0.19999999999999996,0.2818181818181818,0.030891623944027995,0.030893762629150938,0.003790779835803666,0.026490066225165563,0.037383177570093455,0.0017478579162261624,0.0016730399531197074,0.0007011786179216693,0.0007138574024162846,0.002739596368287022,0.11963789345483966,0.1158272810255189,0.012824079815815854,0.10476190476190475,0.14545454545454545,0.8782184541225433,0.878046452999115,0.002478139781694358,0.8747630715370178,0.8831009268760681,0.7934669196605683,0.7934187650680542,0.0024601639345697692,0.7904821038246155,0.7981317043304443,0.8336885869503021,0.8336233794689178,0.0009065417355043081,0.8322337865829468,0.835040271282196,0.9199999999999999,0.9,0.05868938953886335,0.8,1.0,10,10,10,335.7,1.0,1.0,1,0.1,0.9605914155642191,0.014783804678861402,45
medaibase/medgemma1.5:4b,q15840,0.0,0.0,0.0,0.0,0.0,0.0,0.0,0.0,0.0,0.0,0.24578218772475466,0.2599533765304062,0.05152440004301827,0.14093959731543626,0.3008849557522124,0.04105826585661464,0.04769656129311871,0.01707855362901049,0.014340871483728626,0.05572441742654509,0.008345302399277067,0.009590451178111558,0.005413207789029507,0.0006342882034545282,0.014781864739645361,0.15021746205995473,0.15607913871822332,0.02345872087356278,0.10738255033557047,0.1702127659574468,0.8677298605442048,0.8679038882255554,0.005617843736340726,0.8558449745178223,0.8751165866851807,0.8347257733345032,0.8383444845676422,0.012854251843253178,0.8072453141212463,0.847844660282135,0.850881552696228,0.855148047208786,0.00883396892006624,0.8308350443840027,0.8568263053894043,0.745,0.775,0.1442413101561254,0.5,0.9,10,9,9,573.7,0.9,0.9,2,0.2,0.929923082722558,0.031177200740286248,45
medaibase/medgemma1.5:4b,q15842,0.0,0.0,0.0,0.0,0.0,0.0,0.0,0.0,0.0,0.0,0.2382293998140363,0.24349577124446237,0.023301904760600317,0.1890547263681592,0.2613065326633166,0.031431737577253815,0.030773892376596692,0.0036101888016663117,0.027314112291350532,0.03993344425956739,0.0068296079830516745,0.006899979427689826,0.0008806784797071804,0.0048927131276619105,0.008010444024080883,0.11022494963802824,0.11168663831980416,0.004928555757222426,0.09950248756218906,0.11518324607329843,0.8542864143848419,0.8555249869823456,0.00398632255097152,0.8440403938293457,0.8576897978782654,0.8139826416969299,0.8141434490680695,0.0027736744862020012,0.8073978424072266,0.8179029226303101,0.8336399257183075,0.8337945640087128,0.002099535717577829,0.8297948837280273,0.8373240232467651,0.705,0.7,0.08316649966583102,0.6,0.8,10,10,10,607.1,1.0,1.0,1,0.1,0.9654436376359727,0.013239877939198704,45
medaibase/medgemma1.5:4b,q15996,0.0,0.0,0.0,0.0,0.0,0.0,0.0,0.0,0.0,0.0,0.17088594272704863,0.17250673854447438,0.014748907001392985,0.14232209737827714,0.19718309859154928,0.024072141150033623,0.02469649193859446,0.0021327031984467505,0.021252796420581657,0.026755852842809364,0.00515838275524934,0.005489376289376379,0.0015358272746492793,0.0023210388848366095,0.006970632529451295,0.09535264176275518,0.09548517520215635,0.005319116600969324,0.08955223880597014,0.10256410256410256,0.839196902513504,0.8381564617156982,0.004453616915906677,0.8311729431152344,0.8450206518173218,0.7706631660461426,0.7709826529026031,0.006765679574322118,0.7624799013137817,0.7812920212745667,0.8034425377845764,0.8031734526157379,0.0029999512302158367,0.7992048859596252,0.8089416027069092,0.32,0.3,0.30840089349921007,0.0,1.0,10,10,10,629.0,1.0,1.0,1,0.1,0.9435586055119832,0.017404435802221313,45
medaibase/medgemma1.5:4b,q16182,0.0,0.0,0.0,0.0,0.0,0.0,0.0,0.0,0.0,0.0,0.27000418667276177,0.26902025177887245,0.010037498429202988,0.2568093385214008,0.2890625,0.0434346992963761,0.04238963171448886,0.004559710070453018,0.03855421686746988,0.05388471177944862,0.004240370388991074,0.0036270018673205287,0.0016600142206913842,0.0028613541849689724,0.007343313538620394,0.14964994035532475,0.14814871108949418,0.014861153504331016,0.12698412698412698,0.16858237547892724,0.8808342337608337,0.8825481235980988,0.0037169452229404705,0.8750073909759521,0.883957028388977,0.8221398234367371,0.8230012655258179,0.0040600355409543655,0.8161462545394897,0.8271970748901367,0.8504627048969269,0.8507114946842194,0.0017968554587187934,0.8477533459663391,0.8524677753448486,0.58,0.6,0.10327955589886444,0.4,0.7,10,9,9,515.0,0.9,0.9,2,0.2,0.9693471034367879,0.01599023065995505,45
medaibase/medgemma1.5:4b,q16186,0.0,0.0,0.0,0.0,0.0,0.0,0.0,0.0,0.0,0.0,0.1449789783074452,0.1441669764246049,0.02033182996408846,0.12063492063492065,0.1829652996845426,0.008564567349791979,0.007508780924124089,0.006320293722106842,0.002170374389582203,0.02305159165751921,0.0005866437578504203,0.0005542371160936596,0.00032003539008299524,0.00013350981760132952,0.001119977696946322,0.0777764284864139,0.07907764460656591,0.010085660882739088,0.06349206349206349,0.09463722397476342,0.8196389555931092,0.818954735994339,0.0029203140175060437,0.8159029483795166,0.8249289989471436,0.7528576672077179,0.7541958689689636,0.006283611226917566,0.7420907020568848,0.764257550239563,0.7848203778266907,0.7855328917503357,0.004184534586936082,0.7773239016532898,0.7934351563453674,0.8800000000000001,0.9,0.08881941729649484,0.7,1.0,10,9,9,452.4,0.9,0.9,2,0.2,0.9420393162303501,0.0177343627347032,45
medaibase/medgemma1.5:4b,q1625,0.0,0.0,0.0,0.0,0.0,0.0,0.0,0.0,0.0,0.0,0.26656161643201637,0.2643711915424712,0.021862820785995832,0.23904382470119523,0.3214285714285714,0.038914641144742745,0.0357384287454324,0.009828002623630023,0.03138201569100785,0.06272617611580217,0.00392885661235983,0.0023867126094620572,0.0028349835445339658,0.001458643393214222,0.008989930892492556,0.1389807972919052,0.1312819595390372,0.016039163013695314,0.12781954887218044,0.17857142857142858,0.8717980742454529,0.8696668446063995,0.005372097246009213,0.8654178380966187,0.8794763088226318,0.7997520864009857,0.7992528080940247,0.007905134062721812,0.7912395000457764,0.8183421492576599,0.8342010796070098,0.8332281708717346,0.005305792247192011,0.8282442688941956,0.8475965261459351,0.8555555555555556,0.85,0.04639803635691683,0.8,0.9,10,10,10,455.6,1.0,1.0,1,0.1,0.9631801062160068,0.016036112528257766,45
medaibase/medgemma1.5:4b,q16323,0.0,0.0,0.0,0.0,0.0,0.0,0.0,0.0,0.0,0.0,0.22604532157933802,0.23621609824812012,0.04222733311184343,0.1605351170568562,0.28213166144200624,0.02184035744013191,0.021130504305214674,0.006241997167361419,0.011494252873563218,0.03595724003887269,0.0050457662686670575,0.0054039085869203715,0.001702507136994827,0.0026993495107348275,0.007362596657447949,0.1126441422032329,0.1144770147791296,0.014988512186590752,0.08945686900958466,0.12962962962962962,0.8536165237426758,0.853581428527832,0.004162629720100061,0.8489440679550171,0.8606240749359131,0.7272196114063263,0.727362722158432,0.006746402400828399,0.7179784774780273,0.7394548654556274,0.7853528916835785,0.7856935560703278,0.004973820484356669,0.778076708316803,0.7928895950317383,0.43499999999999994,0.4,0.14916433890176295,0.2,0.7,10,10,10,594.0,1.0,1.0,1,0.1,0.9259952108065287,0.028362014572028308,45
medaibase/medgemma1.5:4b,q2381,0.0,0.0,0.0,0.0,0.0,0.0,0.0,0.0,0.0,0.0,0.23759286815817476,0.23574144486692014,0.010376778353172729,0.22813688212927755,0.26334519572953735,0.045092477925846364,0.045497671209246165,0.0011485581129256754,0.04208065458796026,0.046094750320102434,0.01146845288112678,0.01076933663778257,0.0018202544134548657,0.01027053921289227,0.01631252413325889,0.1661975121561971,0.16666666666666666,0.005551412237807974,0.1596958174904943,0.1779359430604982,0.8591551303863525,0.859783411026001,0.0022685204556683047,0.8536611199378967,0.8611729145050049,0.7990300774574279,0.7980338931083679,0.002908700726526706,0.7963773012161255,0.8067276477813721,0.8279955446720123,0.8280828595161438,0.0007460373024678501,0.8267073631286621,0.8295310735702515,0.8099999999999999,0.8,0.061463629715285927,0.7,0.9,10,9,9,523.2,0.9,0.9,2,0.2,0.9866838110817804,0.009842009393770057,45
medaibase/medgemma1.5:4b,q2519,0.0,0.0,0.0,0.0,0.0,0.0,0.0,0.0,0.0,0.0,0.16146850948675864,0.1454013988934127,0.04315920764421487,0.11486486486486487,0.22478386167146971,0.014425412917603742,0.013550932412325002,0.003825059439323176,0.011083123425692695,0.024826216484607744,0.0008441659840165762,0.0003556388392767874,0.0009124892154022979,4.3954374330912506e-05,0.0022096059433401967,0.07554830501129822,0.07708011135168574,0.011488736110200709,0.060810810810810814,0.09433962264150943,0.846795916557312,0.8436691164970398,0.00801130582637747,0.8371930122375488,0.8620902895927429,0.7622365951538086,0.7590652108192444,0.006468918204788212,0.7551350593566895,0.7712780237197876,0.8022580802440643,0.8027238249778748,0.004364930257763315,0.7944070100784302,0.8079634308815002,0.11000000000000001,0.1,0.11972189997378647,0.0,0.3,10,10,10,452.5,1.0,1.0,1,0.1,0.9307009789678785,0.021408233279953847,45
medaibase/medgemma1.5:4b,q2989,0.0,0.0,0.0,0.0,0.0,0.0,0.0,0.0,0.0,0.0,0.162206014400966,0.1543224577280305,0.023076399767723663,0.13043478260869565,0.19186046511627905,0.01596726632907148,0.015581892468539974,0.00233119818281614,0.013245033112582781,0.02004008016032064,0.00037143523819456627,0.00026243789324056086,0.00025619488793772157,0.00012619583615311632,0.000879642359954205,0.08863680054287283,0.08949749940462014,0.007328158651275225,0.0761904761904762,0.09846153846153846,0.8394610106945037,0.8383300602436066,0.004587133263459001,0.8341654539108276,0.8492174744606018,0.7610946118831634,0.7600761950016022,0.003305532046949429,0.7575680613517761,0.7666337490081787,0.7983517587184906,0.7979536056518555,0.0029320358487720834,0.7942119240760803,0.8038861155509949,0.13999999999999999,0.15000000000000002,0.09660917830792959,0.0,0.3,10,10,10,389.6,1.0,1.0,1,0.1,0.9365789903534784,0.015746535448022812,45
medaibase/medgemma1.5:4b,q3155,0.0,0.0,0.0,0.0,0.0,0.0,0.0,0.0,0.0,0.0,0.24900801439073753,0.22520969245107175,0.055077371450490145,0.20134228187919462,0.35928143712574856,0.07230521770905649,0.07146400950574305,0.005827695226191755,0.06463878326996197,0.07991587802313355,0.0168558316604003,0.011561602275338234,0.014716052945471623,0.011281124648837867,0.058601152654885025,0.18450640691476178,0.1773532152842498,0.0252777439139975,0.16107382550335572,0.22754491017964074,0.869335275888443,0.8671837449073792,0.005619788945469613,0.8618605136871338,0.8776211738586426,0.8771284818649292,0.8758576214313507,0.0032947671148208127,0.8743963241577148,0.8839794397354126,0.8732107222080231,0.871540367603302,0.004207897331814472,0.8684245347976685,0.8803128004074097,0.51,0.6,0.1286683937707919,0.3,0.6,10,10,10,512.1,1.0,1.0,1,0.1,0.9545173459582859,0.018448018056762633,45
medaibase/medgemma1.5:4b,q3456,0.0,0.0,0.0,0.0,0.0,0.0,0.0,0.0,0.0,0.0,0.2811427469127912,0.2877697841726619,0.01796809901284312,0.24444444444444444,0.3057324840764331,0.0548552973026587,0.055278486547616745,0.006588408435325199,0.043583535108958835,0.06336633663366337,0.043295536445026685,0.042722148140565935,0.007137082321350965,0.035347719203005924,0.05301493270594546,0.21395075698861174,0.2269091559050896,0.028524339194780157,0.16574585635359115,0.24203821656050956,0.8887986898422241,0.8882372975349426,0.007431425460208317,0.8747537732124329,0.8983869552612305,0.851533842086792,0.8505127131938934,0.00745382354741199,0.8430935144424438,0.86122727394104,0.8697299540042878,0.870396614074707,0.004394776844977398,0.8599497079849243,0.8740379810333252,0.0,0.0,0.0,0.0,0.0,10,9,9,435.1,0.9,0.9,2,0.2,0.9368165678448147,0.024231003848419235,45
medaibase/medgemma1.5:4b,q3838,0.0,0.0,0.0,0.0,0.0,0.0,0.0,0.0,0.0,0.0,0.37134197881423814,0.37469762941461054,0.03075571284995907,0.31137724550898205,0.4096385542168674,0.01822691956830632,0.016444005036293424,0.005514104671130095,0.015311004784688996,0.03369672943508424,0.09700275276747938,0.08874831533465122,0.020538119274458855,0.07976798416685449,0.13672736317647058,0.254702890184688,0.2515346665160245,0.015721837491436817,0.23952095808383236,0.29577464788732394,0.8719386756420135,0.8718223571777344,0.004866128486313975,0.864230751991272,0.8799266815185547,0.8898160636425019,0.890362024307251,0.003355460372194088,0.8845134377479553,0.8941934704780579,0.8807799577713012,0.8814452290534973,0.003327220573340753,0.8742544651031494,0.8854889869689941,0.005,0.0,0.015811388300841896,0.0,0.05,10,10,10,600.0,1.0,1.0,1,0.1,0.940589412053426,0.01677655431976518,45
medaibase/medgemma1.5:4b,q4150,0.0,0.0,0.0,0.0,0.0,0.0,0.0,0.0,0.0,0.0,0.12925348213794138,0.126984126984127,0.015608856671924678,0.11501597444089458,0.15527950310559005,0.013779066191324404,0.013541509311810786,0.004410815118489802,0.008526764566556135,0.019390581717451522,0.00011574697425999138,9.045950681932853e-05,6.527297720221351e-05,5.3919038427342576e-05,0.00022741596506802998,0.07039745771836994,0.06984126984126984,0.004951761593882463,0.06451612903225806,0.08176100628930817,0.8434215724468231,0.8418435752391815,0.007137230507538544,0.8342494964599609,0.8562098741531372,0.7563320517539978,0.7555775046348572,0.0027003860307121754,0.7536394596099854,0.7618764638900757,0.7975007653236389,0.7962614893913269,0.0045730178163722775,0.7921651601791382,0.8062934279441833,0.5700000000000001,0.6,0.14181364924121767,0.3,0.8,10,10,10,331.0,1.0,1.0,1,0.1,0.9570415616035461,0.023043637725539426,45
medaibase/medgemma1.5:4b,q5023,0.0,0.0,0.0,0.0,0.0,0.0,0.0,0.0,0.0,0.0,0.37445563038965285,0.36246090056012215,0.022670090343692596,0.35344827586206895,0.4260869565217391,0.13850982189923344,0.1345895629688501,0.018558085325134595,0.125,0.18994413407821228,0.09333490732456635,0.09165862276369238,0.005594723400825945,0.08703208623774379,0.1026705347127084,0.2403080363811921,0.235028764496393,0.016846474441952527,0.22413793103448276,0.2782608695652174,0.9090288341045379,0.9087016582489014,0.004560611426104873,0.9018137454986572,0.9186528325080872,0.8769536197185517,0.8774688839912415,0.0025223613620211985,0.8728369474411011,0.8800150156021118,0.8926969647407532,0.8929035067558289,0.0026499158288466203,0.8897479176521301,0.8984053134918213,0.8099999999999999,0.8,0.09067647005823633,0.6,0.9,10,10,10,582.4,1.0,1.0,1,0.1,0.9720242712232802,0.012631067326040215,45
medaibase/medgemma1.5:4b,q5872,0.0,0.0,0.0,0.0,0.0,0.0,0.0,0.0,0.0,0.0,0.1473745364941203,0.1379492600422833,0.03212870385256634,0.11764705882352941,0.22900763358778628,0.015648165971484277,0.015225706641686714,0.002358247725215808,0.012422360248447204,0.021739130434782608,0.0050583866427886415,0.0047002312549393275,0.0016007205374202007,0.0036574624627741183,0.009502869142586662,0.09386786070780417,0.08947970268724986,0.019687676470203967,0.07352941176470588,0.13740458015267176,0.8738017082214355,0.8736133575439453,0.0068028412941741195,0.8598894476890564,0.8870761394500732,0.8680990099906921,0.8670493066310883,0.002970252223308605,0.8652377128601074,0.8758823871612549,0.8709359586238861,0.8701721727848053,0.0047463690569678665,0.8625552654266357,0.8814437389373779,0.0,0.0,0.0,0.0,0.0,10,10,10,482.1,1.0,1.0,1,0.1,0.968320189581977,0.019659897653427884,45
medaibase/medgemma1.5:4b,q6028,0.0,0.0,0.0,0.0,0.0,0.0,0.0,0.0,0.0,0.0,0.3318812870921385,0.3322246455834242,0.033931613630834884,0.26315789473684215,0.3795620437956205,0.04308109250667696,0.0428559951336524,0.002404118454769474,0.038872691933916424,0.04689331770222743,0.026410648892324456,0.027106143308105818,0.0028502809718911554,0.020800368120886755,0.029301061435277057,0.21030754096489868,0.21401308615049072,0.01111903115910574,0.1866666666666667,0.22388059701492535,0.8761233508586883,0.8776022791862488,0.006761002517594315,0.8619171380996704,0.8842812776565552,0.8929768860340118,0.893963098526001,0.0046193975337229035,0.8821067214012146,0.8989121913909912,0.8844656050205231,0.8857486546039581,0.005452160679629959,0.8718950748443604,0.8915367126464844,0.975,0.975,0.026352313834736508,0.95,1.0,10,10,10,546.3,1.0,1.0,1,0.1,0.9608112123277452,0.015030884382945893,45
medaibase/medgemma1.5:4b,q6235,0.0,0.0,0.0,0.0,0.0,0.0,0.0,0.0,0.0,0.0,0.33549567164435745,0.33252056548938475,0.03615480680221654,0.29015544041450775,0.39285714285714285,0.06359156648705422,0.06114265825621368,0.009190126579946816,0.055299539170506916,0.0867739678096571,0.03735977746274661,0.03427271253771886,0.010781204472918889,0.029382821138318298,0.06372353359175147,0.1812133472788664,0.17693087958266918,0.016997287328601906,0.1641025641025641,0.21428571428571427,0.8906342267990113,0.8916182219982147,0.0034070309139106183,0.8851996064186096,0.8945412635803223,0.8727140426635742,0.8724684119224548,0.003492121136998135,0.8678059577941895,0.8786689043045044,0.8815777778625489,0.8821625113487244,0.002593600895134764,0.8764165043830872,0.8847848176956177,0.845,0.95,0.29762952362514933,0.0,0.95,10,10,10,608.3,1.0,1.0,1,0.1,0.9549314339955648,0.0234627863304084,45
medaibase/medgemma1.5:4b,q6245,0.0,0.0,0.0,0.0,0.0,0.0,0.0,0.0,0.0,0.0,0.28073222962396277,0.25879675196850394,0.046196713005710634,0.24460431654676257,0.36363636363636365,0.06359570753279659,0.05600627318514944,0.01763010520718706,0.05128205128205128,0.099644128113879,0.011853721681745106,0.01134902759179924,0.0009566170721317396,0.010988568788654035,0.013303798096767051,0.21318552243760736,0.203125,0.028238438020898184,0.18705035971223022,0.2764227642276423,0.8971038162708282,0.8973951041698456,0.007781552098278371,0.8774481415748596,0.907253623008728,0.8825645565986633,0.8825774192810059,0.0011353919760504058,0.8804538249969482,0.8844866752624512,0.8897632777690887,0.8899748921394348,0.0043661594270668685,0.8789483904838562,0.8957255482673645,0.9299999999999999,0.95,0.08563488385776756,0.7,1.0,10,10,10,476.6,1.0,1.0,1,0.1,0.9618895557191637,0.028723479962156916,45
medaibase/medgemma1.5:4b,q6483,0.0,0.0,0.0,0.0,0.0,0.0,0.0,0.0,0.0,0.0,0.25765288510433615,0.2563193774131274,0.027560262118481792,0.21940928270042193,0.2992125984251969,0.03307389450161637,0.0340660266254799,0.0029674951205898095,0.027964785085447953,0.03606748109365911,0.01089048619668092,0.010788033245062497,0.004383213844150469,0.00239790230915084,0.01954052873387507,0.1633168997541246,0.16474641972649942,0.016940325599932162,0.13229571984435795,0.184,0.8700488448143006,0.8644290268421173,0.009928546920388588,0.8608911037445068,0.887805700302124,0.8330690264701843,0.8330682516098022,0.00592226683811851,0.824164867401123,0.8422650694847107,0.8511199057102203,0.8516353368759155,0.005381799004568437,0.8445230722427368,0.8597455620765686,0.6,0.6,0.21213203435596423,0.2,0.9,10,10,10,598.9,1.0,1.0,1,0.1,0.9386879629558987,0.029901369112654525,45
medaibase/medgemma1.5:4b,q7773,0.0,0.0,0.0,0.0,0.0,0.0,0.0,0.0,0.0,0.0,0.24764030628100145,0.25167336010709507,0.050470281385076664,0.182648401826484,0.32000000000000006,0.0576180150415568,0.060948560186703186,0.030622854925426147,0.024343369634849454,0.09731299927378359,0.019772620455957617,0.018658128346249997,0.007051237330430089,0.011677975847609323,0.031151461130486505,0.16916087324102094,0.16601049868766404,0.022952055276004427,0.14035087719298248,0.20080321285140562,0.888136875629425,0.8861007392406464,0.007472652206202316,0.8805984854698181,0.9054849147796631,0.8511275827884675,0.852127194404602,0.010285552995720326,0.8378719687461853,0.8641266822814941,0.8691946148872376,0.870919942855835,0.006315906107658758,0.8607277870178223,0.8774489760398865,0.8857142857142858,0.9,0.05563486402641859,0.8,0.95,10,10,10,552.9,1.0,1.0,1,0.1,0.9390479657385085,0.022825528683757302,45
medaibase/medgemma1.5:4b,q7888,0.0,0.0,0.0,0.0,0.0,0.0,0.0,0.0,0.0,0.0,0.1219013138565023,0.11908005566542154,0.016356394941049675,0.0995850622406639,0.14814814814814814,0.005261132359716599,0.0055973298072038,0.0018169078676018868,0.00296045675618524,0.008278145695364239,1.2886485430432443e-05,1.9666319384532337e-06,1.9189653925149543e-05,6.054869455885653e-08,6.020074847169163e-05,0.07337507850438435,0.06919774360787087,0.009770520566302237,0.06327372764786794,0.08859060402684563,0.8549087703227997,0.8544344007968903,0.004132044296620374,0.8494762778282166,0.8639647960662842,0.7993131697177887,0.7984881401062012,0.007270697151822186,0.7870211601257324,0.812972903251648,0.8261634588241578,0.8250217735767365,0.004979969743100182,0.8201669454574585,0.8376935720443726,0.635,0.6,0.14539218991709588,0.5,0.95,10,10,10,459.0,1.0,1.0,1,0.1,0.9571901652548048,0.015335153937988942,45
medaibase/medgemma1.5:4b,q7954,0.0,0.0,0.0,0.0,0.0,0.0,0.0,0.0,0.0,0.0,0.24225581551409184,0.24195121951219511,0.016841331591659018,0.20689655172413793,0.2641509433962264,0.009229044113693506,0.008124580569215705,0.0025958268531882374,0.007042253521126761,0.014319809069212411,0.006029099764061406,0.005370648081140038,0.0015064383811765657,0.004964646387116196,0.009947837396193072,0.12076661553989258,0.1274920634920635,0.02066394117632766,0.08620689655172413,0.14634146341463414,0.840567123889923,0.8425281941890717,0.007588047329584781,0.8213561773300171,0.8465081453323364,0.8309536695480346,0.831355631351471,0.0032676340977517895,0.8251873254776001,0.8352299928665161,0.8357225596904755,0.8372297585010529,0.004947243790402204,0.8232672810554504,0.8408176302909851,0.445,0.3,0.3876209488662861,0.0,1.0,10,10,10,473.1,1.0,1.0,1,0.1,0.9177700718243916,0.02423037611872959,45
medaibase/medgemma1.5:4b,q8831,0.0,0.0,0.0,0.0,0.0,0.0,0.0,0.0,0.0,0.0,0.3596813309781424,0.36285266457680254,0.006156876676572437,0.35087719298245607,0.365296803652968,0.034920450338425515,0.034813430887760205,0.0009717883614052184,0.033226837060702875,0.035945363048166784,0.08642055898215073,0.08556313153544573,0.010416963310063254,0.0753924711227705,0.10922261352944121,0.24942153031105124,0.24786074745849485,0.006455739462543018,0.23684210526315788,0.2577777777777778,0.8778852760791779,0.8783464431762695,0.006053295294572908,0.8703163862228394,0.8847841620445251,0.8559964716434478,0.8557301759719849,0.001941408419400977,0.8526474833488464,0.8592371940612793,0.8667931973934173,0.8672841489315033,0.003227585334710498,0.8624559044837952,0.8700147271156311,0.81875,0.8,0.059386746958271036,0.75,0.9,10,8,8,556.3,0.8,0.8,3,0.3,0.9683707422680325,0.01612407102883798,45
medaibase/medgemma1.5:4b,q8903,0.0,0.0,0.0,0.0,0.0,0.0,0.0,0.0,0.0,0.0,0.27737239383897594,0.27289839666932414,0.051356011543884625,0.1951219512195122,0.35454545454545455,0.041211301575443046,0.03915850164665174,0.013401595458724382,0.02909090909090909,0.07148067104303428,0.019516838916672434,0.012889343325439347,0.013335445257396442,0.00752846739324388,0.041624355932751766,0.18635491790717304,0.1882363362565329,0.01684679615726864,0.15609756097560976,0.20909090909090908,0.8809698045253753,0.8793257176876068,0.006606551728953545,0.8737542629241943,0.8932164907455444,0.8398393988609314,0.8390956521034241,0.0036836755436568617,0.8352499008178711,0.8466077446937561,0.8599078476428985,0.8591160476207733,0.0047484866757021285,0.8541775345802307,0.8668377995491028,0.6428571428571429,0.8,0.32071349029490925,0.0,0.9,10,10,10,512.9,1.0,1.0,1,0.1,0.9548069344626533,0.018591848184901796,45
medaibase/medgemma1.5:4b,q8995,0.0,0.0,0.0,0.0,0.0,0.0,0.0,0.0,0.0,0.0,0.32495113126017877,0.3243243243243243,0.01385773583849788,0.30039525691699603,0.3495934959349593,0.043438623759667616,0.04350263154620448,0.0026312320158831193,0.039795338260375214,0.04744958481613286,0.010113642019318405,0.010336440239666109,0.0010404126392481502,0.007844137142118278,0.011012182354421866,0.17752250320472845,0.17760617760617758,0.007238269391847322,0.16600790513833993,0.1927710843373494,0.8793870210647583,0.8791235983371735,0.004951389314426757,0.8742825388908386,0.8894535899162292,0.8404360413551331,0.8407104015350342,0.0024937315741146737,0.8363275527954102,0.8454976081848145,0.8594641506671905,0.8585057854652405,0.00296389342687087,0.8569628000259399,0.8669188022613525,0.77,0.8,0.09189365834726815,0.6,0.9,10,9,9,549.2,0.9,0.9,2,0.2,0.9654055145051744,0.015338031254320058,45
medaibase/medgemma1.5:4b,q9738,0.0,0.0,0.0,0.0,0.0,0.0,0.0,0.0,0.0,0.0,0.29404611526020885,0.30082612116443747,0.027652153531881243,0.24324324324324326,0.3352601156069364,0.03465847890302133,0.03472752311626992,0.012149668446761557,0.017123287671232876,0.0481283422459893,0.006634360285659824,0.007197842463260114,0.0021041200876199435,0.0036038060844970536,0.009440653726740416,0.1591773095471946,0.16200593657241058,0.014150070504515767,0.1333333333333333,0.18404907975460122,0.8771841883659363,0.8778243362903595,0.0047854763084803995,0.8707603216171265,0.8845540881156921,0.8622332274913788,0.8623955249786377,0.003483262786414855,0.855435311794281,0.8660961389541626,0.86963672041893,0.8698923587799072,0.0031477692303272715,0.8631018400192261,0.8751187324523926,0.755,0.8,0.1234908903522847,0.5,0.85,10,10,10,499.0,1.0,1.0,1,0.1,0.9452493230501811,0.012689306433796508,45
medaibase/medgemma1.5:4b,q9855,0.0,0.0,0.0,0.0,0.0,0.0,0.0,0.0,0.0,0.0,0.16762559351730538,0.16251500600240096,0.026168852209454734,0.13157894736842105,0.21897810218978103,0.018977740572678058,0.019820398940314787,0.004758397334276672,0.008904719501335707,0.024734982332155476,0.01019208845423113,0.00945617343620472,0.0032549398823564623,0.006986280403265242,0.018876882350012003,0.10551108591144813,0.10666666666666666,0.01266015637607978,0.07792207792207792,0.12,0.8469497680664062,0.8467054665088654,0.0026556113570805288,0.8416768312454224,0.8504806756973267,0.8214379489421845,0.8216378390789032,0.0023718543253303088,0.8169329166412354,0.8249812126159668,0.8339955508708954,0.8342544734477997,0.0018142500106351149,0.8305155038833618,0.8367748260498047,0.5650000000000001,0.6,0.33337499739615883,0.2,1.0,10,10,10,551.1,1.0,1.0,1,0.1,0.9538154800732931,0.01390641131921563,45
