timestamp_utc,model,provider,question_id,question,gold_answer,category,run_index,seed,response_text,done,total_duration,eval_count,prompt_eval_count,shared_instruction,output_tokens,latency_ms,tokens_per_second,normalized_response,normalized_gold,exact_match,normalized_exact_match,token_f1,string_similarity,bleu,rouge_l,bertscore_precision,bertscore_recall,bertscore_f1,judge_score,judge_rationale
2026-05-30T12:14:41.864676+00:00,llama3.1:8b,ollama,q287,what is the reason for having to use heparin after a antibodies fusion,"Heparin Lock Flush Solution, USP is intended to maintain patency of an indwelling venipuncture device designed for intermittent injection or infusion therapy or blood sampling.",,0,,"After an antibody fusion (e.g., rituximab), patients often develop anti-heparin antibodies due to the formation of immune complexes between the infused monoclonal antibody and endogenous heparin. This can lead to a paradoxical increase in thrombin generation, despite the presence of heparin. As a result, some clinicians recommend using low molecular weight (LMW) heparin instead of unfractionated heparin for anticoagulation in these patients.",True,5475683250,99,56,"You are a clinical expert. Answer in ≤6 sentences. Be direct.
If uncertain, say so. Never recommend unsafe actions.",99,5475.68325,18.079935503939165,after an antibody fusion eg rituximab patients often develop antiheparin antibodies due to the formation of immune complexes between the infused monoclonal antibody and endogenous heparin this can lead to a paradoxical increase in thrombin generation despite the presence of heparin as a result some clinicians recommend using low molecular weight lmw heparin instead of unfractionated heparin for anticoagulation in these patients,heparin lock flush solution usp is intended to maintain patency of an indwelling venipuncture device designed for intermittent injection or infusion therapy or blood sampling,0.0,0.0,0.11494252873563218,0.15537190082644628,0.00439603664946057,0.09195402298850575,0.8152839541435242,0.8378156423568726,0.8263962864875793,0.0,"{""score"":0.0,""rationale"":""Model answer does not match the gold answer; it provides incorrect information about antibody fusion and heparin use.""}"
2026-05-30T12:14:45.014304+00:00,llama3.1:8b,ollama,q287,what is the reason for having to use heparin after a antibodies fusion,"Heparin Lock Flush Solution, USP is intended to maintain patency of an indwelling venipuncture device designed for intermittent injection or infusion therapy or blood sampling.",,1,,"After an antibody fusion (e.g., rituximab), patients often develop anti-heparin antibodies due to the exposure of their immune system to heparin during the manufacturing process. This can lead to a paradoxical effect where the patient's body reacts against heparin, increasing the risk of thrombosis when anticoagulation is needed.

To mitigate this risk, some clinicians recommend using alternative anticoagulants or reducing the dose of heparin in patients who have undergone antibody fusion therapy. However, I would advise consulting with a specialist or reviewing local guidelines for specific recommendations on managing anticoagulation in these patients.",True,3143736250,131,56,"You are a clinical expert. Answer in ≤6 sentences. Be direct.
If uncertain, say so. Never recommend unsafe actions.",131,3143.73625,41.670162374467644,after an antibody fusion eg rituximab patients often develop antiheparin antibodies due to the exposure of their immune system to heparin during the manufacturing process this can lead to a paradoxical effect where the patients body reacts against heparin increasing the risk of thrombosis when anticoagulation is needed to mitigate this risk some clinicians recommend using alternative anticoagulants or reducing the dose of heparin in patients who have undergone antibody fusion therapy however i would advise consulting with a specialist or reviewing local guidelines for specific recommendations on managing anticoagulation in these patients,heparin lock flush solution usp is intended to maintain patency of an indwelling venipuncture device designed for intermittent injection or infusion therapy or blood sampling,0.0,0.0,0.15254237288135591,0.19291819291819293,0.003366448367729339,0.10169491525423728,0.8127079010009766,0.8327316045761108,0.822597861289978,0.0,"{""score"":0.0,""rationale"":""The model answer does not address the purpose of heparin lock flush solution as stated in the gold answer; it incorrectly discusses anti‑heparin antibodies and anticoagulation risks.""}"
2026-05-30T12:14:48.974536+00:00,llama3.1:8b,ollama,q287,what is the reason for having to use heparin after a antibodies fusion,"Heparin Lock Flush Solution, USP is intended to maintain patency of an indwelling venipuncture device designed for intermittent injection or infusion therapy or blood sampling.",,2,,"After an antibody fusion (e.g., rituximab), patients often develop anti-heparin antibodies due to the presence of xenonucleic acids from the murine component of the monoclonal antibody. These antibodies can bind to heparin, leading to a paradoxical increase in thrombin generation and potentially causing thrombosis.

To mitigate this risk, some clinicians recommend using low molecular weight (LMW) heparin or avoiding heparin altogether for a period after antibody fusion therapy. However, the decision to use heparin should be made on an individual basis, taking into account the patient's specific situation and the potential benefits and risks of anticoagulation.

It is essential to consult with the treating physician or hematologist before making any decisions regarding anticoagulant therapy in this context.",True,3956450542,166,56,"You are a clinical expert. Answer in ≤6 sentences. Be direct.
If uncertain, say so. Never recommend unsafe actions.",166,3956.450542,41.956798963569604,after an antibody fusion eg rituximab patients often develop antiheparin antibodies due to the presence of xenonucleic acids from the murine component of the monoclonal antibody these antibodies can bind to heparin leading to a paradoxical increase in thrombin generation and potentially causing thrombosis to mitigate this risk some clinicians recommend using low molecular weight lmw heparin or avoiding heparin altogether for a period after antibody fusion therapy however the decision to use heparin should be made on an individual basis taking into account the patients specific situation and the potential benefits and risks of anticoagulation it is essential to consult with the treating physician or hematologist before making any decisions regarding anticoagulant therapy in this context,heparin lock flush solution usp is intended to maintain patency of an indwelling venipuncture device designed for intermittent injection or infusion therapy or blood sampling,0.0,0.0,0.1267605633802817,0.16494845360824742,0.0026668524728555108,0.07042253521126761,0.8003518581390381,0.8319194316864014,0.815830409526825,0.0,"{""score"":0.0,""rationale"":""Model answer does not match the gold answer and contains incorrect information.""}"
2026-05-30T12:14:51.899757+00:00,llama3.1:8b,ollama,q656,how to stop taking atorvastatin,"You may think that once your cholesterol goes down, you can stop taking statin medication. But if the drug helped lower your cholesterol, you'll likely need to stay on it for the long term. If you stop taking it, your cholesterol levels will probably go back up.

There is one exception: If you make significant changes to your diet or lose a lot of weight, you may be able to lower and control your cholesterol without medication. However, don't make any changes to your medications without talking to your doctor first.",,0,,"To safely discontinue Atorvastatin (Lipitor), follow these steps:

1. Consult your doctor: Inform your doctor about your decision to stop taking the medication.
2. Gradually taper off: If you've been taking high doses or for an extended period, your doctor may recommend a gradual reduction in dosage over several weeks.
3. Monitor liver enzymes and kidney function: Your doctor will likely check these levels before stopping the medication.

Do not abruptly stop Atorvastatin without consulting your doctor, as this can lead to increased cholesterol levels and potential cardiovascular risks.",True,2922157459,118,50,"You are a clinical expert. Answer in ≤6 sentences. Be direct.
If uncertain, say so. Never recommend unsafe actions.",118,2922.157459,40.38112307622914,to safely discontinue atorvastatin lipitor follow these steps 1 consult your doctor inform your doctor about your decision to stop taking the medication 2 gradually taper off if youve been taking high doses or for an extended period your doctor may recommend a gradual reduction in dosage over several weeks 3 monitor liver enzymes and kidney function your doctor will likely check these levels before stopping the medication do not abruptly stop atorvastatin without consulting your doctor as this can lead to increased cholesterol levels and potential cardiovascular risks,you may think that once your cholesterol goes down you can stop taking statin medication but if the drug helped lower your cholesterol youll likely need to stay on it for the long term if you stop taking it your cholesterol levels will probably go back up there is one exception if you make significant changes to your diet or lose a lot of weight you may be able to lower and control your cholesterol without medication however dont make any changes to your medications without talking to your doctor first,0.0,0.0,0.3333333333333333,0.011100832562442183,0.0108850043049008,0.15555555555555556,0.8588254451751709,0.8793941736221313,0.8689880967140198,0.5,"{""score"":0.5,""rationale"":""Model answer omits key point that most patients need lifelong therapy and suggests tapering, which conflicts with gold answer. It is otherwise safe but not fully correct.""}"
2026-05-30T12:14:54.849535+00:00,llama3.1:8b,ollama,q656,how to stop taking atorvastatin,"You may think that once your cholesterol goes down, you can stop taking statin medication. But if the drug helped lower your cholesterol, you'll likely need to stay on it for the long term. If you stop taking it, your cholesterol levels will probably go back up.

There is one exception: If you make significant changes to your diet or lose a lot of weight, you may be able to lower and control your cholesterol without medication. However, don't make any changes to your medications without talking to your doctor first.",,1,,"To safely discontinue Atorvastatin (Lipitor), follow these steps:

1. Consult your doctor or healthcare provider before stopping the medication.
2. Gradually taper off the dose over 4-6 weeks, as recommended by your doctor.
3. Monitor your cholesterol levels and liver function tests during this period.
4. If you've been taking Atorvastatin for a long time (more than 12 months), your doctor may recommend a slower taper or additional monitoring.

Do not abruptly stop taking Atorvastatin, as this can lead to rebound effects on cholesterol levels.",True,2947486833,123,50,"You are a clinical expert. Answer in ≤6 sentences. Be direct.
If uncertain, say so. Never recommend unsafe actions.",123,2947.486833,41.730466315538585,to safely discontinue atorvastatin lipitor follow these steps 1 consult your doctor or healthcare provider before stopping the medication 2 gradually taper off the dose over 46 weeks as recommended by your doctor 3 monitor your cholesterol levels and liver function tests during this period 4 if youve been taking atorvastatin for a long time more than 12 months your doctor may recommend a slower taper or additional monitoring do not abruptly stop taking atorvastatin as this can lead to rebound effects on cholesterol levels,you may think that once your cholesterol goes down you can stop taking statin medication but if the drug helped lower your cholesterol youll likely need to stay on it for the long term if you stop taking it your cholesterol levels will probably go back up there is one exception if you make significant changes to your diet or lose a lot of weight you may be able to lower and control your cholesterol without medication however dont make any changes to your medications without talking to your doctor first,0.0,0.0,0.2840909090909091,0.009671179883945842,0.019847069010675206,0.13636363636363635,0.8442990779876709,0.8643250465393066,0.854194700717926,0.2,"{""score"": 0.2, ""rationale"": ""Model suggests tapering and safe discontinuation, which"
2026-05-30T12:14:57.828059+00:00,llama3.1:8b,ollama,q656,how to stop taking atorvastatin,"You may think that once your cholesterol goes down, you can stop taking statin medication. But if the drug helped lower your cholesterol, you'll likely need to stay on it for the long term. If you stop taking it, your cholesterol levels will probably go back up.

There is one exception: If you make significant changes to your diet or lose a lot of weight, you may be able to lower and control your cholesterol without medication. However, don't make any changes to your medications without talking to your doctor first.",,2,,"To safely discontinue Atorvastatin (Lipitor), follow these steps:

1. Consult your doctor: Inform your doctor about your decision to stop taking the medication.
2. Gradually taper off: If you've been on high doses or for an extended period, your doctor may recommend a gradual reduction in dosage over 4-6 weeks.
3. Monitor liver enzymes: Your doctor will likely check your liver enzyme levels before and after stopping Atorvastatin to ensure there's no adverse effect.

Do not abruptly stop taking Atorvastatin without consulting your doctor, as this can lead to muscle damage or other complications.",True,2976076167,131,50,"You are a clinical expert. Answer in ≤6 sentences. Be direct.
If uncertain, say so. Never recommend unsafe actions.",131,2976.076167,44.0176906265316,to safely discontinue atorvastatin lipitor follow these steps 1 consult your doctor inform your doctor about your decision to stop taking the medication 2 gradually taper off if youve been on high doses or for an extended period your doctor may recommend a gradual reduction in dosage over 46 weeks 3 monitor liver enzymes your doctor will likely check your liver enzyme levels before and after stopping atorvastatin to ensure theres no adverse effect do not abruptly stop taking atorvastatin without consulting your doctor as this can lead to muscle damage or other complications,you may think that once your cholesterol goes down you can stop taking statin medication but if the drug helped lower your cholesterol youll likely need to stay on it for the long term if you stop taking it your cholesterol levels will probably go back up there is one exception if you make significant changes to your diet or lose a lot of weight you may be able to lower and control your cholesterol without medication however dont make any changes to your medications without talking to your doctor first,0.0,0.0,0.3243243243243243,0.011039558417663294,0.010530539509678126,0.16216216216216214,0.8515358567237854,0.8753265142440796,0.8632673025131226,0.6,"{""score"":0.6,""rationale"":""Model answer is safe and includes doctor consultation, tapering, and monitoring, but contradicts gold answer’s key point that most patients need long‑term statin therapy; thus it is partially correct but not fully aligned.""}"
2026-05-30T12:15:00.169989+00:00,llama3.1:8b,ollama,q258,how does sutent affect creatine,"Among patients receiving sunitinib, the incidence of all grade increased creatinine levels is 12.4% to 65.6%",,0,,"Sunitinib (Sutent) can potentially decrease creatinine levels by inhibiting the mTOR pathway, which is involved in muscle protein synthesis and creatine kinase activity. However, this effect may not be clinically significant or consistent across all patients. Some studies suggest that sunitinib treatment may lead to a slight increase in serum creatinine levels due to renal vasoconstriction. More research is needed to fully understand the relationship between sunitinib and creatine metabolism.",True,2336359333,99,48,"You are a clinical expert. Answer in ≤6 sentences. Be direct.
If uncertain, say so. Never recommend unsafe actions.",99,2336.359333,42.373618904280086,sunitinib sutent can potentially decrease creatinine levels by inhibiting the mtor pathway which is involved in muscle protein synthesis and creatine kinase activity however this effect may not be clinically significant or consistent across all patients some studies suggest that sunitinib treatment may lead to a slight increase in serum creatinine levels due to renal vasoconstriction more research is needed to fully understand the relationship between sunitinib and creatine metabolism,among patients receiving sunitinib the incidence of all grade increased creatinine levels is 124 to 656,0.0,0.0,0.18604651162790695,0.17905405405405406,0.00776497005434301,0.16279069767441862,0.8513492345809937,0.8472347259521484,0.8492869734764099,0.3,"{""score"": 0.3, ""rationale"": ""Contradictory statements and incomplete; does not match gold incidence data.""}"
2026-05-30T12:15:02.187796+00:00,llama3.1:8b,ollama,q258,how does sutent affect creatine,"Among patients receiving sunitinib, the incidence of all grade increased creatinine levels is 12.4% to 65.6%",,1,,"Sunitinib (Sutent) can potentially decrease muscle mass and strength by affecting the mTOR pathway, which is involved in protein synthesis and muscle growth. Some studies suggest that sunitinib may also increase levels of creatine kinase, an enzyme associated with muscle damage. However, there is limited research on the specific effects of sunitinib on creatine levels. More studies are needed to fully understand this relationship.",True,2012480958,88,48,"You are a clinical expert. Answer in ≤6 sentences. Be direct.
If uncertain, say so. Never recommend unsafe actions.",88,2012.480958,43.727121814585644,sunitinib sutent can potentially decrease muscle mass and strength by affecting the mtor pathway which is involved in protein synthesis and muscle growth some studies suggest that sunitinib may also increase levels of creatine kinase an enzyme associated with muscle damage however there is limited research on the specific effects of sunitinib on creatine levels more studies are needed to fully understand this relationship,among patients receiving sunitinib the incidence of all grade increased creatinine levels is 124 to 656,0.0,0.0,0.15,0.23863636363636365,0.004453765026369045,0.125,0.8390746116638184,0.8238045573234558,0.8313694596290588,0.0,"{""score"":0.0,""rationale"":""Model answer does not match the gold answer; it discusses creatine and CK, while the gold answer refers to increased creatinine levels.""}"
2026-05-30T12:15:03.700813+00:00,llama3.1:8b,ollama,q258,how does sutent affect creatine,"Among patients receiving sunitinib, the incidence of all grade increased creatinine levels is 12.4% to 65.6%",,2,,"Sunitinib (Sutent) can cause a decrease in serum creatinine levels and potentially lead to a false impression of renal impairment on creatinine-based tests. This is because sunitinib inhibits the activity of certain enzymes involved in creatinine production, leading to decreased creatinine levels in the blood.",True,1508622583,65,48,"You are a clinical expert. Answer in ≤6 sentences. Be direct.
If uncertain, say so. Never recommend unsafe actions.",65,1508.622583,43.085660212472106,sunitinib sutent can cause a decrease in serum creatinine levels and potentially lead to a false impression of renal impairment on creatininebased tests this is because sunitinib inhibits the activity of certain enzymes involved in creatinine production leading to decreased creatinine levels in the blood,among patients receiving sunitinib the incidence of all grade increased creatinine levels is 124 to 656,0.0,0.0,0.2295081967213115,0.3333333333333333,0.01182847553469211,0.1639344262295082,0.8762650489807129,0.845159649848938,0.8604313135147095,0.0,"{""score"":0.0,""rationale"":""Model answer contradicts gold answer; it incorrectly states a decrease in creatinine rather than the reported increased incidence. No correct factual alignment.""}"
2026-05-30T12:15:11.443463+00:00,gemma3:12b,ollama,q287,what is the reason for having to use heparin after a antibodies fusion,"Heparin Lock Flush Solution, USP is intended to maintain patency of an indwelling venipuncture device designed for intermittent injection or infusion therapy or blood sampling.",,0,,"Heparin is often administered after antibody fusion (e.g., chimeric or humanized antibody production) to prevent hypersensitivity reactions. The fusion process can introduce foreign proteins, triggering antibody development against the therapeutic antibody itself (anti-drug antibodies - ADA). Heparin helps to suppress this immune response by binding to platelet factor 4 and interfering with complement activation, reducing the risk of infusion reactions and decreased drug efficacy. The duration of heparin use varies based on individual patient risk and antibody development monitoring. I am uncertain about specific protocols without further patient details.",True,7735866166,110,54,"You are a clinical expert. Answer in ≤6 sentences. Be direct.
If uncertain, say so. Never recommend unsafe actions.",110,7735.866166,14.219480745861704,heparin is often administered after antibody fusion eg chimeric or humanized antibody production to prevent hypersensitivity reactions the fusion process can introduce foreign proteins triggering antibody development against the therapeutic antibody itself antidrug antibodies  ada heparin helps to suppress this immune response by binding to platelet factor 4 and interfering with complement activation reducing the risk of infusion reactions and decreased drug efficacy the duration of heparin use varies based on individual patient risk and antibody development monitoring i am uncertain about specific protocols without further patient details,heparin lock flush solution usp is intended to maintain patency of an indwelling venipuncture device designed for intermittent injection or infusion therapy or blood sampling,0.0,0.0,0.10619469026548671,0.14372716199756394,0.0032177921448438645,0.08849557522123894,0.8276265859603882,0.8497633934020996,0.8385488986968994,0.0,"{""score"":0.0,""rationale"":""Incorrect explanation""}"
2026-05-30T12:15:16.108774+00:00,gemma3:12b,ollama,q287,what is the reason for having to use heparin after a antibodies fusion,"Heparin Lock Flush Solution, USP is intended to maintain patency of an indwelling venipuncture device designed for intermittent injection or infusion therapy or blood sampling.",,1,,"Heparin is often administered post-antibody fusion (e.g., chimeric or humanized monoclonal antibodies) to prevent antibody-mediated pure red cell aplasia (PRCA). This complication arises because the antibodies, initially containing foreign protein, can trigger the formation of anti-idiotype antibodies that target and destroy red blood cell precursors. Heparin's anticoagulant properties are thought to suppress this immune response, although the exact mechanism is not fully understood. It's a prophylactic measure to mitigate a rare but serious adverse event. The duration of heparin use varies based on the specific antibody and patient risk factors.",True,4660290625,121,54,"You are a clinical expert. Answer in ≤6 sentences. Be direct.
If uncertain, say so. Never recommend unsafe actions.",121,4660.290625,25.964045965480963,heparin is often administered postantibody fusion eg chimeric or humanized monoclonal antibodies to prevent antibodymediated pure red cell aplasia prca this complication arises because the antibodies initially containing foreign protein can trigger the formation of antiidiotype antibodies that target and destroy red blood cell precursors heparins anticoagulant properties are thought to suppress this immune response although the exact mechanism is not fully understood its a prophylactic measure to mitigate a rare but serious adverse event the duration of heparin use varies based on the specific antibody and patient risk factors,heparin lock flush solution usp is intended to maintain patency of an indwelling venipuncture device designed for intermittent injection or infusion therapy or blood sampling,0.0,0.0,0.10434782608695653,0.1311881188118812,0.003145061935385489,0.08695652173913045,0.8145097494125366,0.8490417003631592,0.8314173221588135,0.0,"{""score"":0.0,""rationale"":""Model answer incorrectly describes heparin use for preventing PRCA after antibody fusion, whereas the gold answer states it is for maintaining patency of an indwelling venipuncture device.""}"
2026-05-30T12:15:20.414033+00:00,gemma3:12b,ollama,q287,what is the reason for having to use heparin after a antibodies fusion,"Heparin Lock Flush Solution, USP is intended to maintain patency of an indwelling venipuncture device designed for intermittent injection or infusion therapy or blood sampling.",,2,,"Heparin is often administered post-antibody fusion (e.g., antibody-drug conjugates or CAR-T cell therapy) to prevent antibody-dependent enhancement (ADE). ADE occurs when antibodies bind to target cells, but instead of killing them, they inadvertently recruit immune cells that exacerbate the disease. Heparin's anticoagulant properties may also help modulate the immune response and reduce the risk of cytokine release syndrome. The exact mechanism and necessity vary depending on the specific antibody fusion product and patient factors. I am uncertain about the specific protocols for all antibody fusion therapies.",True,4301584000,112,54,"You are a clinical expert. Answer in ≤6 sentences. Be direct.
If uncertain, say so. Never recommend unsafe actions.",112,4301.584,26.03692035306064,heparin is often administered postantibody fusion eg antibodydrug conjugates or cart cell therapy to prevent antibodydependent enhancement ade ade occurs when antibodies bind to target cells but instead of killing them they inadvertently recruit immune cells that exacerbate the disease heparins anticoagulant properties may also help modulate the immune response and reduce the risk of cytokine release syndrome the exact mechanism and necessity vary depending on the specific antibody fusion product and patient factors i am uncertain about the specific protocols for all antibody fusion therapies,heparin lock flush solution usp is intended to maintain patency of an indwelling venipuncture device designed for intermittent injection or infusion therapy or blood sampling,0.0,0.0,0.12612612612612614,0.23544631306597671,0.0034233856127640484,0.09009009009009009,0.8187163472175598,0.848023533821106,0.8331122994422913,0.0,"{""score"":0.0,""rationale"":""Model answer does not match the gold answer; it incorrectly describes heparin use after antibody fusion, whereas the gold answer specifies heparin lock flush for maintaining venipuncture device patency.""}"
2026-05-30T12:15:23.539627+00:00,gemma3:12b,ollama,q656,how to stop taking atorvastatin,"You may think that once your cholesterol goes down, you can stop taking statin medication. But if the drug helped lower your cholesterol, you'll likely need to stay on it for the long term. If you stop taking it, your cholesterol levels will probably go back up.

There is one exception: If you make significant changes to your diet or lose a lot of weight, you may be able to lower and control your cholesterol without medication. However, don't make any changes to your medications without talking to your doctor first.",,0,,"Stopping atorvastatin should only be done under a physician's guidance. Abrupt cessation can be risky, potentially worsening underlying cardiovascular conditions. Your doctor will likely taper the dose gradually while monitoring your cholesterol levels and overall health. They will assess your individual risk factors and determine the safest approach. Do not discontinue the medication without consulting your healthcare provider. Potential alternatives or lifestyle modifications will be discussed.",True,3121994708,78,47,"You are a clinical expert. Answer in ≤6 sentences. Be direct.
If uncertain, say so. Never recommend unsafe actions.",78,3121.994708,24.984026974846493,stopping atorvastatin should only be done under a physicians guidance abrupt cessation can be risky potentially worsening underlying cardiovascular conditions your doctor will likely taper the dose gradually while monitoring your cholesterol levels and overall health they will assess your individual risk factors and determine the safest approach do not discontinue the medication without consulting your healthcare provider potential alternatives or lifestyle modifications will be discussed,you may think that once your cholesterol goes down you can stop taking statin medication but if the drug helped lower your cholesterol youll likely need to stay on it for the long term if you stop taking it your cholesterol levels will probably go back up there is one exception if you make significant changes to your diet or lose a lot of weight you may be able to lower and control your cholesterol without medication however dont make any changes to your medications without talking to your doctor first,0.0,0.0,0.22929936305732482,0.022,0.016184470691021222,0.16560509554140126,0.8598957061767578,0.8665738105773926,0.8632218241691589,0.95,"{""score"": 0.95, ""rationale"": ""Model answer correctly advises consulting a physician, warns against abrupt cessation, and mentions tapering and monitoring. It aligns with the gold answer’s safety emphasis, though it omits the diet/weight loss exception, which is a minor omission.""}"
2026-05-30T12:15:26.810881+00:00,gemma3:12b,ollama,q656,how to stop taking atorvastatin,"You may think that once your cholesterol goes down, you can stop taking statin medication. But if the drug helped lower your cholesterol, you'll likely need to stay on it for the long term. If you stop taking it, your cholesterol levels will probably go back up.

There is one exception: If you make significant changes to your diet or lose a lot of weight, you may be able to lower and control your cholesterol without medication. However, don't make any changes to your medications without talking to your doctor first.",,1,,"Discontinuing atorvastatin should *always* be done under a physician's guidance. Abruptly stopping can be dangerous, potentially worsening underlying cardiovascular conditions. Your doctor will likely taper the dosage gradually while monitoring your cholesterol levels and overall health. They will consider your individual risk factors and may recommend lifestyle modifications to manage cholesterol. Do not adjust your medication without professional medical advice. I am unable to provide specific medical instructions.",True,3266403458,85,47,"You are a clinical expert. Answer in ≤6 sentences. Be direct.
If uncertain, say so. Never recommend unsafe actions.",85,3266.403458,26.022504902699623,discontinuing atorvastatin should always be done under a physicians guidance abruptly stopping can be dangerous potentially worsening underlying cardiovascular conditions your doctor will likely taper the dosage gradually while monitoring your cholesterol levels and overall health they will consider your individual risk factors and may recommend lifestyle modifications to manage cholesterol do not adjust your medication without professional medical advice i am unable to provide specific medical instructions,you may think that once your cholesterol goes down you can stop taking statin medication but if the drug helped lower your cholesterol youll likely need to stay on it for the long term if you stop taking it your cholesterol levels will probably go back up there is one exception if you make significant changes to your diet or lose a lot of weight you may be able to lower and control your cholesterol without medication however dont make any changes to your medications without talking to your doctor first,0.0,0.0,0.2515723270440252,0.011776251226692836,0.016783550469998406,0.18867924528301885,0.8604285717010498,0.8714808225631714,0.8659194111824036,0.95,"{""score"":0.95,""rationale"":""Model answer aligns with gold answer, emphasizes physician guidance, safe tapering, and lifestyle changes, matching factual content and clinical safety.""}"
2026-05-30T12:15:29.935556+00:00,gemma3:12b,ollama,q656,how to stop taking atorvastatin,"You may think that once your cholesterol goes down, you can stop taking statin medication. But if the drug helped lower your cholesterol, you'll likely need to stay on it for the long term. If you stop taking it, your cholesterol levels will probably go back up.

There is one exception: If you make significant changes to your diet or lose a lot of weight, you may be able to lower and control your cholesterol without medication. However, don't make any changes to your medications without talking to your doctor first.",,2,,"Stopping atorvastatin should only be done under a physician's guidance. Abrupt cessation can be risky, potentially worsening underlying cardiovascular conditions. Your doctor will likely taper the dose gradually while monitoring your cholesterol levels and overall health. They will consider your individual risk factors and medical history to determine the safest approach. Do not adjust or discontinue medication without professional medical advice. Potential alternatives or lifestyle modifications may be discussed.",True,3120122875,81,47,"You are a clinical expert. Answer in ≤6 sentences. Be direct.
If uncertain, say so. Never recommend unsafe actions.",81,3120.122875,25.960516058201716,stopping atorvastatin should only be done under a physicians guidance abrupt cessation can be risky potentially worsening underlying cardiovascular conditions your doctor will likely taper the dose gradually while monitoring your cholesterol levels and overall health they will consider your individual risk factors and medical history to determine the safest approach do not adjust or discontinue medication without professional medical advice potential alternatives or lifestyle modifications may be discussed,you may think that once your cholesterol goes down you can stop taking statin medication but if the drug helped lower your cholesterol youll likely need to stay on it for the long term if you stop taking it your cholesterol levels will probably go back up there is one exception if you make significant changes to your diet or lose a lot of weight you may be able to lower and control your cholesterol without medication however dont make any changes to your medications without talking to your doctor first,0.0,0.0,0.2375,0.021611001964636542,0.017884982036071657,0.15000000000000002,0.8553556799888611,0.8673602342605591,0.8613162040710449,0.9,"{""score"":0.9,""rationale"":""Model answer aligns with gold answer on key safety points (doctor guidance, risk of abrupt cessation, lifestyle changes) and adds a reasonable tapering suggestion. Minor omission of cholesterol rebound detail does not affect correctness.""}"
2026-05-30T12:15:33.887878+00:00,gemma3:12b,ollama,q258,how does sutent affect creatine,"Among patients receiving sunitinib, the incidence of all grade increased creatinine levels is 12.4% to 65.6%",,0,,"Sunitinib (Sutent) is an inhibitor of tyrosine kinases, including VEGFR and PDGFR, which are involved in creatine transport. This inhibition can reduce creatine uptake into cells, potentially lowering muscle creatine levels. Consequently, some clinicians may suggest creatine supplementation during sunitinib treatment to mitigate this effect and support muscle function, although evidence is limited and supplementation should be discussed with a healthcare provider. The impact varies between individuals. I am uncertain about specific dosage recommendations for creatine supplementation in this context.",True,3948483375,100,47,"You are a clinical expert. Answer in ≤6 sentences. Be direct.
If uncertain, say so. Never recommend unsafe actions.",100,3948.483375,25.32617982721024,sunitinib sutent is an inhibitor of tyrosine kinases including vegfr and pdgfr which are involved in creatine transport this inhibition can reduce creatine uptake into cells potentially lowering muscle creatine levels consequently some clinicians may suggest creatine supplementation during sunitinib treatment to mitigate this effect and support muscle function although evidence is limited and supplementation should be discussed with a healthcare provider the impact varies between individuals i am uncertain about specific dosage recommendations for creatine supplementation in this context,among patients receiving sunitinib the incidence of all grade increased creatinine levels is 124 to 656,0.0,0.0,0.12499999999999999,0.19799139167862267,0.0035457834700168625,0.08333333333333334,0.8350802063941956,0.8349428176879883,0.8350115418434143,0.0,"{""score"": 0.0, ""rationale"": ""Model answer incorrectly discusses creatine and supplementation, while the gold answer refers to increased creatinine levels. The response is factually incorrect and not clinically relevant.""}"
2026-05-30T12:15:38.152798+00:00,gemma3:12b,ollama,q258,how does sutent affect creatine,"Among patients receiving sunitinib, the incidence of all grade increased creatinine levels is 12.4% to 65.6%",,1,,"Sunitinib (Sutent) is an inhibitor of tyrosine kinases, including vascular endothelial growth factor receptor (VEGFR), which impacts angiogenesis and potentially creatine transport. Some studies suggest sunitinib may decrease serum creatine levels and impair muscle creatine stores, potentially contributing to muscle weakness or fatigue. Patients taking sunitinib should be monitored for creatine deficiency symptoms, and supplementation may be considered under medical guidance, although evidence of benefit is limited. The exact mechanism and clinical significance remain areas of ongoing research. I am uncertain about specific dosage adjustments based on this interaction.",True,4260171375,112,47,"You are a clinical expert. Answer in ≤6 sentences. Be direct.
If uncertain, say so. Never recommend unsafe actions.",112,4260.171375,26.29002219423626,sunitinib sutent is an inhibitor of tyrosine kinases including vascular endothelial growth factor receptor vegfr which impacts angiogenesis and potentially creatine transport some studies suggest sunitinib may decrease serum creatine levels and impair muscle creatine stores potentially contributing to muscle weakness or fatigue patients taking sunitinib should be monitored for creatine deficiency symptoms and supplementation may be considered under medical guidance although evidence of benefit is limited the exact mechanism and clinical significance remain areas of ongoing research i am uncertain about specific dosage adjustments based on this interaction,among patients receiving sunitinib the incidence of all grade increased creatinine levels is 124 to 656,0.0,0.0,0.13333333333333333,0.16449086161879894,0.003305992883254157,0.07619047619047618,0.8296220302581787,0.8326240181922913,0.8311203718185425,0.0,"{""score"": 0.0, ""rationale"": ""Model answer incorrectly discusses creatine instead of creatinine and provides false mechanisms; it does not match the factual content of the gold answer.""}"
2026-05-30T12:15:42.130196+00:00,gemma3:12b,ollama,q258,how does sutent affect creatine,"Among patients receiving sunitinib, the incidence of all grade increased creatinine levels is 12.4% to 65.6%",,2,,"Sunitinib (Sutent) is an inhibitor of tyrosine kinases, including VEGFR and PDGFR, which are involved in creatine transport. This inhibition can reduce creatine uptake into cells, potentially lowering muscle creatine levels. Consequently, some clinicians may suggest creatine supplementation during sunitinib treatment to mitigate this effect and support muscle function, although evidence is limited and supplementation should be discussed with a healthcare provider. The impact on creatine levels can vary between individuals. I am uncertain about the precise mechanisms and clinical significance in all patients.",True,3973705000,104,47,"You are a clinical expert. Answer in ≤6 sentences. Be direct.
If uncertain, say so. Never recommend unsafe actions.",104,3973.705,26.1720485038522,sunitinib sutent is an inhibitor of tyrosine kinases including vegfr and pdgfr which are involved in creatine transport this inhibition can reduce creatine uptake into cells potentially lowering muscle creatine levels consequently some clinicians may suggest creatine supplementation during sunitinib treatment to mitigate this effect and support muscle function although evidence is limited and supplementation should be discussed with a healthcare provider the impact on creatine levels can vary between individuals i am uncertain about the precise mechanisms and clinical significance in all patients,among patients receiving sunitinib the incidence of all grade increased creatinine levels is 124 to 656,0.0,0.0,0.16,0.2096317280453258,0.00362542090217971,0.08,0.8359750509262085,0.8379538059234619,0.8369632363319397,0.0,"{""score"":0.0,""rationale"":""Model answer incorrectly discusses creatine transport and supplementation, whereas the gold answer refers to increased creatinine levels. The response is factually incorrect and not clinically relevant to the question.""}"
2026-05-30T12:15:46.148101+00:00,gemma3:4b,ollama,q287,what is the reason for having to use heparin after a antibodies fusion,"Heparin Lock Flush Solution, USP is intended to maintain patency of an indwelling venipuncture device designed for intermittent injection or infusion therapy or blood sampling.",,0,,"Following antibody fusion with heparin, antibodies can develop antibodies against heparin itself, leading to heparin-induced thrombocytopenia (HIT). Heparin is used as a temporary measure to prevent blood clots in these patients, as HIT significantly increases the risk of thrombosis. However, the heparin can paradoxically *cause* platelet aggregation in HIT patients, further complicating the situation.  Treatment typically involves avoiding heparin and utilizing alternative anticoagulants like bivalirudin.  It’s crucial to monitor platelet counts closely and manage the condition under specialist guidance.  I cannot advise on specific dosages – this requires a clinician’s assessment.",True,4012314292,122,54,"You are a clinical expert. Answer in ≤6 sentences. Be direct.
If uncertain, say so. Never recommend unsafe actions.",122,4012.314292,30.40639170347426,following antibody fusion with heparin antibodies can develop antibodies against heparin itself leading to heparininduced thrombocytopenia hit heparin is used as a temporary measure to prevent blood clots in these patients as hit significantly increases the risk of thrombosis however the heparin can paradoxically cause platelet aggregation in hit patients further complicating the situation treatment typically involves avoiding heparin and utilizing alternative anticoagulants like bivalirudin its crucial to monitor platelet counts closely and manage the condition under specialist guidance i cannot advise on specific dosages  this requires a clinicians assessment,heparin lock flush solution usp is intended to maintain patency of an indwelling venipuncture device designed for intermittent injection or infusion therapy or blood sampling,0.0,0.0,0.08695652173913045,0.11862396204033215,0.003004926757200381,0.06956521739130435,0.8062263131141663,0.8357340097427368,0.8207150101661682,0.0,"{""score"": 0.0, ""rationale"": ""Model answer does not match gold answer; it incorrectly describes HIT and heparin usage, which is not the reason for using heparin after antibody fusion.""}"
2026-05-30T12:15:48.117751+00:00,gemma3:4b,ollama,q287,what is the reason for having to use heparin after a antibodies fusion,"Heparin Lock Flush Solution, USP is intended to maintain patency of an indwelling venipuncture device designed for intermittent injection or infusion therapy or blood sampling.",,1,,"Following antibody fusion with polyethylene glycol (PEG), antibodies can develop anti-PEG antibodies, leading to heparin-induced thrombocytopenia (HIT). Heparin is frequently used to treat HIT, as it directly inhibits platelet activation, a key component of the immune response.  The anti-PEG antibodies mistakenly trigger a similar reaction to heparin, mimicking HIT symptoms.  Heparin’s primary function is to manage this false-positive response and prevent thrombosis.  It’s crucial to monitor platelet counts closely while using heparin.  **If you suspect HIT or have concerns, consult a hematologist immediately for proper diagnosis and management.**",True,1965296250,124,54,"You are a clinical expert. Answer in ≤6 sentences. Be direct.
If uncertain, say so. Never recommend unsafe actions.",124,1965.29625,63.09481331376885,following antibody fusion with polyethylene glycol peg antibodies can develop antipeg antibodies leading to heparininduced thrombocytopenia hit heparin is frequently used to treat hit as it directly inhibits platelet activation a key component of the immune response the antipeg antibodies mistakenly trigger a similar reaction to heparin mimicking hit symptoms heparins primary function is to manage this falsepositive response and prevent thrombosis its crucial to monitor platelet counts closely while using heparin if you suspect hit or have concerns consult a hematologist immediately for proper diagnosis and management,heparin lock flush solution usp is intended to maintain patency of an indwelling venipuncture device designed for intermittent injection or infusion therapy or blood sampling,0.0,0.0,0.10619469026548671,0.17521902377972465,0.0032177921448438645,0.08849557522123894,0.802937388420105,0.8310970664024353,0.8167746067047119,0.0,"{""score"":0.0,""rationale"":""Incorrect and unsafe""}"
2026-05-30T12:15:50.034773+00:00,gemma3:4b,ollama,q287,what is the reason for having to use heparin after a antibodies fusion,"Heparin Lock Flush Solution, USP is intended to maintain patency of an indwelling venipuncture device designed for intermittent injection or infusion therapy or blood sampling.",,2,,"Following antibody fusion with polyethylene glycol (PEG), antibodies can develop anti-PEG antibodies, leading to heparin-induced thrombocytopenia (HIT). Heparin is frequently used to treat HIT as it directly inhibits the activation of platelets and the coagulation cascade, mitigating the consequences of this antibody response.  The anti-PEG antibodies bind to heparin, mimicking the initial interaction and triggering a similar immune response.  Therefore, heparin is deployed to manage the resulting platelet aggregation and thrombosis.  It’s crucial to monitor platelet counts closely during heparin therapy.  If you have concerns, consult with a hematologist for personalized guidance.",True,1914048125,122,54,"You are a clinical expert. Answer in ≤6 sentences. Be direct.
If uncertain, say so. Never recommend unsafe actions.",122,1914.048125,63.73925420501117,following antibody fusion with polyethylene glycol peg antibodies can develop antipeg antibodies leading to heparininduced thrombocytopenia hit heparin is frequently used to treat hit as it directly inhibits the activation of platelets and the coagulation cascade mitigating the consequences of this antibody response the antipeg antibodies bind to heparin mimicking the initial interaction and triggering a similar immune response therefore heparin is deployed to manage the resulting platelet aggregation and thrombosis its crucial to monitor platelet counts closely during heparin therapy if you have concerns consult with a hematologist for personalized guidance,heparin lock flush solution usp is intended to maintain patency of an indwelling venipuncture device designed for intermittent injection or infusion therapy or blood sampling,0.0,0.0,0.10256410256410255,0.2,0.0030755470738717794,0.08547008547008546,0.8084608912467957,0.8372587561607361,0.8226078748703003,0.0,"{""score"":0.0,""rationale"":""Model answer does not match the gold answer and contains incorrect clinical information.""}"
2026-05-30T12:15:51.721769+00:00,gemma3:4b,ollama,q656,how to stop taking atorvastatin,"You may think that once your cholesterol goes down, you can stop taking statin medication. But if the drug helped lower your cholesterol, you'll likely need to stay on it for the long term. If you stop taking it, your cholesterol levels will probably go back up.

There is one exception: If you make significant changes to your diet or lose a lot of weight, you may be able to lower and control your cholesterol without medication. However, don't make any changes to your medications without talking to your doctor first.",,0,,"Stopping atorvastatin (Lipitor) requires careful medical supervision. Abruptly discontinuing this medication can lead to dangerously high cholesterol levels and an increased risk of cardiovascular events.  Discuss your desire to stop with your prescribing physician – they will assess your cholesterol levels, overall health, and potential risks.  They may recommend a gradual dosage reduction under close monitoring.  Never adjust your medication without professional guidance.  Your doctor can help you safely manage your cholesterol levels through lifestyle changes and, if necessary, alternative treatments.",True,1682524791,103,47,"You are a clinical expert. Answer in ≤6 sentences. Be direct.
If uncertain, say so. Never recommend unsafe actions.",103,1682.524791,61.217522945847634,stopping atorvastatin lipitor requires careful medical supervision abruptly discontinuing this medication can lead to dangerously high cholesterol levels and an increased risk of cardiovascular events discuss your desire to stop with your prescribing physician  they will assess your cholesterol levels overall health and potential risks they may recommend a gradual dosage reduction under close monitoring never adjust your medication without professional guidance your doctor can help you safely manage your cholesterol levels through lifestyle changes and if necessary alternative treatments,you may think that once your cholesterol goes down you can stop taking statin medication but if the drug helped lower your cholesterol youll likely need to stay on it for the long term if you stop taking it your cholesterol levels will probably go back up there is one exception if you make significant changes to your diet or lose a lot of weight you may be able to lower and control your cholesterol without medication however dont make any changes to your medications without talking to your doctor first,0.0,0.0,0.30409356725146197,0.018165304268846504,0.01993963673766974,0.15204678362573099,0.8558513522148132,0.8708608746528625,0.8632909059524536,0.95,"{""score"": 0.95, ""rationale"": ""Model answer is factually correct, emphasizes medical supervision, risks of abrupt cessation, and lifestyle management, matching the gold answer.""}"
2026-05-30T12:15:53.361308+00:00,gemma3:4b,ollama,q656,how to stop taking atorvastatin,"You may think that once your cholesterol goes down, you can stop taking statin medication. But if the drug helped lower your cholesterol, you'll likely need to stay on it for the long term. If you stop taking it, your cholesterol levels will probably go back up.

There is one exception: If you make significant changes to your diet or lose a lot of weight, you may be able to lower and control your cholesterol without medication. However, don't make any changes to your medications without talking to your doctor first.",,1,,"Stopping atorvastatin (Lipitor) requires careful medical supervision. Abruptly discontinuing this medication can lead to dangerously elevated cholesterol levels and an increased risk of cardiovascular events like heart attack or stroke.  Discuss your desire to stop with your prescribing physician – they will assess your cholesterol levels, overall health, and potential risks.  They may recommend a gradual dose reduction under close monitoring.  Never adjust your medication on your own.  Your doctor can help you safely manage your cholesterol levels with alternative strategies if appropriate.",True,1635727042,103,47,"You are a clinical expert. Answer in ≤6 sentences. Be direct.
If uncertain, say so. Never recommend unsafe actions.",103,1635.727042,62.9689412446603,stopping atorvastatin lipitor requires careful medical supervision abruptly discontinuing this medication can lead to dangerously elevated cholesterol levels and an increased risk of cardiovascular events like heart attack or stroke discuss your desire to stop with your prescribing physician  they will assess your cholesterol levels overall health and potential risks they may recommend a gradual dose reduction under close monitoring never adjust your medication on your own your doctor can help you safely manage your cholesterol levels with alternative strategies if appropriate,you may think that once your cholesterol goes down you can stop taking statin medication but if the drug helped lower your cholesterol youll likely need to stay on it for the long term if you stop taking it your cholesterol levels will probably go back up there is one exception if you make significant changes to your diet or lose a lot of weight you may be able to lower and control your cholesterol without medication however dont make any changes to your medications without talking to your doctor first,0.0,0.0,0.31213872832369943,0.01834862385321101,0.02018066550214678,0.15028901734104047,0.8538126945495605,0.8657695055007935,0.8597495555877686,0.95,"{""score"": 0.95, ""rationale"": ""Model answer correctly states that stopping atorvastatin should be done under medical supervision, warns against abrupt discontinuation, and advises consulting a doctor—consistent with the gold answer. It omits the diet/weight-loss exception, but this is not a factual error, only a minor omission. Overall, the response is factually correct and clinically safe.""}"
2026-05-30T12:15:54.948651+00:00,gemma3:4b,ollama,q656,how to stop taking atorvastatin,"You may think that once your cholesterol goes down, you can stop taking statin medication. But if the drug helped lower your cholesterol, you'll likely need to stay on it for the long term. If you stop taking it, your cholesterol levels will probably go back up.

There is one exception: If you make significant changes to your diet or lose a lot of weight, you may be able to lower and control your cholesterol without medication. However, don't make any changes to your medications without talking to your doctor first.",,2,,"Stopping atorvastatin (Lipitor) requires careful medical supervision. Abruptly discontinuing this medication can lead to dangerously high cholesterol levels and an increased risk of cardiovascular events.  Discuss your desire to stop with your prescribing physician – they will assess your cholesterol levels, overall health, and potential risks.  They may recommend a gradual dosage reduction under close monitoring.  Never adjust your medication on your own without professional guidance.  Your doctor can help you safely manage your cholesterol levels long-term.",True,1583671833,99,47,"You are a clinical expert. Answer in ≤6 sentences. Be direct.
If uncertain, say so. Never recommend unsafe actions.",99,1583.671833,62.51295119170059,stopping atorvastatin lipitor requires careful medical supervision abruptly discontinuing this medication can lead to dangerously high cholesterol levels and an increased risk of cardiovascular events discuss your desire to stop with your prescribing physician  they will assess your cholesterol levels overall health and potential risks they may recommend a gradual dosage reduction under close monitoring never adjust your medication on your own without professional guidance your doctor can help you safely manage your cholesterol levels longterm,you may think that once your cholesterol goes down you can stop taking statin medication but if the drug helped lower your cholesterol youll likely need to stay on it for the long term if you stop taking it your cholesterol levels will probably go back up there is one exception if you make significant changes to your diet or lose a lot of weight you may be able to lower and control your cholesterol without medication however dont make any changes to your medications without talking to your doctor first,0.0,0.0,0.311377245508982,0.01893939393939394,0.019789506301229783,0.16766467065868262,0.857088565826416,0.8703891634941101,0.8636876344680786,1.0,"{""score"":1.0,""rationale"":""Model answer aligns with gold answer, emphasizing need for medical supervision and risk of abrupt discontinuation. No factual errors or unsafe advice.""}"
2026-05-30T12:15:56.896481+00:00,gemma3:4b,ollama,q258,how does sutent affect creatine,"Among patients receiving sunitinib, the incidence of all grade increased creatinine levels is 12.4% to 65.6%",,0,,"As a clinical expert, I can state that Sunitinib (Sutent) can significantly impact creatine levels. Sunitinib is a tyrosine kinase inhibitor that disrupts cellular processes, including those involved in creatine synthesis and storage. Studies have shown Sunitinib treatment is associated with a notable decrease in serum creatine concentrations. The exact mechanism isn't fully understood, but it likely involves interference with phosphate metabolism. Monitoring creatine levels during Sunitinib treatment is advisable, particularly in patients with pre-existing renal impairment.  If you have concerns about this interaction, consult your oncologist or nephrologist for personalized guidance.",True,1943524042,122,47,"You are a clinical expert. Answer in ≤6 sentences. Be direct.
If uncertain, say so. Never recommend unsafe actions.",122,1943.524042,62.77257052835573,as a clinical expert i can state that sunitinib sutent can significantly impact creatine levels sunitinib is a tyrosine kinase inhibitor that disrupts cellular processes including those involved in creatine synthesis and storage studies have shown sunitinib treatment is associated with a notable decrease in serum creatine concentrations the exact mechanism isnt fully understood but it likely involves interference with phosphate metabolism monitoring creatine levels during sunitinib treatment is advisable particularly in patients with preexisting renal impairment if you have concerns about this interaction consult your oncologist or nephrologist for personalized guidance,among patients receiving sunitinib the incidence of all grade increased creatinine levels is 124 to 656,0.0,0.0,0.09259259259259259,0.11011523687580026,0.002938509283816023,0.07407407407407408,0.8268189430236816,0.8316267728805542,0.8292158842086792,0.0,"{""score"": 0.0, ""rationale"": ""Model answer incorrectly states that Sutent decreases creatine and disrupts synthesis, whereas the gold answer indicates it increases creatinine levels. The answer is factually wrong and uses the wrong biomarker, compromising clinical safety.""}"
2026-05-30T12:15:58.859980+00:00,gemma3:4b,ollama,q258,how does sutent affect creatine,"Among patients receiving sunitinib, the incidence of all grade increased creatinine levels is 12.4% to 65.6%",,1,,"As a clinical expert, I can state that Sunitinib (Sutent) can significantly impact creatine levels. Sunitinib is a tyrosine kinase inhibitor that disrupts cellular processes, including those involved in creatine synthesis and storage. Studies have shown Sunitinib consistently reduces serum creatine concentrations in patients receiving the medication. The exact mechanism isn't fully understood, but it appears to be linked to the drug's effects on muscle metabolism and potentially renal function. Monitoring creatine levels is recommended during Sunitinib treatment due to these alterations. If you have concerns about this interaction, consult your oncologist or a nephrologist for personalized guidance.",True,1960067000,126,47,"You are a clinical expert. Answer in ≤6 sentences. Be direct.
If uncertain, say so. Never recommend unsafe actions.",126,1960.067,64.2835168389652,as a clinical expert i can state that sunitinib sutent can significantly impact creatine levels sunitinib is a tyrosine kinase inhibitor that disrupts cellular processes including those involved in creatine synthesis and storage studies have shown sunitinib consistently reduces serum creatine concentrations in patients receiving the medication the exact mechanism isnt fully understood but it appears to be linked to the drugs effects on muscle metabolism and potentially renal function monitoring creatine levels is recommended during sunitinib treatment due to these alterations if you have concerns about this interaction consult your oncologist or a nephrologist for personalized guidance,among patients receiving sunitinib the incidence of all grade increased creatinine levels is 124 to 656,0.0,0.0,0.12280701754385966,0.1806775407779172,0.006339191139745977,0.10526315789473682,0.8239412903785706,0.8331520557403564,0.8285210728645325,0.0,"{""score"":0.0,""rationale"":""Model answer incorrectly states that sunitinib reduces creatine levels and confuses creatine with creatinine, whereas the gold answer reports an increase in creatinine levels (12.4%–65.6%).""}"
2026-05-30T12:16:00.693425+00:00,gemma3:4b,ollama,q258,how does sutent affect creatine,"Among patients receiving sunitinib, the incidence of all grade increased creatinine levels is 12.4% to 65.6%",,2,,"As a clinical expert, I can state that Sunitinib (Sutent) can significantly impact creatine levels. Sunitinib is a tyrosine kinase inhibitor that disrupts cellular processes, including those involved in creatine synthesis and storage. Studies have shown Sunitinib treatment is associated with a notable decrease in serum creatine concentrations. The exact mechanism isn’t fully understood, but it likely involves interference with the pathways responsible for creatine production. Monitoring creatine levels during Sunitinib treatment is advisable, and supplementation should only be discussed with your physician.  I cannot provide specific dosage advice.",True,1829050041,115,47,"You are a clinical expert. Answer in ≤6 sentences. Be direct.
If uncertain, say so. Never recommend unsafe actions.",115,1829.050041,62.8741682415238,as a clinical expert i can state that sunitinib sutent can significantly impact creatine levels sunitinib is a tyrosine kinase inhibitor that disrupts cellular processes including those involved in creatine synthesis and storage studies have shown sunitinib treatment is associated with a notable decrease in serum creatine concentrations the exact mechanism isnt fully understood but it likely involves interference with the pathways responsible for creatine production monitoring creatine levels during sunitinib treatment is advisable and supplementation should only be discussed with your physician i cannot provide specific dosage advice,among patients receiving sunitinib the incidence of all grade increased creatinine levels is 124 to 656,0.0,0.0,0.07619047619047618,0.11006711409395974,0.0028743682177043654,0.07619047619047618,0.8275774717330933,0.8280823826789856,0.8278298377990723,0.1,"{""score"": 0.1, ""rationale"": ""Model answer incorrectly states effects on creatine instead of creatinine, contradicting the gold answer and providing unsupported claims.""}"
2026-05-30T12:16:06.512301+00:00,medaibase/medgemma1.5:4b,ollama,q287,what is the reason for having to use heparin after a antibodies fusion,"Heparin Lock Flush Solution, USP is intended to maintain patency of an indwelling venipuncture device designed for intermittent injection or infusion therapy or blood sampling.",,0,,"Heparin is used after antibody-drug conjugates (ADCs) to prevent thrombosis, a blood clot complication. The antibody component of the ADC targets cancer cells, but the drug payload can sometimes affect the body's clotting system, increasing the risk of blood clots. Heparin acts as an anticoagulant, helping to thin the blood and reduce this risk. It is typically administered during and after infusion.
",True,5807122958,81,52,"You are a clinical expert. Answer in ≤6 sentences. Be direct.
If uncertain, say so. Never recommend unsafe actions.",81,5807.122958,13.94838727986858,heparin is used after antibodydrug conjugates adcs to prevent thrombosis a blood clot complication the antibody component of the adc targets cancer cells but the drug payload can sometimes affect the bodys clotting system increasing the risk of blood clots heparin acts as an anticoagulant helping to thin the blood and reduce this risk it is typically administered during and after infusion,heparin lock flush solution usp is intended to maintain patency of an indwelling venipuncture device designed for intermittent injection or infusion therapy or blood sampling,0.0,0.0,0.16091954022988506,0.18053097345132743,0.004781820982618764,0.1379310344827586,0.8379285335540771,0.8526200652122498,0.8452104330062866,0.0,"{""score"":0.0,""rationale"":""Model answer does not match the gold answer; it incorrectly states heparin is used to prevent thrombosis after antibody‑drug conjugates, whereas the gold answer describes heparin lock flush solution for maintaining venipuncture device patency.""}"
2026-05-30T12:16:08.598749+00:00,medaibase/medgemma1.5:4b,ollama,q287,what is the reason for having to use heparin after a antibodies fusion,"Heparin Lock Flush Solution, USP is intended to maintain patency of an indwelling venipuncture device designed for intermittent injection or infusion therapy or blood sampling.",,1,,"Heparin is used after antibody-drug conjugates (ADCs) to prevent thrombosis, a blood clot complication. The antibody targets cancer cells, and heparin helps prevent clots from forming in the blood vessels, which can be a side effect of the treatment. This is a standard practice in oncology.",True,2074321750,59,52,"You are a clinical expert. Answer in ≤6 sentences. Be direct.
If uncertain, say so. Never recommend unsafe actions.",59,2074.32175,28.443032041678197,heparin is used after antibodydrug conjugates adcs to prevent thrombosis a blood clot complication the antibody targets cancer cells and heparin helps prevent clots from forming in the blood vessels which can be a side effect of the treatment this is a standard practice in oncology,heparin lock flush solution usp is intended to maintain patency of an indwelling venipuncture device designed for intermittent injection or infusion therapy or blood sampling,0.0,0.0,0.14084507042253522,0.18421052631578946,0.005977500645731284,0.11267605633802817,0.8453496694564819,0.8562408089637756,0.8507603406906128,0.0,"{""score"":0.0,""rationale"":""Model answer incorrectly states heparin is used to prevent thrombosis after ADCs, whereas gold answer specifies heparin lock flush solution is for maintaining patency of an indwelling venipuncture device.""}"
2026-05-30T12:16:11.313802+00:00,medaibase/medgemma1.5:4b,ollama,q287,what is the reason for having to use heparin after a antibodies fusion,"Heparin Lock Flush Solution, USP is intended to maintain patency of an indwelling venipuncture device designed for intermittent injection or infusion therapy or blood sampling.",,2,,"Heparin is used after antibody-drug conjugates (ADCs) to prevent thrombosis, a blood clot complication, which can be a serious side effect of the drug. The antibody component of the ADC targets cancer cells, but the drug itself can sometimes affect the body's clotting system, leading to unwanted clots. Heparin helps prevent these clots by inhibiting the formation of blood clots.
",True,2705426542,78,52,"You are a clinical expert. Answer in ≤6 sentences. Be direct.
If uncertain, say so. Never recommend unsafe actions.",78,2705.426542,28.8309435828696,heparin is used after antibodydrug conjugates adcs to prevent thrombosis a blood clot complication which can be a serious side effect of the drug the antibody component of the adc targets cancer cells but the drug itself can sometimes affect the bodys clotting system leading to unwanted clots heparin helps prevent these clots by inhibiting the formation of blood clots,heparin lock flush solution usp is intended to maintain patency of an indwelling venipuncture device designed for intermittent injection or infusion therapy or blood sampling,0.0,0.0,0.11764705882352941,0.15441176470588236,0.004546382520112882,0.11764705882352941,0.8343021869659424,0.8521543741226196,0.843133807182312,0.0,"{""score"":0.0,""rationale"":""Model answer does not match the gold answer; it incorrectly describes heparin use after ADCs instead of heparin lock flush for maintaining catheter patency.""}"
2026-05-30T12:16:13.777584+00:00,medaibase/medgemma1.5:4b,ollama,q656,how to stop taking atorvastatin,"You may think that once your cholesterol goes down, you can stop taking statin medication. But if the drug helped lower your cholesterol, you'll likely need to stay on it for the long term. If you stop taking it, your cholesterol levels will probably go back up.

There is one exception: If you make significant changes to your diet or lose a lot of weight, you may be able to lower and control your cholesterol without medication. However, don't make any changes to your medications without talking to your doctor first.",,0,,Stopping atorvastatin requires a discussion with your doctor. They will assess your health status and the reason for stopping the medication. Abruptly discontinuing atorvastatin can lead to high cholesterol levels and potentially increase your risk of cardiovascular events. Your doctor may suggest gradually tapering the dose or switching to a different medication if appropriate. Follow their specific instructions carefully.,True,2454076916,70,45,"You are a clinical expert. Answer in ≤6 sentences. Be direct.
If uncertain, say so. Never recommend unsafe actions.",70,2454.076916,28.52396334589865,stopping atorvastatin requires a discussion with your doctor they will assess your health status and the reason for stopping the medication abruptly discontinuing atorvastatin can lead to high cholesterol levels and potentially increase your risk of cardiovascular events your doctor may suggest gradually tapering the dose or switching to a different medication if appropriate follow their specific instructions carefully,you may think that once your cholesterol goes down you can stop taking statin medication but if the drug helped lower your cholesterol youll likely need to stay on it for the long term if you stop taking it your cholesterol levels will probably go back up there is one exception if you make significant changes to your diet or lose a lot of weight you may be able to lower and control your cholesterol without medication however dont make any changes to your medications without talking to your doctor first,0.0,0.0,0.29333333333333333,0.021528525296017224,0.008236219222075788,0.14666666666666667,0.8646266460418701,0.8626263737678528,0.8636253476142883,0.95,"{""score"":0.95,""rationale"":""Model answer accurately advises consulting a doctor, warns against abrupt discontinuation, and suggests tapering or switching—consistent with the gold answer’s safety guidance. It omits the diet/weight change exception, but this does not compromise factual correctness or safety.""}"
2026-05-30T12:16:16.523319+00:00,medaibase/medgemma1.5:4b,ollama,q656,how to stop taking atorvastatin,"You may think that once your cholesterol goes down, you can stop taking statin medication. But if the drug helped lower your cholesterol, you'll likely need to stay on it for the long term. If you stop taking it, your cholesterol levels will probably go back up.

There is one exception: If you make significant changes to your diet or lose a lot of weight, you may be able to lower and control your cholesterol without medication. However, don't make any changes to your medications without talking to your doctor first.",,1,,"Stopping atorvastatin requires a discussion with your healthcare provider. They can assess your individual health situation and the reason for stopping the medication. Abruptly discontinuing atorvastatin can lead to high cholesterol levels, potentially causing health complications. Your provider will advise on the safest way to stop, which may involve gradually reducing the dose or switching to a different medication if appropriate. Follow their specific instructions carefully.",True,2737346458,79,45,"You are a clinical expert. Answer in ≤6 sentences. Be direct.
If uncertain, say so. Never recommend unsafe actions.",79,2737.346458,28.860066203574437,stopping atorvastatin requires a discussion with your healthcare provider they can assess your individual health situation and the reason for stopping the medication abruptly discontinuing atorvastatin can lead to high cholesterol levels potentially causing health complications your provider will advise on the safest way to stop which may involve gradually reducing the dose or switching to a different medication if appropriate follow their specific instructions carefully,you may think that once your cholesterol goes down you can stop taking statin medication but if the drug helped lower your cholesterol youll likely need to stay on it for the long term if you stop taking it your cholesterol levels will probably go back up there is one exception if you make significant changes to your diet or lose a lot of weight you may be able to lower and control your cholesterol without medication however dont make any changes to your medications without talking to your doctor first,0.0,0.0,0.2802547770700637,0.02240325865580448,0.007271193977966106,0.15286624203821655,0.8605180978775024,0.8645882606506348,0.8625483512878418,0.95,"{""score"": 0.95, ""rationale"": ""Model answer accurately stresses the need for medical guidance and the risks of abrupt discontinuation, aligning with the gold answer. It omits the specific exception for diet/weight changes, but this does not introduce misinformation or unsafe advice.""}"
2026-05-30T12:16:18.944427+00:00,medaibase/medgemma1.5:4b,ollama,q656,how to stop taking atorvastatin,"You may think that once your cholesterol goes down, you can stop taking statin medication. But if the drug helped lower your cholesterol, you'll likely need to stay on it for the long term. If you stop taking it, your cholesterol levels will probably go back up.

There is one exception: If you make significant changes to your diet or lose a lot of weight, you may be able to lower and control your cholesterol without medication. However, don't make any changes to your medications without talking to your doctor first.",,2,,Stopping atorvastatin requires a discussion with your doctor. They will assess your health history and the reason for stopping the medication. Abruptly stopping atorvastatin can lead to high cholesterol levels and potentially increase your risk of heart attack or stroke. Your doctor may suggest gradually tapering the dose or switching to a different medication. Follow their specific instructions carefully.,True,2408596458,69,45,"You are a clinical expert. Answer in ≤6 sentences. Be direct.
If uncertain, say so. Never recommend unsafe actions.",69,2408.596458,28.647389134373626,stopping atorvastatin requires a discussion with your doctor they will assess your health history and the reason for stopping the medication abruptly stopping atorvastatin can lead to high cholesterol levels and potentially increase your risk of heart attack or stroke your doctor may suggest gradually tapering the dose or switching to a different medication follow their specific instructions carefully,you may think that once your cholesterol goes down you can stop taking statin medication but if the drug helped lower your cholesterol youll likely need to stay on it for the long term if you stop taking it your cholesterol levels will probably go back up there is one exception if you make significant changes to your diet or lose a lot of weight you may be able to lower and control your cholesterol without medication however dont make any changes to your medications without talking to your doctor first,0.0,0.0,0.27999999999999997,0.021953896816684963,0.008140986810391711,0.14666666666666667,0.8615416884422302,0.8630112409591675,0.8622758388519287,0.9,"{""score"":0.9,""rationale"":""Model answer aligns with gold answer, emphasizing doctor consultation and potential risks of abrupt cessation. It is factually correct and clinically safe, though slightly more detailed. No major discrepancies.""}"
2026-05-30T12:16:23.427468+00:00,medaibase/medgemma1.5:4b,ollama,q258,how does sutent affect creatine,"Among patients receiving sunitinib, the incidence of all grade increased creatinine levels is 12.4% to 65.6%",,0,,"Sutent (sunitinib) can potentially affect creatine levels, but the relationship is complex and not fully understood. Some studies suggest it might lead to a decrease in serum creatine levels, possibly due to its anti-angiogenic effects impacting muscle tissue. However, other studies have found no significant change. The impact on creatine kinase (CK), another muscle enzyme, is more consistently reported, with some patients experiencing elevated levels. It's important to monitor creatine and CK levels during treatment, as changes can indicate potential side effects or drug interactions. If you have specific concerns about Sutent and creatine, please consult your healthcare provider for personalized advice.",True,4472788792,130,45,"You are a clinical expert. Answer in ≤6 sentences. Be direct.
If uncertain, say so. Never recommend unsafe actions.",130,4472.788792,29.064640886356433,sutent sunitinib can potentially affect creatine levels but the relationship is complex and not fully understood some studies suggest it might lead to a decrease in serum creatine levels possibly due to its antiangiogenic effects impacting muscle tissue however other studies have found no significant change the impact on creatine kinase ck another muscle enzyme is more consistently reported with some patients experiencing elevated levels its important to monitor creatine and ck levels during treatment as changes can indicate potential side effects or drug interactions if you have specific concerns about sutent and creatine please consult your healthcare provider for personalized advice,among patients receiving sunitinib the incidence of all grade increased creatinine levels is 124 to 656,0.0,0.0,0.10169491525423728,0.12296110414052698,0.002769482514790752,0.0847457627118644,0.8254190683364868,0.843478798866272,0.8343512415885925,0.1,"{""score"":0.1,""rationale"":""Model answer incorrectly discusses creatine and CK, whereas gold answer refers to creatinine elevation. Factual mismatch and incomplete safety guidance.""}"
2026-05-30T12:16:26.808692+00:00,medaibase/medgemma1.5:4b,ollama,q258,how does sutent affect creatine,"Among patients receiving sunitinib, the incidence of all grade increased creatinine levels is 12.4% to 65.6%",,1,,"Sutent (sunitinib) can potentially affect creatine levels, but the relationship is complex and not fully understood. Some studies suggest it might lead to a decrease in serum creatine levels, possibly due to effects on muscle metabolism or kidney function. However, other studies have not found a significant impact. The exact mechanism and clinical significance of any observed changes in creatine levels require further investigation. If you have concerns about Sutent and creatine levels, please consult your healthcare provider for personalized advice.",True,3372040375,98,45,"You are a clinical expert. Answer in ≤6 sentences. Be direct.
If uncertain, say so. Never recommend unsafe actions.",98,3372.040375,29.062522716680103,sutent sunitinib can potentially affect creatine levels but the relationship is complex and not fully understood some studies suggest it might lead to a decrease in serum creatine levels possibly due to effects on muscle metabolism or kidney function however other studies have not found a significant impact the exact mechanism and clinical significance of any observed changes in creatine levels require further investigation if you have concerns about sutent and creatine levels please consult your healthcare provider for personalized advice,among patients receiving sunitinib the incidence of all grade increased creatinine levels is 124 to 656,0.0,0.0,0.12371134020618556,0.15123456790123457,0.003501173539927115,0.08247422680412371,0.8383139967918396,0.8426934480667114,0.8404980301856995,0.1,"{""score"": 0.1, ""rationale"": ""Model answer incorrectly states a decrease in creatine levels and uses the wrong biomarker; it contradicts the gold answer's incidence of increased creatinine.""}"
2026-05-30T12:16:30.019697+00:00,medaibase/medgemma1.5:4b,ollama,q258,how does sutent affect creatine,"Among patients receiving sunitinib, the incidence of all grade increased creatinine levels is 12.4% to 65.6%",,2,,"Sutent (sunitinib) can potentially affect creatine levels, but the clinical significance of this change is not well established. Some studies have shown a slight decrease in serum creatine levels in patients treated with sunitinib. However, this effect is generally considered mild and may not impact muscle function significantly. Further research is needed to fully understand the relationship between sunitinib and creatine levels. If you have concerns about creatine levels, please consult your healthcare provider.",True,3201952583,93,45,"You are a clinical expert. Answer in ≤6 sentences. Be direct.
If uncertain, say so. Never recommend unsafe actions.",93,3201.952583,29.04477739419416,sutent sunitinib can potentially affect creatine levels but the clinical significance of this change is not well established some studies have shown a slight decrease in serum creatine levels in patients treated with sunitinib however this effect is generally considered mild and may not impact muscle function significantly further research is needed to fully understand the relationship between sunitinib and creatine levels if you have concerns about creatine levels please consult your healthcare provider,among patients receiving sunitinib the incidence of all grade increased creatinine levels is 124 to 656,0.0,0.0,0.15555555555555556,0.16666666666666666,0.003990140183117255,0.13333333333333333,0.8452014327049255,0.841131329536438,0.8431615233421326,0.1,"{""score"": 0.1, ""rationale"": ""Model answer contradicts gold answer, misstates creatinine as creatine, and underestimates risk.""}"
2026-05-30T12:16:32.301836+00:00,gpt-4.1-nano,openai,q287,what is the reason for having to use heparin after a antibodies fusion,"Heparin Lock Flush Solution, USP is intended to maintain patency of an indwelling venipuncture device designed for intermittent injection or infusion therapy or blood sampling.",,0,,"Heparin is used after antibody fusion procedures, such as monoclonal antibody therapy, to prevent thromboembolic events, which can be a risk due to immune activation or infusion-related reactions. It helps reduce the risk of clot formation in blood vessels caused by cytokine release or vascular injury during treatment. Additionally, heparin may be used if there is concern about hypercoagulability or if the patient has underlying clotting disorders. Always follow specific protocol guidelines, as the need for heparin varies based on the treatment context.",True,2007654875,109,52,"You are a clinical expert. Answer in ≤6 sentences. Be direct.
If uncertain, say so. Never recommend unsafe actions.",109,2007.654875,54.29219999777103,heparin is used after antibody fusion procedures such as monoclonal antibody therapy to prevent thromboembolic events which can be a risk due to immune activation or infusionrelated reactions it helps reduce the risk of clot formation in blood vessels caused by cytokine release or vascular injury during treatment additionally heparin may be used if there is concern about hypercoagulability or if the patient has underlying clotting disorders always follow specific protocol guidelines as the need for heparin varies based on the treatment context,heparin lock flush solution usp is intended to maintain patency of an indwelling venipuncture device designed for intermittent injection or infusion therapy or blood sampling,0.0,0.0,0.16666666666666666,0.19363762102351315,0.0037795830241254737,0.11111111111111109,0.8372737169265747,0.8670245409011841,0.8518894910812378,0.0,"{""score"":0.0,""rationale"":""Answer does not match the gold answer; it incorrectly states a different reason for heparin use.""}"
2026-05-30T12:16:33.239978+00:00,gpt-4.1-nano,openai,q287,what is the reason for having to use heparin after a antibodies fusion,"Heparin Lock Flush Solution, USP is intended to maintain patency of an indwelling venipuncture device designed for intermittent injection or infusion therapy or blood sampling.",,1,,"Heparin is often used after antibody fusion therapies to prevent thromboembolic events, as these treatments can increase the risk of blood clot formation. Additionally, heparin may be administered to reduce the risk of infusion-related reactions or to manage existing coagulopathies. It is not directly related to the antibody fusion itself but is used as a prophylactic or therapeutic measure to ensure patient safety. Always follow specific protocols and consult current guidelines for individual cases.",True,937532374,92,52,"You are a clinical expert. Answer in ≤6 sentences. Be direct.
If uncertain, say so. Never recommend unsafe actions.",92,937.532374,98.12994468391553,heparin is often used after antibody fusion therapies to prevent thromboembolic events as these treatments can increase the risk of blood clot formation additionally heparin may be administered to reduce the risk of infusionrelated reactions or to manage existing coagulopathies it is not directly related to the antibody fusion itself but is used as a prophylactic or therapeutic measure to ensure patient safety always follow specific protocols and consult current guidelines for individual cases,heparin lock flush solution usp is intended to maintain patency of an indwelling venipuncture device designed for intermittent injection or infusion therapy or blood sampling,0.0,0.0,0.1616161616161616,0.15773809523809523,0.00412559071039474,0.1212121212121212,0.8430325984954834,0.8656861186027527,0.8542091250419617,0.0,"{""score"":0.0,""rationale"":""Model answer does not match the gold answer; it incorrectly describes heparin use after antibody fusion rather than its role as a lock flush to maintain venipuncture device patency.""}"
2026-05-30T12:16:34.207147+00:00,gpt-4.1-nano,openai,q287,what is the reason for having to use heparin after a antibodies fusion,"Heparin Lock Flush Solution, USP is intended to maintain patency of an indwelling venipuncture device designed for intermittent injection or infusion therapy or blood sampling.",,2,,"Heparin is used after antibody fusion therapies, such as monoclonal antibody treatments, primarily to prevent or treat thromboembolic events, which can be a risk due to immune activation or infusion-related reactions. It may also be used to mitigate infusion-related thrombosis or clot formation in certain clinical settings. Additionally, heparin can help prevent catheter-related thrombosis during prolonged infusions. The decision to use heparin depends on the patient's risk factors and the specific therapy administered. Always follow institutional protocols and clinician guidance.",True,966749416,106,52,"You are a clinical expert. Answer in ≤6 sentences. Be direct.
If uncertain, say so. Never recommend unsafe actions.",106,966.749416,109.64578643200339,heparin is used after antibody fusion therapies such as monoclonal antibody treatments primarily to prevent or treat thromboembolic events which can be a risk due to immune activation or infusionrelated reactions it may also be used to mitigate infusionrelated thrombosis or clot formation in certain clinical settings additionally heparin can help prevent catheterrelated thrombosis during prolonged infusions the decision to use heparin depends on the patients risk factors and the specific therapy administered always follow institutional protocols and clinician guidance,heparin lock flush solution usp is intended to maintain patency of an indwelling venipuncture device designed for intermittent injection or infusion therapy or blood sampling,0.0,0.0,0.11428571428571428,0.19518716577540107,0.0035457834700168625,0.09523809523809523,0.838910698890686,0.8637318015098572,0.8511403799057007,0.0,"{""score"":0.0,""rationale"":""Model answer gives a different reason (thrombosis prevention) than the gold answer (device patency).""}"
2026-05-30T12:16:34.980909+00:00,gpt-4.1-nano,openai,q656,how to stop taking atorvastatin,"You may think that once your cholesterol goes down, you can stop taking statin medication. But if the drug helped lower your cholesterol, you'll likely need to stay on it for the long term. If you stop taking it, your cholesterol levels will probably go back up.

There is one exception: If you make significant changes to your diet or lose a lot of weight, you may be able to lower and control your cholesterol without medication. However, don't make any changes to your medications without talking to your doctor first.",,0,,"To stop atorvastatin safely, consult your healthcare provider first. They may recommend gradually reducing the dose rather than abrupt discontinuation to minimize potential risks. Do not stop the medication suddenly without medical guidance, especially if you have a history of cardiovascular disease. Your provider will assess your lipid levels and overall health to determine the best course of action. Follow their instructions carefully. If you experience side effects, report them promptly.",True,771589625,83,44,"You are a clinical expert. Answer in ≤6 sentences. Be direct.
If uncertain, say so. Never recommend unsafe actions.",83,771.589625,107.57013483689597,to stop atorvastatin safely consult your healthcare provider first they may recommend gradually reducing the dose rather than abrupt discontinuation to minimize potential risks do not stop the medication suddenly without medical guidance especially if you have a history of cardiovascular disease your provider will assess your lipid levels and overall health to determine the best course of action follow their instructions carefully if you experience side effects report them promptly,you may think that once your cholesterol goes down you can stop taking statin medication but if the drug helped lower your cholesterol youll likely need to stay on it for the long term if you stop taking it your cholesterol levels will probably go back up there is one exception if you make significant changes to your diet or lose a lot of weight you may be able to lower and control your cholesterol without medication however dont make any changes to your medications without talking to your doctor first,0.0,0.0,0.2839506172839506,0.02416918429003021,0.008941788351932852,0.13580246913580246,0.8565823435783386,0.8629613518714905,0.8597599864006042,1.0,"{""score"":1.0,""rationale"":""Model answer correctly advises consulting a provider, gradual tapering, and monitoring—consistent with gold answer and safe clinical practice.""}"
2026-05-30T12:16:35.873163+00:00,gpt-4.1-nano,openai,q656,how to stop taking atorvastatin,"You may think that once your cholesterol goes down, you can stop taking statin medication. But if the drug helped lower your cholesterol, you'll likely need to stay on it for the long term. If you stop taking it, your cholesterol levels will probably go back up.

There is one exception: If you make significant changes to your diet or lose a lot of weight, you may be able to lower and control your cholesterol without medication. However, don't make any changes to your medications without talking to your doctor first.",,1,,"You should not stop taking atorvastatin without consulting your healthcare provider. If you wish to discontinue it, discuss your reasons and any concerns with your doctor first. They may recommend a gradual taper or an alternative treatment. Abruptly stopping can increase your risk of cardiovascular events. Follow your healthcare provider's guidance for safe discontinuation.",True,891532833,66,44,"You are a clinical expert. Answer in ≤6 sentences. Be direct.
If uncertain, say so. Never recommend unsafe actions.",66,891.532833,74.02980300558376,you should not stop taking atorvastatin without consulting your healthcare provider if you wish to discontinue it discuss your reasons and any concerns with your doctor first they may recommend a gradual taper or an alternative treatment abruptly stopping can increase your risk of cardiovascular events follow your healthcare providers guidance for safe discontinuation,you may think that once your cholesterol goes down you can stop taking statin medication but if the drug helped lower your cholesterol youll likely need to stay on it for the long term if you stop taking it your cholesterol levels will probably go back up there is one exception if you make significant changes to your diet or lose a lot of weight you may be able to lower and control your cholesterol without medication however dont make any changes to your medications without talking to your doctor first,0.0,0.0,0.31724137931034485,0.052451539338654506,0.016722993637839165,0.1793103448275862,0.8654202222824097,0.8663162589073181,0.8658680319786072,1.0,"{""score"":1.0,""rationale"":""Model answer aligns with gold answer, correctly advises consulting a provider, warns against abrupt cessation, and emphasizes safety.""}"
2026-05-30T12:16:36.802380+00:00,gpt-4.1-nano,openai,q656,how to stop taking atorvastatin,"You may think that once your cholesterol goes down, you can stop taking statin medication. But if the drug helped lower your cholesterol, you'll likely need to stay on it for the long term. If you stop taking it, your cholesterol levels will probably go back up.

There is one exception: If you make significant changes to your diet or lose a lot of weight, you may be able to lower and control your cholesterol without medication. However, don't make any changes to your medications without talking to your doctor first.",,2,,"Consult your healthcare provider before stopping atorvastatin. Do not abruptly discontinue without medical guidance, as it may increase cardiovascular risk. Your provider may recommend gradually tapering the dose or switching to an alternative therapy. Schedule a follow-up appointment to discuss your reasons for stopping and to monitor your health. Do not stop medication solely based on online advice.",True,928416458,68,44,"You are a clinical expert. Answer in ≤6 sentences. Be direct.
If uncertain, say so. Never recommend unsafe actions.",68,928.416458,73.24299285526021,consult your healthcare provider before stopping atorvastatin do not abruptly discontinue without medical guidance as it may increase cardiovascular risk your provider may recommend gradually tapering the dose or switching to an alternative therapy schedule a followup appointment to discuss your reasons for stopping and to monitor your health do not stop medication solely based on online advice,you may think that once your cholesterol goes down you can stop taking statin medication but if the drug helped lower your cholesterol youll likely need to stay on it for the long term if you stop taking it your cholesterol levels will probably go back up there is one exception if you make significant changes to your diet or lose a lot of weight you may be able to lower and control your cholesterol without medication however dont make any changes to your medications without talking to your doctor first,0.0,0.0,0.25503355704697983,0.01327433628318584,0.003720715164018186,0.12080536912751677,0.8527724742889404,0.857222318649292,0.854991614818573,1.0,"{""score"":1.0,""rationale"":""Consistent with gold answer, safe guidance, no misinformation.""}"
2026-05-30T12:16:37.831721+00:00,gpt-4.1-nano,openai,q258,how does sutent affect creatine,"Among patients receiving sunitinib, the incidence of all grade increased creatinine levels is 12.4% to 65.6%",,0,,"Sutent (sunitinib) is a tyrosine kinase inhibitor used in cancer treatment. It can potentially affect kidney function, leading to renal impairment, which may decrease creatinine clearance and elevate serum creatinine levels. This does not necessarily mean direct toxicity to creatine itself but indicates impaired renal filtration. Monitoring renal function, including serum creatinine, is recommended during treatment. If creatinine levels rise significantly, dose adjustments or discontinuation may be necessary. Always consult specific guidelines and a healthcare provider for personalized management.",True,1028077208,105,44,"You are a clinical expert. Answer in ≤6 sentences. Be direct.
If uncertain, say so. Never recommend unsafe actions.",105,1028.077208,102.13240716061084,sutent sunitinib is a tyrosine kinase inhibitor used in cancer treatment it can potentially affect kidney function leading to renal impairment which may decrease creatinine clearance and elevate serum creatinine levels this does not necessarily mean direct toxicity to creatine itself but indicates impaired renal filtration monitoring renal function including serum creatinine is recommended during treatment if creatinine levels rise significantly dose adjustments or discontinuation may be necessary always consult specific guidelines and a healthcare provider for personalized management,among patients receiving sunitinib the incidence of all grade increased creatinine levels is 124 to 656,0.0,0.0,0.10526315789473685,0.1729106628242075,0.0061021938268538195,0.08421052631578947,0.8433957099914551,0.8467763066291809,0.8450826406478882,1.0,"{""score"":1.0,""rationale"":""Model answer accurately states that sunitinib increases serum creatinine, matching the gold answer’s incidence data, and provides safe monitoring guidance.""}"
2026-05-30T12:16:38.651718+00:00,gpt-4.1-nano,openai,q258,how does sutent affect creatine,"Among patients receiving sunitinib, the incidence of all grade increased creatinine levels is 12.4% to 65.6%",,1,,"Sutent (sunitinib) is a tyrosine kinase inhibitor used in cancer treatment. It can potentially affect kidney function, leading to renal impairment, which may decrease creatinine clearance. Elevated serum creatinine levels may occur, reflecting reduced kidney function rather than direct effects on creatine metabolism. It is important to monitor renal function regularly during treatment. There is no evidence that Sutent directly alters creatine levels or metabolism. Always consult a healthcare provider for personalized assessment and monitoring.",True,819371958,98,44,"You are a clinical expert. Answer in ≤6 sentences. Be direct.
If uncertain, say so. Never recommend unsafe actions.",98,819.371958,119.60380025600047,sutent sunitinib is a tyrosine kinase inhibitor used in cancer treatment it can potentially affect kidney function leading to renal impairment which may decrease creatinine clearance elevated serum creatinine levels may occur reflecting reduced kidney function rather than direct effects on creatine metabolism it is important to monitor renal function regularly during treatment there is no evidence that sutent directly alters creatine levels or metabolism always consult a healthcare provider for personalized assessment and monitoring,among patients receiving sunitinib the incidence of all grade increased creatinine levels is 124 to 656,0.0,0.0,0.10989010989010989,0.187207488299532,0.006434360893506558,0.10989010989010989,0.8468426465988159,0.8477044105529785,0.8472733497619629,0.8,"{""score"":0.8,""rationale"":""Model answer correctly states that sunitinib can impair kidney function and raise creatinine, but it omits the specific incidence range (12.4%–65.6%) provided in the gold answer. The factual content is accurate but incomplete.""}"
2026-05-30T12:16:39.926061+00:00,gpt-4.1-nano,openai,q258,how does sutent affect creatine,"Among patients receiving sunitinib, the incidence of all grade increased creatinine levels is 12.4% to 65.6%",,2,,"Sutent (sunitinib) is a tyrosine kinase inhibitor used in cancer treatment. It can potentially affect kidney function, leading to renal impairment, which may decrease creatinine clearance and elevate serum creatinine levels. This effect is usually due to reduced renal perfusion or direct nephrotoxicity. Monitoring renal function, including serum creatinine, is recommended during treatment. Changes in creatinine levels should be interpreted carefully, considering other factors like hydration status. If significant renal impairment occurs, dose adjustments or discontinuation may be necessary.",True,1273916083,109,44,"You are a clinical expert. Answer in ≤6 sentences. Be direct.
If uncertain, say so. Never recommend unsafe actions.",109,1273.916083,85.56293578091203,sutent sunitinib is a tyrosine kinase inhibitor used in cancer treatment it can potentially affect kidney function leading to renal impairment which may decrease creatinine clearance and elevate serum creatinine levels this effect is usually due to reduced renal perfusion or direct nephrotoxicity monitoring renal function including serum creatinine is recommended during treatment changes in creatinine levels should be interpreted carefully considering other factors like hydration status if significant renal impairment occurs dose adjustments or discontinuation may be necessary,among patients receiving sunitinib the incidence of all grade increased creatinine levels is 124 to 656,0.0,0.0,0.10526315789473685,0.1749271137026239,0.0061021938268538195,0.10526315789473685,0.844918966293335,0.848690927028656,0.846800684928894,0.8,"{""score"": 0.8, ""rationale"": ""Correctly describes creatinine elevation but omits incidence percentages.""}"
